SITE_ID,n_forest_cells,total_protected_forest_area_mha,mean_carbon_percentile,mean_pest_record_probability,obs_occurrence,record_intensity,mean_sampling_effort,lon,lat,IUCN_group,governance_group,ISO3,country
30,121,1.22349509887277,0.327257376779684,0.00635733544856266,0,0,1.14478885370857,-65.9433997875043,-16.1658265229282,Not reported,Government,BOL,Bolivia
31,128,1.20304179351286,0.288399879794316,0.00770526566174407,0,0,2.54339327501195,-60.8672585404763,-14.2809205745583,Not reported,Government,BOL,Bolivia
35,64,0.68394501769949,0.181498457100861,0.00630490821602657,0,0,1.29381637649839,-68.2264096654307,-11.8550327349036,Not reported,Government,BOL,Bolivia
42,10,0.0483953996088711,0.516347605490224,0.00298438274948471,0,0,1.29082608440553,-50.1771398120219,1.50383737105735,Ia,Government,BRA,Brazil
43,6,0.060193680435298,0.179227615410274,0.00464280547397323,0,0,2.06906304161586,-56.5733871341482,-1.27100613944293,Ia,Government,BRA,Brazil
44,11,0.11280476717506,0.385452583595909,0.002812306518544,0,0,1.23418882173734,-61.7456805490183,-9.89484091438159,Ia,Government,BRA,Brazil
54,31,0.346524620335556,0.235376125531034,0.00255248954179518,0,0,1.45783562438359,-66.1101098238993,0.159886632294625,II,Government,BRA,Brazil
55,39,0.45853514751172,0.0745455131015483,0.00163043639087839,0,0,0.638740626451992,-56.8543921028765,-4.42191003824392,II,Government,BRA,Brazil
60,19,0.137394474751131,0.569620878336146,0.0607949215456925,0,0,4.91708605965653,-53.9387288663929,-25.4277724800053,II,Government,BRA,Brazil
83,105,0.347942953697192,0.498486179645917,0.00617924994329991,0,0,0.810821471921593,-74.4051213886545,-46.7263667437619,Not reported,Not reported,CHL,Chile
110,12,0.0254760547834631,0.81361548044613,0.0109902450589369,0,0,1.42476074711822,-72.2112029040937,-45.9779769257723,Not reported,Not reported,CHL,Chile
120,33,0.0661177606864439,0.509474378911914,0.0372535458546463,0,0,3.72619419323105,-72.8454429944733,-51.2705744037571,Not reported,Not reported,CHL,Chile
129,14,0.0379180996647993,0.801134502860606,0.0200419976439255,0,0,3.3689399517663,-68.2078851042003,5.18635135698782,II,Government,COL,Colombia
130,52,0.548884474064906,0.454661529985054,0.00750320944500427,0,0,2.26578214600496,-73.6032203442197,2.63188002884851,II,Government,COL,Colombia
131,41,0.428633413640995,0.443068490700092,0.0171323835447289,0,0,2.33249875551792,-76.1438491793144,7.527363294326,II,Government,COL,Colombia
132,36,0.244961277961871,0.636659295091726,0.0761910855007134,0,0,4.39472211932924,-73.6181807831826,10.8243542922512,II,Government,COL,Colombia
133,12,0.0919845731643554,0.650632078137166,0.0268689229800991,0,0,2.48594726965878,-72.0962787201058,6.50440416088342,II,Government,COL,Colombia
134,18,0.189668524960646,0.47930764526972,0.00870344857659806,0,0,1.82102397741573,-74.5745796214081,2.77887084129837,II,Government,COL,Colombia
135,23,0.245369615760925,0.0641915144221357,0.00915344142294176,0,0,3.36611482214925,-70.147594851221,-3.44934453056893,II,Government,COL,Colombia
136,5,0.028071251552819,0.647236084834383,0.0295876508585734,0,0,2.7926987817346,-75.8716888093372,2.83925003519511,II,Government,COL,Colombia
137,6,0.0397011067536642,0.521280529423113,0.03491261401249,0,0,5.067161606422,-73.9880372056105,3.90323746238631,II,Government,COL,Colombia
138,20,0.191523661290081,0.50042183104129,0.0883159488793525,0,0,5.4176221896498,-76.8775427149733,3.41224545727335,II,Government,COL,Colombia
139,6,0.0312712878373398,0.6973086200949,0.0725445977563278,0,0,4.492426211974,-75.9222458352769,3.65288915632835,II,Government,COL,Colombia
141,5,0.0336915173815372,0.517170419295245,0.0676567764478912,0,0,4.71804409415371,-76.3276790155089,2.12350871440549,II,Government,COL,Colombia
143,8,0.0348002769701534,0.720380313099911,0.138395472822213,0,0,6.99898533863564,-73.6885099562748,4.5677070381822,II,Government,COL,Colombia
183,18,0.163362955518735,0.396405693666531,0.0288021932505054,0,0,4.47186401167992,-77.6911590172304,-0.0480138033987029,II,Government,ECU,Ecuador
186,90,1.04185778064908,0.0797573765859514,0.0128998182563038,0,0,3.70290011016219,-76.0286315985809,-1.07333101011948,II,Government,ECU,Ecuador
188,24,0.191009952235114,0.482088191951204,0.0193106769499627,0,0,4.20510172526541,-78.2995259299355,-2.01617435364935,II,Government,ECU,Ecuador
236,33,0.351814039943348,0.415453560921992,0.0163498799739121,0,0,4.51415588527361,-77.6078073618574,7.92986579125477,II,Government,PAN,Panama
249,178,2.02521761314275,0.304512783333242,0.00543606101806154,0,0,1.54825066587656,-74.8029670200838,-5.22655161719057,VI,Government,PER,Peru
257,142,1.59400188907708,0.161583604523152,0.00264141941842402,0,0,1.65018029375056,-71.7123767126787,-12.0864130920751,II,Government,PER,Peru
259,14,0.0683074184065576,0.347411670795513,0.0345736664547269,0,0,3.72872890465049,-80.4039148992366,-3.95172679660102,II,Government,PER,Peru
317,11,0.0948862921713506,0.519187283074824,0.00831724040878404,0,0,2.72677263533655,-66.7599558085863,3.77523452506758,II,Government,VEN,Venezuela
318,14,0.144868195958407,0.542813342644624,0.017322832608762,0,0,1.76504231829007,-73.029685784327,9.34999827383045,II,Government,VEN,Venezuela
321,7,0.0555134378319573,0.731483459665267,0.113008401601797,0,0,5.22559139896468,-70.8340853815944,8.52744582051708,II,Government,VEN,Venezuela
322,8,0.0579345771496919,0.79736426041415,0.0983284648880153,0,0,4.57289207155739,-72.2250238775666,7.43788798581887,II,Government,VEN,Venezuela
349,6,0.0101324332567857,0.412447148365435,0.00609399480758906,0,0,0.187440945643429,21.8765083018259,-12.0947487059763,II,Not reported,AGO,Angola
350,48,0.125056650499132,0.676379929298747,0.0096299157628175,0,0,0.838439453123868,14.7887537809733,-15.2878367508695,II,Not reported,AGO,Angola
361,11,0.0502849387386678,0.718203195651521,0.35815511012013,0,0,7.35057276675577,152.269224365664,-30.0454895898203,Ib,Government,AUS,Australia
403,25,0.0559590398288744,0.161171515335562,0.175206068047218,0,0,4.80631907504648,147.801096347663,-24.9024661341693,II,Government,AUS,Australia
407,6,0.029113698608038,0.734337388866455,0.439314123136401,0,0,6.853969293872,148.562754966197,-21.0346328913309,II,Government,AUS,Australia
410,10,0.0192363761881058,0.836316492591768,0.179077274495115,0,0,5.53346171401171,144.54404204374,-14.4704032936662,II,Shared governance,AUS,Australia
606,20,0.0373786997582997,0.817835837970857,0.0121124373496179,0,0,1.25037691313371,14.6741148550176,8.67636267834011,II,Government,CMR,Cameroon
607,15,0.0335485705849897,0.738972859918505,0.017937353594025,0,0,2.34659173419933,13.7994393205144,8.28658556088016,II,Government,CMR,Cameroon
617,51,0.238109452784197,0.362245128150513,0.0983079614075391,0,0,2.92136708040711,-106.380748704773,53.9329019632181,II,Government,CAN,Canada
618,36,0.180237546485886,0.923031289587919,0.197212901485542,0,0,3.16593369641705,-100.15068368697,50.8298481499682,II,Government,CAN,Canada
619,9,0.0289293143058993,0.596575268124694,0.316574792409875,0,0,5.51893225346526,-57.6901287343532,49.5077673593341,II,Government,CAN,Canada
620,22,0.12815828361119,0.16226780744799,0.0882889882977183,0,0,2.60777445766699,-85.8945038897763,48.291890300232,II,Government,CAN,Canada
622,11,0.035540951340404,0.328586851679866,0.322927822019172,0,0,5.63768650888776,-117.532057930012,51.2809122173701,II,Government,CAN,Canada
624,13,0.0557037876477363,0.852372327148131,0.452188690455785,0,0,7.01852077150658,-60.6561184247012,46.7504608774598,II,Government,CAN,Canada
639,116,0.415859290667606,0.676662513296161,0.00153386171836091,0,0,0.110771383271967,19.7133363709185,8.04821620108433,II,Not reported,CAF,Central African Republic
642,8,0.0124466391215135,0.59610170758772,0.0102328341975524,0,0,0.323418905323037,18.0059248544769,9.41370591010146,II,Not reported,TCD,Chad
666,24,0.20570939373764,0.375520500457061,0.0179294040958791,0,0,2.87572195307915,9.50570562547475,-0.484254493194127,Not reported,Government,GAB,Gabon
669,38,0.0647273281382579,0.607363095657507,0.0188555809799928,0,0,1.53984701906966,-1.84496825907852,9.59096826778573,II,Government,GHA,Ghana
670,20,0.0473539098529694,0.183968831838601,0.0134451601760713,0,0,1.2594229698718,-0.272970317277922,7.42408677926975,II,Government,GHA,Ghana
671,14,0.0267036594060552,0.216225136484894,0.0187388323699253,0,0,1.03996431060637,-2.37174731182622,8.44890120007368,II,Government,GHA,Ghana
722,6,0.0231528639606517,0.45158571285314,0.0671058988884229,0,0,2.86107085011154,-6.03547047661766,7.02798959459785,II,Government,CIV,Côte d’Ivoire
723,7,0.023830621139955,0.56057720879531,0.0370379141554334,0,0,2.81622449819001,-7.26402354842431,7.97319671579121,II,Government,CIV,Côte d’Ivoire
726,27,0.178612260953586,0.126967091685064,0.0879045293844365,0,0,5.36922531103748,142.953726108064,43.4886154877539,II,Government,JPN,Japan
727,30,0.205107461947428,0.494013591771335,0.179259706990899,0,0,5.39927774633223,139.912959422026,38.0310530252097,II,Government,JPN,Japan
729,24,0.144467966579088,0.601761252998618,0.318589769710451,0,0,7.37597643477155,137.639925964347,36.5077901572264,II,Government,JPN,Japan
732,17,0.127787921610735,0.468169160178292,0.485687935402355,0,0,8.07763407868812,138.904960135383,35.8615453404017,V,Government,JPN,Japan
733,10,0.0601260769284895,0.220308152827357,0.197866540448987,0,0,5.83459430864737,141.171513111078,42.7532075363094,II,Government,JPN,Japan
734,9,0.0471418767635919,0.363936491115107,0.121275259743518,0,0,5.35393465958248,144.287561620654,43.5282411034703,II,Government,JPN,Japan
735,13,0.0959838323158725,0.368028461971922,0.212729926945532,0,0,6.4414829842484,140.83902214719,40.1444941355325,II,Government,JPN,Japan
736,8,0.0324918434892833,0.954338909916659,0.439013696392494,0,0,6.18716502154969,131.123694927531,32.9785037967392,V,Government,JPN,Japan
779,5,0.0123357033472926,0.65623407465482,0.0266935900490939,0,0,2.82755235009381,33.8595976715262,-10.4930910829627,II,Government,MWI,Malawi
787,9,0.0889295467042089,0.311444095682929,0.0258570735885724,0,0,6.5056521903999,114.903413660372,4.10433029903025,II,Government,MYS,Malaysia
799,16,0.0291175679572979,0.538348688315175,0.00745686191204796,0,0,0.571704896726887,32.4989327343753,-22.9862393074585,II,Shared governance,MOZ,Mozambique
800,26,0.0523358258057188,0.59227592204161,0.0109388339186452,0,0,1.84017743812163,33.7257973038582,-21.5459935722039,II,Shared governance,MOZ,Mozambique
801,77,0.319550970462917,0.368210600844167,0.0334705905583232,0,0,2.99625237533154,34.4498771374737,-18.6767562417447,VI,Shared governance,MOZ,Mozambique
803,5,0.0165789769935741,0.923496543156102,0.275886518362268,0,0,6.07686169008983,85.4074686293163,28.0415744954489,II,Government,NPL,Nepal
805,18,0.083535965386355,0.513350225951312,0.131912735526187,0,0,4.78811874311892,84.4536726093649,27.4803244064242,II,Government,NPL,Nepal
819,46,0.0768350831306112,0.7532122085889,0.0151422809479599,0,0,0.83380518870675,4.23902704764457,10.015890232305,II,Government,NGA,Nigeria
865,64,0.106171605174489,0.771056051175326,0.0602920522698433,0,0,2.55905505335834,-13.036569641101,12.9759198002929,II,Government,SEN,Senegal
873,7,0.0130141307326631,0.313758230670683,0.0346385097784492,0,0,3.09787724512345,31.3583217310848,-23.2806067563673,Not reported,Government,ZAF,South Africa
903,156,0.574234863937658,0.0927542705627929,0.00251264589954967,0,0,0.0493643493416202,28.7665500799641,6.15203778580934,II,Government,SSD,South Sudan
917,29,0.0920975055824245,0.139740047199047,0.00200080724308103,0,0,0.568528398396882,33.9466016337357,-7.94647327518309,II,Government,TZA,Tanzania
919,19,0.0847811132977058,0.507652536927766,0.0138204231129298,0,0,2.38367613325736,37.2740443912549,-7.38365898423668,II,Government,TZA,Tanzania
921,20,0.0665057602908324,0.213918809692417,0.00806148609599139,0,0,1.75599484739849,31.3168169597149,-6.96247219920155,II,Government,TZA,Tanzania
922,13,0.0582415348498685,0.699674995514905,0.0902042375471679,0,0,4.31708415159255,37.3164112918255,-3.0415507125363,II,Government,TZA,Tanzania
930,6,0.0365024559074165,0.510314692605657,0.0815667752392261,0,0,3.48885947666348,101.531537227918,16.7167195222847,II,Government,THA,Thailand
956,28,0.119492373069125,0.307421348674195,0.0123081738980431,0,0,2.5003849481914,31.8073542969643,2.16730183896024,II,Government,UGA,Uganda
960,11,0.0161784294088062,0.811362941527436,0.728388332972225,0,0,9.67512520254186,-3.70080713399831,52.7992433354085,V,Government,GBR,United Kingdom
962,10,0.0187416534135125,0.719436818066616,0.834709235346418,0,0,9.72963145984363,-0.829658179724882,54.3806754029595,V,Government,GBR,United Kingdom
963,5,0.00751089645947255,0.786877257600771,0.826575025617812,0,0,9.83566029208813,-1.70358184967584,53.3982953201829,V,Government,GBR,United Kingdom
977,6,0.0234270054918915,0.212226859347575,0.412039951853189,0,0,4.6415792229223,-88.8839563610434,47.9885286635516,V,Government,USA,United States
983,9,0.0270561732437454,0.870861578749253,0.437614380120793,0,0,6.00527199823399,-110.791353361551,43.8537959861907,II,Government,USA,United States
984,18,0.0716153233036906,0.759659308715899,0.587746334931837,0,0,7.80385148325219,-105.711763449247,40.3592026158629,II,Government,USA,United States
989,10,0.0662509300691854,0.258931281299042,0.790920683254792,0,0,7.86853630466723,-78.4776022082112,38.4811277241231,II,Government,USA,United States
990,8,0.049816054390902,0.928885730125075,0.539619283563393,0,0,6.46518468732871,-122.169257668112,42.9525702907977,II,Government,USA,United States
1009,48,0.101500437996406,0.881555088051302,0.0268243105282606,0,0,0.724156131443881,-154.63902069548,58.6226176318184,II,Government,USA,United States
1080,89,1.03129383593751,0.147314049452975,0.00113392270587696,0,0,0.166423980703906,27.581666141482,-0.41663924314666,II,Not reported,COD,Congo - Kinshasa
1082,54,0.588270389148792,0.178162221292691,0.00554873364196158,0,0,1.3522812745584,28.0079962427691,-2.1148354374327,II,Not reported,COD,Congo - Kinshasa
1085,169,0.424371132956648,0.212025650991092,0.0094889087340323,0,0,0.667971320613806,25.8643071109281,-15.0236628507866,II,Government,ZMB,Zambia
1086,76,0.199008797812235,0.139681986892173,0.0100674760909081,0,0,1.25881144907328,31.5391165060557,-13.0679070889145,II,Government,ZMB,Zambia
1088,30,0.0981275395674746,0.309917318633562,0.00787896126397383,0,0,2.15736838693933,32.0153301440619,-11.825312992871,II,Government,ZMB,Zambia
1090,16,0.06738129030908,0.212115788702303,0.00740609273509565,0,0,1.08054358570501,29.469582267864,-8.70303378223547,II,Government,ZMB,Zambia
1091,13,0.03841793565045,0.0925759704876828,0.0045259270409239,0,0,0.207137728482228,32.622509759616,-12.8321561378658,II,Government,ZMB,Zambia
1092,14,0.0668867282792805,0.234942828578777,0.00935846976292553,0,0,2.36391000449819,30.3765651773439,-8.78099379548125,II,Government,ZMB,Zambia
1093,7,0.0430935659175337,0.189235593404351,0.00329902054604661,0,0,0.276885889800529,24.7646604280899,-12.7255869678433,II,Government,ZMB,Zambia
1094,11,0.0399371019291256,0.854433617106952,0.0128196669795621,0,0,1.73057224519441,30.9006384749717,-12.2647929237827,II,Government,ZMB,Zambia
1095,6,0.0321982338367856,0.0375407342086159,0.00439212978648005,0,0,0.457072843032676,29.2225043392984,-9.42080960548203,II,Government,ZMB,Zambia
1104,5,0.00751905999835615,0.386337109991811,0.0182199898877322,0,0,2.5546307651901,32.1760600308433,-21.3190280241309,II,Not reported,ZWE,Zimbabwe
1105,12,0.0192640671594039,0.58388096049017,0.0163118728750365,0,0,1.1903520532641,27.8701649334624,-17.7065870985957,II,Not reported,ZWE,Zimbabwe
1107,5,0.00677299946626758,0.572631657881643,0.0180727363335372,0,0,2.20459940665882,28.5311403666007,-17.0701133617758,II,Not reported,ZWE,Zimbabwe
1130,7,0.0249609568278021,0.635247026718936,0.393426476447396,0,0,7.16522885964323,149.474438764619,-30.9016526814862,Ia,Shared governance,AUS,Australia
1241,28,0.0561282413075817,0.653949667885047,0.00761217104419047,0,0,0.916148300945528,12.6318756981974,8.16793251764131,II,Government,CMR,Cameroon
1242,20,0.203936002979576,0.212542639683144,0.0238519251825724,0,0,4.58739829891398,10.3087851197834,2.47072425368579,II,Government,CMR,Cameroon
1256,14,0.128855477317869,0.430945428960366,0.0395561785272932,0,0,3.33104228024899,117.257047428669,0.384927561876423,II,Government,IDN,Indonesia
1259,8,0.0761975886829844,0.523867941406301,0.00981879328948308,0,0,1.30080098086145,102.510856467878,-0.0613540405275645,IV,Government,IDN,Indonesia
1293,9,0.0243877049755012,0.347975776923259,0.0184502275814751,0,0,1.12563067497389,-5.47314127050754,8.36043749649113,Ia,Government,CIV,Côte d’Ivoire
1300,11,0.1171624988859,0.258952012911857,0.0127270537443413,0,0,2.91443824780518,112.133396387208,1.57458537753732,Ia,Government,MYS,Malaysia
1308,12,0.0597477570044711,0.407595436378165,0.0541491667008059,0,0,3.18685700422007,81.4878606559481,28.4508891549139,II,Government,NPL,Nepal
1337,11,0.0769815716049447,0.82945270571246,0.0388075461582127,0,0,3.04722301021194,121.168685038505,12.8074544097289,II,Government,PHL,Philippines
1338,12,0.0346639816692113,0.915855518826025,0.853554157616011,0,0,8.47142284785322,-7.56419449186908,40.3988040690982,V,Government,PRT,Portugal
1369,6,0.0100767843419586,0.351088348095813,0.0063254468521697,0,0,0.259869585450932,33.4145922959917,4.0847237543548,VI,Government,SSD,South Sudan
1371,83,0.214299074976357,0.232609765286247,0.00460462593960459,0,0,0.060510053978734,33.9617675293875,6.8153897338526,II,Government,SSD,South Sudan
1406,15,0.0841592874152751,0.771150249274806,0.041857200487223,0,0,2.58605890919058,98.7231920612935,17.2880559980275,Ia,Government,THA,Thailand
1408,11,0.0683550032363673,0.563366827811922,0.0718246362231468,0,0,3.35056108486022,101.582329773599,16.3448877748084,Ia,Government,THA,Thailand
1411,10,0.0644234182639344,0.482129264849964,0.13011032629096,0,0,5.27410892642395,98.1613420242743,19.4524452012109,Ia,Government,THA,Thailand
1413,6,0.0248809845884989,0.667220469992237,0.0826770164850961,0,0,4.41208838888282,101.492519772996,17.2061933098469,Ia,Government,THA,Thailand
1414,8,0.0384226710287934,0.703417315355033,0.0666943099703595,0,0,3.42342464909234,99.2501311335637,14.4607531819017,Ia,Government,THA,Thailand
1416,5,0.0379466537486931,0.547487772079565,0.050935573891215,0,0,2.95267896022736,97.7854043315205,18.1363361065706,II,Government,THA,Thailand
1478,5,0.00761248038466152,0.346819461910163,0.0150524532752364,0,0,1.50112996415809,27.8314998890838,-17.3274450046024,VI,Not reported,ZWE,Zimbabwe
1496,7,0.0495261562164844,0.68347646384589,0.149567175834578,0,0,5.73753121282233,106.487956937234,-6.74302541794186,II,Government,IDN,Indonesia
1499,16,0.136318546559623,0.235077532000854,0.0901029250253242,0,0,5.07157753809409,129.452499917283,-3.08812999246647,II,Government,IDN,Indonesia
1678,19,0.0590585751488917,0.258253811776729,0.215945365996835,0,0,5.16358443470327,25.1250449735496,57.2833471303539,II,Government,LVA,Latvia
1683,5,0.0155884576643375,0.459993928498428,0.242517293769648,0,0,6.56806059232294,26.0545898597499,55.3451886422345,II,Government,LTU,Lithuania
1899,104,1.1031900937359,0.194213137931082,0.00865082637130293,0,0,0.965277935115408,115.576430836279,3.02693306165928,II,Government,IDN,Indonesia
1917,7,0.0390440614286489,0.855423131849851,0.0144456718997423,0,0,0.73613731874371,110.390325787326,-2.63933698477349,Ia,Government,IDN,Indonesia
1991,9,0.0134879754168746,0.355836201170075,0.0243451898160095,0,0,3.38158438528743,26.9786370785373,-18.8790332667001,II,Not reported,ZWE,Zimbabwe
2008,17,0.0656666192329188,0.117342216700791,0.240943459931852,0,0,6.51993574209919,24.0183639680383,52.7220673028297,Not reported,Not reported,BLR;POL,BLR;POL
2010,10,0.033320080575813,0.52586349470555,0.0501865192897678,0,0,4.12739497396708,35.6260427717324,-3.14844338269379,Not reported,Not reported,TZA,Tanzania
2011,9,0.0370620244114402,0.419261028845191,0.434575389771679,0,0,6.68190441133951,-112.233757358226,36.2980657884695,Not reported,Not reported,USA,United States
2013,94,0.355341275115716,0.870937390198454,0.289337563177401,0,0,4.85802532569798,-110.58647597644,44.6143655398793,Not reported,Not reported,USA,United States
2018,75,0.197284343245763,0.575681330377509,0.0484688038971714,0,0,1.68829789897714,-136.975744800787,59.1124717085068,Not reported,Not reported,CAN;USA,CAN;USA
2037,30,0.330618925971725,0.286584938493208,0.00907141747178746,0,0,2.29407879618811,-67.3247438646816,-15.0110994205553,Not reported,Not reported,BOL,Bolivia
2062,7,0.0231426197726079,0.344605053239546,0.660857618454863,0,0,8.03532271847118,14.8257043273269,49.0438283749915,Not reported,Not reported,CZE,Czechia
2164,156,1.00241564239243,0.0707609593885052,0.0152467657191352,0,0,2.63595082316584,136.128511155757,45.3808608110492,Not reported,Shared governance,RUS,Russia
2171,5,0.0148726972944051,0.695729100329862,0.342292398437951,0,0,5.19891847447239,15.4554487881883,44.4607604800996,Not reported,Not reported,HRV,Croatia
2172,22,0.248479296177629,0.315049988014699,0.00681135226606017,0,0,2.19653694993228,24.769762275223,0.967814715800895,Not reported,Not reported,COD,Congo - Kinshasa
2218,5,0.0423127158162199,0.437079752270532,0.0166312907073073,0,0,4.56842367114637,-61.6402031540678,3.39312037017407,Ia,Government,BRA,Brazil
2257,15,0.0425849795433388,0.685537712303509,0.00252369056826511,0,0,0.426087739367482,20.0570956154266,8.60652069810485,IV,Not reported,CAF,Central African Republic
2259,106,0.556113657554027,0.27338912941274,0.000856051876741774,0,0,0.0273880231719103,25.1691398320127,6.59360463294408,IV,Not reported,CAF,Central African Republic
2260,43,0.102578789253735,0.143226472583366,0.00107711569953839,0,0,0.0266905275082231,22.2878234567605,9.06237717074791,IV,Not reported,CAF,Central African Republic
2261,51,0.111922449909892,0.283246964539172,0.00185141364062233,0,0,0.191626797599877,23.3289213472805,9.15364081813827,IV,Not reported,CAF,Central African Republic
2262,26,0.110262052542348,0.568841378091853,0.00165996182374469,0,0,0.0943337050064584,19.261910665929,7.73014083082298,IV,Not reported,CAF,Central African Republic
2264,19,0.0704628891209862,0.542273530668424,0.00238527175004302,0,0,0.176786645256472,17.5330739428541,7.60163096750312,IV,Not reported,CAF,Central African Republic
2265,6,0.0275622602230994,0.0394021523819988,0.0021169013281466,0,0,0.561437015769174,19.9756513772079,7.36843829842288,IV,Not reported,CAF,Central African Republic
2266,29,0.096757310101547,0.699629699718461,0.00653604379271425,0,0,1.52047175657476,15.4291215709331,-2.74313099146079,IV,Government,COG,Congo - Brazzaville
2277,6,0.0125446607411243,0.162813363089752,0.00584103287689629,0,0,1.69315666237479,36.3372890609094,5.65919969518522,II,Government,ETH,Ethiopia
2280,10,0.0232243752422437,0.298300644399026,0.00295013981937241,0,0,0.774817403868244,35.9444488183017,6.07701007201196,II,Government,ETH,Ethiopia
2281,6,0.0511966792517144,0.372510172430244,0.0150547263822705,0,0,2.73207713581562,39.6494161664306,6.55881134222684,II,Government,ETH,Ethiopia
2315,6,0.0118210028760409,0.311368238501532,0.0244294072439194,0,0,2.0402854107989,34.5372524495082,-16.2088915539966,II,Government,MWI,Malawi
2316,5,0.00692337560331448,0.444406935940786,0.0517196119195983,0,0,3.96106131392476,35.3795534687909,-14.8097985411032,II,Government,MWI,Malawi
2319,5,0.0131222739807013,0.555284251005946,0.0140198028148304,0,0,1.98914790725608,34.5997599626785,-15.9223932378639,IV,Government,MWI,Malawi
2320,5,0.00923709043054946,0.40133816478958,0.0559737168205949,0,0,4.39101908193652,35.0706744280108,-16.7339822538657,IV,Government,MWI,Malawi
2325,7,0.00844960654643188,0.379674223551998,0.0159752626561488,0,0,0.658531368175203,-8.62623696567238,12.6596316878993,IV,Government,MLI,Mali
2336,14,0.0191507012423087,0.155025021441512,0.00430782469593747,0,0,0.0833633401575271,35.1875015584253,12.0261698194843,II,Government,SDN,Sudan
2337,13,0.0209352718623686,0.265195072495361,0.00657209518615899,0,0,0.379335012551917,31.8704153130751,5.4429903764676,II,Government,SSD,South Sudan
2340,20,0.0510368777339912,0.568345886781862,0.0313103007810621,0,0,3.28416331263728,0.775362964830936,8.65348913884583,II,Government,TGO,Togo
2499,11,0.112000450724228,0.0886498073730013,0.00883400619439439,0,0,2.67914475292529,-75.8575291863414,-0.130140524058663,VI,Government,ECU,Ecuador
2524,10,0.0186670767845638,0.474840599083005,0.0163494233173378,0,0,1.57113741787532,29.1789347149107,-16.5950674347054,VI,Not reported,ZWE,Zimbabwe
2527,22,0.0420886348536766,0.39711308237992,0.0249763873507744,0,0,1.94299641814721,29.074912103669,-16.1932010062956,VI,Not reported,ZWE,Zimbabwe
2529,5,0.00580630620639101,0.231237174232052,0.0314720492269969,0,0,3.81360285299006,25.5936894122269,-17.9783349911731,VI,Not reported,ZWE,Zimbabwe
2555,6,0.00804422582567397,0.219785307478603,0.00190199934559307,0,0,0,21.5527751118315,9.98875068145734,IV,Not reported,CAF,Central African Republic
2572,68,0.117728370178778,0.572760670340517,0.133195711102322,0,0,5.95718493698211,132.439593543072,-12.6354093417903,Not reported,Not reported,AUS,Australia
2606,10,0.0612496372965817,0.364607236154333,0.476534191059113,0,0,7.42284675664248,149.808021742944,-35.8747348977019,Ib,Government,AUS,Australia
3012,52,0.533024978491197,0.076715393378982,0.00714248866624757,0,0,2.96116091263591,13.0619469269578,3.13457449964342,Not reported,Not reported,CMR,Cameroon
3014,25,0.110638658367111,0.21380992974842,0.0354972671179669,0,0,3.17627682882451,127.969160549952,41.9687181803883,Not reported,Not reported,CHN,China
3036,12,0.0860681040849369,0.777328177504571,0.246525433864917,0,0,6.89887321651262,136.762190732694,36.1828236015564,Not reported,Not reported,JPN,Japan
3051,13,0.0659876817806709,0.47378196601315,0.0297803491492789,0,0,4.80270287003413,29.9684742994429,-0.325213474841921,Not reported,Not reported,UGA,Uganda
3066,23,0.0997415147747,0.275055851613726,0.00503388172629976,0,0,0.252778559830248,17.8630204882212,-11.6178686824399,IV,Not reported,AGO,Angola
3092,7,0.0376908401277492,0.446798398185813,0.620905245454714,0,0,7.89963867561566,138.224456214128,36.093780203531,V,Government,JPN,Japan
3093,5,0.0255217717583394,0.735092289304167,0.52452484516972,0,0,6.31318049517454,136.403809177438,35.0352636873403,V,Government,JPN,Japan
3095,5,0.0293522119019304,0.649607148939475,0.608207948814482,0,0,8.78040799688989,139.15701477587,35.4760562723528,V,Government,JPN,Japan
3108,10,0.0762372453354755,0.577268678182953,0.129429896071414,0,0,5.24000918853207,139.149632717872,37.1741364562945,II,Government,JPN,Japan
3109,14,0.0975323569995903,0.396474571740947,0.197148630693021,0,0,6.32544008510758,140.683267360339,38.9505410405265,II,Government,JPN,Japan
3149,7,0.0636036080827373,0.493737244202162,0.0335954011997812,0,0,4.75242753323345,102.15139564458,3.74133397954728,Ia,Government,MYS,Malaysia
3237,17,0.158721967343608,0.461314356762551,0.0933962199036482,0,0,5.23324522361606,120.162613277397,-1.49701673652202,II,Government,IDN,Indonesia
3266,11,0.0706017479331515,0.564564368735186,0.32664869500558,0,0,6.91007122890939,134.472710492845,35.3720148789542,V,Government,JPN,Japan
3275,9,0.0554887088349199,0.805683486686834,0.314976028377746,0,0,5.34671233511404,131.085641176479,33.3538245771155,V,Government,JPN,Japan
3370,14,0.13575929379993,0.236549857445767,0.0263102708620314,0,0,6.12607694092769,-69.3145318619229,-12.8817638248161,VI,Government,PER,Peru
3468,6,0.0495740500991801,0.514008527503196,0.0502281911584347,0,0,3.41011644605942,117.954433624675,4.59406094518412,Ia,Government,MYS,Malaysia
3702,6,0.0561173005261024,0.537467001079901,0.0200388800961211,0,0,2.70812780684729,101.664758442611,3.94070528409405,VI,Government,MYS,Malaysia
4081,101,0.171133693699773,0.233301141487903,0.00957042127345545,0,0,0.70147905788554,22.7989078219206,-15.6070650968258,VI,Shared governance,ZMB,Zambia
4082,32,0.127918441883227,0.192287729014156,0.00515400488779872,0,0,0.283233307637184,25.5102169953445,-14.1737989102604,VI,Shared governance,ZMB,Zambia
4083,14,0.0766814125217316,0.102857215796608,0.00433369761919626,0,0,0.354657782053791,24.599199459498,-13.7336159759736,VI,Shared governance,ZMB,Zambia
4084,36,0.206754443157484,0.368243146858769,0.00383299212348682,0,0,0.45892952442716,25.1802364674138,-12.6865830936352,VI,Shared governance,ZMB,Zambia
4085,28,0.195695442464239,0.2228078178603,0.00529707696526003,0,0,0.63934026919416,24.5052087365559,-12.8070564239946,VI,Shared governance,ZMB,Zambia
4087,74,0.397931675221437,0.227945603115815,0.00404957265071538,0,0,0.0965504795627744,26.8588655346531,-13.7080336401972,VI,Shared governance,ZMB,Zambia
4088,14,0.0281057266521325,0.232766102810333,0.00890729865185587,0,0,0.270126639712879,25.4944758172143,-16.8784705106968,VI,Shared governance,ZMB,Zambia
4089,17,0.0311078932178011,0.447269505679949,0.00513918011706973,0,0,0,25.3124560551741,-16.4702092896502,VI,Shared governance,ZMB,Zambia
4093,9,0.0244604827525107,0.150837550789627,0.00976810219716867,0,0,0.31687290961309,26.374038686342,-15.5244654897625,VI,Shared governance,ZMB,Zambia
4094,26,0.0781507183761611,0.0676190797740412,0.0125590520283344,0,0,1.1197149677853,26.3986482705513,-15.1963999626176,VI,Shared governance,ZMB,Zambia
4095,79,0.198323239417613,0.262337503423069,0.00892347342309252,0,0,0.472107450161392,29.6796682514364,-14.7727482708637,VI,Shared governance,ZMB,Zambia
4097,33,0.101804085495355,0.372519024939035,0.00643529144519261,0,0,0.194289743163921,30.4110180322233,-14.2491311626041,VI,Shared governance,ZMB,Zambia
4098,24,0.0709905726115983,0.339357635710147,0.00541328122364257,0,0,0.472864453098956,30.6382037875073,-13.7073854528105,VI,Shared governance,ZMB,Zambia
4099,9,0.0285559546992396,0.461422647578337,0.00844670011845966,0,0,0.273996401067689,31.3469842186281,-13.8478899251917,VI,Shared governance,ZMB,Zambia
4100,34,0.0965840482474364,0.155251306275889,0.0134741258225269,0,0,1.70541253399546,31.9920052762764,-13.3670097902198,VI,Shared governance,ZMB,Zambia
4101,32,0.0818453853923866,0.194199176872252,0.00899403287302888,0,0,0.701460261985739,32.4611860264584,-12.5344821738775,VI,Shared governance,ZMB,Zambia
4102,131,0.402497187839579,0.333102394448109,0.00776528599668777,0,0,0.693933066325543,32.7333429915943,-11.2236337746014,VI,Shared governance,ZMB,Zambia
4103,6,0.0278510923645757,0.208264135363437,0.00533801851074502,0,0,0.250037608622827,27.5230760269258,-13.557698984181,VI,Shared governance,ZMB,Zambia
4104,17,0.0664364461400781,0.186280018793852,0.00391574987710078,0,0,0.742305049619864,31.5614116184885,-12.3587505182861,VI,Shared governance,ZMB,Zambia
4105,25,0.0878641670238093,0.579885359754523,0.0169121176391991,0,0,1.72808810674558,30.1897910150005,-12.502492869007,VI,Shared governance,ZMB,Zambia
4106,15,0.056490309995112,0.699155616238908,0.00802957676002747,0,0,0.682423363408002,30.6930937826765,-12.1117347870571,VI,Shared governance,ZMB,Zambia
4108,7,0.0219789130066739,0.245504041643983,0.00710965485199874,0,0,0,30.724676310392,-10.9760020597936,VI,Shared governance,ZMB,Zambia
4110,22,0.092814870358862,0.24850970605068,0.0127366906011391,0,0,1.81944388494865,30.0851583205794,-8.66402580914431,VI,Shared governance,ZMB,Zambia
4111,16,0.0672371775948985,0.20154508640281,0.00565699473837918,0,0,0.0487908936942861,29.1897518619744,-12.0915955231578,VI,Shared governance,ZMB,Zambia
4162,33,0.096922062026429,0.484077520674434,0.0248251162505663,0,0,0.61667400444755,-82.8565864121258,54.3518262757011,Ib,Government,CAN,Canada
4166,16,0.0983294231020826,0.0659146502867117,0.331360981613265,0,0,5.06412620559527,-84.7303202751628,47.6208793519139,II,Government,CAN,Canada
4168,12,0.043098449662447,0.312832629398389,0.171979914183345,0,0,3.1676089192512,-95.3718418555593,50.1280830159637,II,Government,CAN,Canada
4170,5,0.0149808996628711,0.736740173307906,0.0535838979115111,0,0,1.46770826774402,-101.262969690303,51.7764039008708,II,Government,CAN,Canada
4176,97,0.285281729641705,0.655035919525024,0.0172373389408679,0,0,0.827292909297419,-128.586360659575,57.6585157766732,II,Government,CAN,Canada
4177,62,0.249661975827881,0.13728144104357,0.14069091806597,0,0,2.95132560253391,-120.029820130343,52.2173135527506,II,Government,CAN,Canada
4178,17,0.0401943936982564,0.322064615549498,0.0632239406075708,0,0,2.67074676760825,-133.723463902617,59.2713472261724,II,Government,CAN,Canada
4179,15,0.0459799907155968,0.698026125168174,0.182109108254262,0,0,4.28992953509171,-122.719783403105,49.9528073040221,II,Government,CAN,Canada
4180,9,0.0224827973691482,0.326502134078941,0.0171755675802414,0,0,0.53352500872414,-125.157518365929,57.7669053675911,Ib,Government,CAN,Canada
4181,31,0.110175152323368,0.420938565369778,0.0333537889006356,0,0,1.84377569428832,-130.774171596709,57.8158359200609,Ib,Government,CAN,Canada
4183,11,0.0264149470696332,0.734158131999083,0.0308704200155042,0,0,2.45749959652932,-127.343092583065,57.0167391525359,Ib,Government,CAN,Canada
4184,8,0.0226612802143414,0.25467507131404,0.171844786932336,0,0,4.53753099921244,-131.910874825631,53.8613675197118,II,Government,CAN,Canada
4200,35,0.210730209100877,0.453986398880721,0.0963671062186589,0,0,3.0531296097461,141.537541353995,-8.95326915271871,Not reported,Community/Indigenous,PNG,Papua New Guinea
4325,8,0.0463532548286288,0.738017558395162,0.578080824591638,0,0,7.74916373431315,-124.015869253532,41.3520189232688,Not reported,Not reported,USA,United States
4327,56,0.338930712276494,0.328311840673501,0.0063434442812206,0,0,1.62708681493683,29.5250213326293,4.19195689720617,Not reported,Not reported,COD,Congo - Kinshasa
4493,44,0.0607118595589624,0.394842407507794,0.0052965139545768,0,0,0.152203533100278,21.8868687214217,-17.1006838119349,II,Not reported,AGO,Angola
4652,7,0.0179179920070028,0.490366717674317,0.0609858623457848,0,0,4.90900500826795,32.7404713772239,-26.5576907880535,II,Shared governance,MOZ,Mozambique
4840,15,0.0594083873975089,0.966051173352453,0.869258759101033,0,0,8.51293037308688,-5.073479414245,43.0227205617806,V,Government,ESP,Spain
4904,28,0.206825267586083,0.53698930100256,0.109921803368138,0,0,6.32211219334662,-45.9272563648996,-23.7179894334013,II,Government,BRA,Brazil
5000,11,0.0579212448753875,0.711518221519334,0.272780148972865,0,0,6.20224831588792,146.248070226425,-42.7212620581343,Not reported,Not reported,AUS,Australia
5005,148,0.646510475117022,0.435639522223659,0.00461195108772589,0,0,1.06441057641318,37.2653254063754,-8.87134211876375,Not reported,Not reported,TZA,Tanzania
5066,9,0.0566619005204264,0.564610049940753,0.127527878812967,0,0,5.16139636449124,90.5120332333164,27.1870510245376,II,Government,BTN,Bhutan
5081,110,0.19234279389286,0.637538544996741,0.00424886588262679,0,0,0.375099978690618,20.3287832750575,-15.7149229067051,II,Not reported,AGO,Angola
5083,14,0.114442310047576,0.760159302848111,0.186762460665726,0,0,8.52748267688088,-83.1420704787715,9.32716031421937,Not reported,Not reported,CRI,Costa Rica
5118,13,0.0757017269631345,0.739034430802267,0.0558986878078747,0,0,2.87664868642479,98.9760930505193,14.7088877670859,II,Government,THA,Thailand
5126,31,0.287558764139497,0.466028747998783,0.00120376959201612,0,0,0.410012009518031,-62.7292946052008,-12.5167687192197,Ia,Government,BRA,Brazil
5164,37,0.0504457138068073,0.141822872663359,0.00799413150199563,0,0,0.147011663174251,19.1731705997328,10.2398115660624,IV,Not reported,TCD,Chad
5188,86,0.181309792599501,0.583601347648391,0.0149851117252939,0,0,2.72424355736548,-3.71835978462958,9.11976347644385,Not reported,Government,CIV,Côte d’Ivoire
5196,90,0.531349606172346,0.984148608792943,0.110879908940502,0,0,4.44270460807713,-71.6546051587791,-38.7481129864794,Not reported,Not reported,CHL,Chile
5394,9,0.0521246998776255,0.190324506908325,0.716181677878609,0,0,8.44606438283592,-100.226750622878,25.3986715693929,II,Government,MEX,Mexico
6010,8,0.0347296651460227,0.447491067518676,0.348855820378673,0,0,6.13214716963695,14.6492297560763,37.9490686101496,IV,Government,ITA,Italy
6256,6,0.0157177520095465,0.34108497959006,0.962873565849847,0,0,8.90598149910193,0.76261652359358,49.4599709132561,V,Government,FRA,France
6258,12,0.0545815410981784,0.586000916663656,0.886890306787955,0,0,8.69355890207095,2.44181348777215,43.5618528667494,V,Government,FRA,France
6259,16,0.0334094660611475,0.549846554733213,0.87044358255055,0,0,8.67325938665787,6.00281904585264,48.9100189683546,V,Government,FRA,France
6260,29,0.0923424554180784,0.752638254735246,0.796098033539009,0,0,10.0689018148626,4.02300570800473,47.174739423839,V,Government,FRA,France
6263,5,0.0104987509985851,0.392713948210009,0.93806979291312,0,0,9.98087595117965,4.01144214796372,49.136326515514,V,Government,FRA,France
6295,7,0.0118964633305765,0.891073788861728,0.836377580135499,0,0,8.03578374616806,-3.89260614037952,48.3924172275096,V,Government,FRA,France
6307,12,0.0431308388805942,0.321350600407291,0.875121360010151,0,0,9.23738387355832,7.45498024530061,48.9453002196755,V,Government,FRA,France
6308,41,0.101388924844052,0.909129010230108,0.802207959799595,0,0,10.3545899179097,2.81839267057344,45.4304748749984,V,Government,FRA,France
6312,7,0.0228798099977362,0.605120358709917,0.866776644393701,0,0,10.1644009616241,4.56840836357201,45.3740559895211,V,Government,FRA,France
6313,8,0.0378255249404447,0.739708678865509,0.724907789998215,0,0,10.5368126173323,5.38939444066829,44.982768594624,V,Government,FRA,France
6927,5,0.0178756921248586,0.589485798751907,0.471771830200273,0,0,7.78061440032563,12.4311594847329,59.4865437856305,V,Government,SWE,Sweden
6952,9,0.0150678767227265,0.459144336000678,0.0818776322144014,0,0,5.51395795429186,3.22606098352319,10.5902988703883,Not reported,Not reported,BEN,Benin
6953,8,0.0126855235125594,0.730564549632243,0.0517461193089986,0,0,4.75061548525424,2.28031490336191,10.6005454794606,Not reported,Not reported,BEN,Benin
6954,17,0.0301740320702921,0.727547371872818,0.0894950074344975,0,0,6.3368112106143,2.27764040580339,9.57680050787693,Not reported,Not reported,BEN,Benin
6955,6,0.0147837533189621,0.83448016921677,0.114918680441715,0,0,7.48124821149012,2.18375664760379,8.99268990822299,Not reported,Not reported,BEN,Benin
6956,16,0.043434230584881,0.5889608352498,0.0740719888898602,0,0,6.37273834898574,2.01587701904417,8.71216071477248,Not reported,Not reported,BEN,Benin
7403,14,0.0303082735690124,0.384200193307712,0.00359093299258516,0,0,0.736442717968337,36.1897393937753,6.04275995624432,IV,Government,ETH,Ethiopia
7409,12,0.0848260854126598,0.197307449661336,0.0211229240300787,0,0,3.73327999826054,-8.48607114281972,5.41498001015997,Not reported,Government,LBR,Liberia
7417,5,0.0210930324999955,0.599202503582761,0.0307229234079541,0,0,1.88672864424566,-12.0258559539508,9.78311313280563,II,Not reported,SLE,Sierra Leone
7425,116,1.36520947460378,0.0666268472692182,0.00341755566168691,0,0,1.30119284462388,14.9196299958683,1.01093397384389,Not reported,Not reported,COG,Congo - Brazzaville
7426,7,0.0114110720965839,0.578521123932891,0.0216641341111359,0,0,1.51449322358924,31.8361402643651,-17.0056662594209,VI,Not reported,ZWE,Zimbabwe
7429,8,0.0147409328169868,0.704088571362461,0.0115928389417139,0,0,0.923773942441376,30.2775401915554,-16.4212938784009,VI,Not reported,ZWE,Zimbabwe
7434,6,0.0207493924071948,0.809290057420742,0.0108884035602618,0,0,2.2560809858084,38.6916831342846,-5.97624079182409,Not reported,Government,TZA,Tanzania
7438,8,0.024502021330657,0.301716101185046,0.00317261726652965,0,0,0.768493528658661,32.3024279383439,-7.04313850722319,IV,Government,TZA,Tanzania
7461,22,0.192594969872794,0.312245988670158,0.00446556723719871,0,0,0.825344727030227,-77.1670185535672,-7.70409439896419,II,Government,PER,Peru
7465,8,0.0382088436634598,0.362544399733936,0.073236459264382,0,0,3.842810087684,5.24665183036981,6.30150969237243,Not reported,Government,NGA,Nigeria
7521,6,0.033566510452623,0.276623501845624,0.0212168091359555,0,0,2.77831575360669,29.8924321983357,-6.20747220792795,II,Government,TZA,Tanzania
7834,8,0.0155870829965565,0.569585484377571,0.00930063619426238,0,0,0.252451348837796,5.95023705046596,8.4390604202693,Not reported,Government,NGA,Nigeria
7860,10,0.012312947977575,0.621918792537215,0.0242066747024326,0,0,0.85385473457728,8.9853606956077,10.7689841529775,IV,Government,NGA,Nigeria
7873,34,0.153588764099264,0.391039521927533,0.00803573822361651,0,0,0.893006037792049,11.6961210783197,7.45891794013614,II,Government,NGA,Nigeria
7910,5,0.0255019131074347,0.780995406185495,0.00939787811384414,0,0,3.78922221163881,-74.0702947813381,-42.4515371334878,Not reported,Not reported,CHL,Chile
7912,10,0.0836707527888587,0.379590349992361,0.0608512269109755,0,0,7.25888482391741,-78.9985003542079,-4.27424324836799,II,Government,ECU,Ecuador
7938,16,0.0555372167150315,0.175847680544071,0.00712101508563388,0,0,0.623724835634955,39.1532586572138,-14.409357920634,IV,Government,MOZ,Mozambique
7957,5,0.011536922792553,0.616226704507755,0.0717986420931615,0,0,5.07578518326769,1.7352839249802,8.28724796540816,Not reported,Not reported,BEN,Benin
7962,39,0.106346244455862,0.502073272519562,0.00834565561922657,0,0,0.793600777657962,29.7512614739631,-15.4301073967555,II,Government,ZMB,Zambia
7996,10,0.0629393689116261,0.642609318598433,0.0599900801875931,0,0,3.20970110478577,90.764761620952,26.9126353595897,II,Government,BTN,Bhutan
8027,10,0.0575311077956659,0.478055252254168,0.0711798164944997,0,0,3.14005043677392,93.8167411496119,21.4083129894768,II,Government,MMR,Myanmar (Burma)
8067,22,0.205079652051715,0.255937218654911,0.06401238341131,0,0,0.863837350136433,136.311331334564,-3.79454105866407,Ia,Government,IDN,Indonesia
8068,7,0.0783823267369648,0.245998073527115,0.0338740387758433,0,0,0.79061533260309,135.824198365302,-3.74738838636657,Ia,Government,IDN,Indonesia
8073,64,0.672057885512151,0.234733558992389,0.0276550332328795,0,0,0.708142677603582,140.203126980731,-4.25121306042536,Not reported,Government,IDN,Indonesia
8074,144,1.45239221602601,0.216450639530958,0.011437444617231,0,0,0.726293288771213,138.603958892666,-2.79506527656096,Not reported,Government,IDN,Indonesia
8101,5,0.0411929016745436,0.277641267972371,0.0638993810182596,0,0,4.00384000101725,134.558907067252,-2.70026036050551,Ia,Government,IDN,Indonesia
8103,29,0.290364324944473,0.163704140417846,0.0191414502523564,0,0,1.76793371690253,132.751638426814,-0.679422617117274,IV,Government,IDN,Indonesia
8104,6,0.0568445091443351,0.382889292250441,0.136400314312154,0,0,5.83501052022448,134.056613783884,-1.21011388925383,Ia,Government,IDN,Indonesia
8106,9,0.0922010595523644,0.0898186053448896,0.00593411050476415,0,0,0.0937148477035776,133.050681413344,-3.90210084506223,Ia,Government,IDN,Indonesia
8109,7,0.0488943631551762,0.371856665678522,0.0144295894581944,0,0,0.0925159340684936,140.461606059293,-7.26350007200887,IV,Government,IDN,Indonesia
8114,5,0.0351514559666795,0.185642487681327,0.0152546164890795,0,0,2.58831559399176,130.823486733167,-1.0003216528818,Ia,Government,IDN,Indonesia
8117,9,0.0684851122321115,0.273421906672953,0.0663192510856467,0,0,2.20430975336871,136.284177903321,-1.7585368592645,Ia,Government,IDN,Indonesia
8552,6,0.0308719558063295,0.558143908591675,0.0357133055697707,0,0,2.25753350001169,116.713730063262,0.234661682884938,IV,Government,IDN,Indonesia
8673,73,0.771172866456178,0.176268612575535,0.00346448017742087,0,0,0.85112139325006,113.273090362874,1.23323089980377,II,Government,IDN,Indonesia
8702,5,0.023379030493363,0.807328206228249,0.0492238564435599,0,0,0.830549365226079,118.016138045442,-8.25366608619788,IV,Government,IDN,Indonesia
8795,10,0.0975002818126154,0.423612543302372,0.0358982637101448,0,0,3.80395888518536,118.697373993293,5.24502590995329,Ia,Government,MYS,Malaysia
8796,5,0.0314744207792103,0.489251549147251,0.0652203572607248,0,0,5.18569461542368,116.111217107701,5.58800009188378,II,Government,MYS,Malaysia
8810,10,0.10511011048185,0.289161705434474,0.0176030429517322,0,0,4.20590615527855,116.920372586461,4.82173556700776,Ia,Government,MYS,Malaysia
8841,5,0.0433549518533247,0.467720027124181,0.0281191194517159,0,0,1.24834740029426,120.212382203661,0.573203981875971,Ia,Government,IDN,Indonesia
8877,7,0.0538818851833489,0.371729242525128,0.0388316412309762,0,0,2.27026772943301,122.989713859995,-4.62732298372358,IV,Government,IDN,Indonesia
8945,6,0.0528882418106045,0.150398404405602,0.0286546245094483,0,0,3.17737139166837,130.112149958409,-1.94212231324397,Ia,Government,IDN,Indonesia
8950,11,0.107757092397102,0.503703788453817,0.018579500689985,0,0,2.15234060462774,101.006160227864,-0.277364217445908,IV,Government,IDN,Indonesia
8953,6,0.049473964416324,0.586795507373514,0.00853810357986398,0,0,0.197317583418173,101.699401610549,1.13062422148064,IV,Government,IDN,Indonesia
9035,52,0.222604793248858,0.5080315203878,0.00808091266769536,0,0,1.1920859664146,39.9715851125999,-12.5541708556441,V,Government,MOZ,Mozambique
9170,8,0.0570287372479853,0.569418453259117,0.0358334494259226,0,0,2.26584788623249,-7.48532159505612,5.57946137913503,Not reported,Government,LBR,Liberia
9171,7,0.0633634494263781,0.417336256195752,0.0226060800699465,0,0,2.57383890968522,-10.8335262236467,7.48841920339645,Not reported,Government,LBR,Liberia
9301,6,0.0553031121088619,0.31981973128136,0.0185648701288646,0,0,0.885680140190098,140.665112493872,-7.61779743378749,Ia,Government,IDN,Indonesia
9400,39,0.420975261036999,0.124062334392272,0.00422537136842075,0,0,1.5853200601179,-75.232277755345,0.154827571443743,II,Government,COL,Colombia
9409,11,0.0455721101722176,0.308747929573378,0.71237613637072,0,0,9.23772277931963,16.1184038037507,48.1647679557559,V,Government,AUT,Austria
9424,16,0.0589105010834652,0.670494544073081,0.0173165132249964,0,0,3.04704903124458,-72.4699278165219,-44.3604695559401,Not reported,Not reported,CHL,Chile
9441,5,0.0179241716061976,0.926369864285702,0.00861358343484929,0,0,0.591499109468898,-71.7909909958131,-43.9310647765568,Not reported,Not reported,CHL,Chile
9445,72,0.291303748152893,0.660243767570824,0.00491773705930867,0,0,0.506195721970821,-74.2864897024023,-45.5787997892017,Not reported,Not reported,CHL,Chile
9452,38,0.0928368315588574,0.395935873875597,0.00565003528775875,0,0,0.146046171564617,-74.6830284605405,-48.1260400188787,Not reported,Not reported,CHL,Chile
9779,42,0.424168755689053,0.292722902792057,0.023672619730503,0,0,3.53062312276077,-64.0108952831284,-17.7267392446835,Not reported,Government,BOL,Bolivia
9784,12,0.0692056989982273,0.675102053837259,0.0355718700608395,0,0,2.38259679803201,98.6337206299492,17.6521214740684,Ia,Government,THA,Thailand
10087,5,0.0121787925149067,0.936875704411907,0.077885316859109,0,0,3.43897393972367,82.9417898969503,28.598840793191,VI,Government,NPL,Nepal
10089,5,0.0247154113102414,0.557044299823361,0.110677608011658,0,0,4.13267212073764,84.8838571352693,27.3452476981518,IV,Government,NPL,Nepal
10091,10,0.0257707805862144,0.909794973008914,0.181135992086296,0,0,4.92938787220965,84.0405416749906,28.3520016810814,VI,Private/non-profit,NPL,Nepal
10132,18,0.152233957380767,0.606138128960726,0.021180652456192,0,0,0.93197179041956,101.307153463947,18.5970210742566,VI,Government,LAO,Laos
10192,15,0.10175198786829,0.661545399689318,0.0368084590940165,0,0,1.64137183369899,103.00602990937,18.4025535543945,VI,Government,LAO,Laos
10290,16,0.149890051472108,0.490335989014982,0.028214923088112,0,0,1.80666829585755,121.525053163457,-1.65942377133248,III,Government,IDN,Indonesia
10320,6,0.0406805954949012,0.730808048007725,0.0172361401896323,0,0,0.612910237581114,105.14406991148,-2.93969854079733,IV,Government,IDN,Indonesia
10380,7,0.0568407933811498,0.458035490357625,0.0742927486997562,0,0,3.82132979507795,108.418042787129,12.3702060281792,II,Government,VNM,Vietnam
10700,19,0.0219728707390197,0.218851434561059,0.00888916460172279,0,0,1.63308833925565,-70.271269930934,-54.5340010731316,Not reported,Not reported,CHL,Chile
10707,21,0.0694348249709379,0.718168587738508,0.354686541739396,0,0,7.02249170322848,-71.2444898126021,-33.1042231325914,Not reported,Not reported,CHL,Chile
10712,5,0.016916918650276,0.0244352926958931,0.0981569203672191,0,0,6.84644845998971,32.8832491067225,56.5081652675869,Not reported,Shared governance,RUS,Russia
10714,5,0.020572593501109,0.0505250874788817,0.112808832709738,0,0,3.93403400757436,39.5881441904265,51.9314480903062,Not reported,Shared governance,RUS,Russia
10718,101,0.3597486240704,0.121880222360479,0.0026666460349997,0,0,1.8571551213612,92.0334361902961,52.2084125644459,Not reported,Shared governance,RUS,Russia
10719,17,0.0367287198412201,0.781971964289464,0.00298551513524582,0,0,2.8471098176655,111.129938400147,49.7205711200978,Not reported,Shared governance,RUS,Russia
10735,37,0.061008896405068,0.108936842989975,0.0038118359524021,0,0,0,26.4884327191528,8.63637245454976,VI,Government,SSD,South Sudan
10736,12,0.0312594398507393,0.152442912886192,0.00160136399994486,0,0,0.063470628423195,24.4809245342186,8.63478767073198,VI,Government,SSD,South Sudan
10737,6,0.0394152120006456,0.468330078820367,0.00485549568343458,0,0,0.124445178879716,30.0225381636636,4.46346825033553,II,Government,SSD,South Sudan
10738,26,0.0419188704988989,0.197388470466431,0.00593211558566554,0,0,0,29.1947403700045,7.88521209938345,VI,Government,SSD,South Sudan
10772,36,0.278239191415815,0.592690002974369,0.0183027647405759,0,0,2.66082573788381,-62.4041849595904,5.37173807182212,VI,Shared governance,VEN,Venezuela
10775,15,0.144184279194951,0.676041151587497,0.0518400568945035,0,0,4.31279513104457,-72.5937585092581,10.7724935786278,VI,Government,VEN,Venezuela
10779,58,0.627170927298651,0.253455876660258,0.00721043158010987,0,0,1.35611352878632,-61.2325994558516,7.21618426473252,VI,Government,VEN,Venezuela
10780,82,0.909202922191143,0.337984510184845,0.00452134894582116,0,0,1.59964017861495,-64.7679612664007,6.22778145619788,II,Government,VEN,Venezuela
10781,60,0.57140364119467,0.523933857484689,0.0312091017955606,0,0,3.41231714739022,-67.3995756797761,5.19482417697111,VI,Government,VEN,Venezuela
10782,7,0.0470669804801069,0.947826695721376,0.0141231572066725,0,0,0.409483058519165,-71.489450391348,7.19096909828603,VI,Government,VEN,Venezuela
10783,11,0.0536173204429232,0.804732397708637,0.0199591224396614,0,0,1.15568656606363,-70.7563097435301,7.43007608589196,VI,Government,VEN,Venezuela
10786,5,0.041669182354735,0.381669770590876,0.021009820248609,0,0,1.5475324613167,-62.9057846808345,9.93487783611519,VI,Government,VEN,Venezuela
10787,10,0.0907792908671441,0.601649395884708,0.00894895825923738,0,0,2.01963176421598,-63.1354968829264,6.57085769911017,VI,Government,VEN,Venezuela
10795,20,0.204489965252259,0.793408578976299,0.00359554373112388,0,0,1.54760387817467,-46.6889160443215,-3.70318513296311,Ia,Government,BRA,Brazil
10801,99,1.01659934297299,0.346308743086605,0.00218011283091488,0,0,0.417054650097014,-55.4037746327372,1.81032273296492,Not reported,Community/Indigenous,BRA,Brazil
10802,29,0.288973285691682,0.270342719919721,0.0139057472790482,0,0,2.91574513363835,-55.0449141784757,-3.55475054509709,VI,Government,BRA,Brazil
10803,20,0.207931626060602,0.0401270879356867,0.00272379829585496,0,0,2.42446971134471,-51.731033094682,-1.96772668605513,VI,Government,BRA,Brazil
10815,13,0.105988262339243,0.444366633280963,0.0125444034380835,0,0,4.25143001653786,-62.9432353492291,-9.23245506793913,VI,Government,BRA,Brazil
10826,7,0.0605530947160243,0.513836882025769,0.00920801624316429,0,0,2.86960544005473,-61.3552519908448,1.42228979878207,Ia,Government,BRA,Brazil
10830,17,0.184303216704959,0.172860400505857,0.00165900253358453,0,0,0.954922176188437,-68.2742831571765,-2.20191886817555,Ia,Government,BRA,Brazil
10842,7,0.0213019676319833,0.446927039312894,0.0134436124854407,0,0,3.74975671051963,-38.5594210268537,-9.85947643981875,Ia,Government,BRA,Brazil
10845,15,0.16002366169064,0.200354359382591,0.00350289099156978,0,0,1.28827624247132,-67.5301527279526,-3.16558170491404,Ia,Government,BRA,Brazil
10902,503,1.73404509145809,0.478267092144431,0.0196405076591053,0,0,0.625785315101046,-113.091472877273,59.0486836441438,Not reported,Not reported,CAN,Canada
10903,11,0.120662088644517,0.607728608898279,0.0581211269828659,0,0,4.78868302365896,-82.5569208309811,9.04410805868438,Not reported,Not reported,CRI;PAN,CRI;PAN
10906,306,3.67430775594531,0.185720908712445,0.00144448447693118,0,0,0.264027377708333,21.2702406251116,-2.13796861494793,Not reported,Not reported,COD,Congo - Kinshasa
10907,58,0.108291576731453,0.431105518025865,0.0234451673280866,0,0,1.66175773215091,29.7676901534627,-15.9143816187412,Not reported,Not reported,ZWE,Zimbabwe
10908,27,0.121490718562791,0.856628891740497,0.562930613925826,0,0,7.01259680915051,-119.616657408153,37.7620082852659,Not reported,Not reported,USA,United States
11597,10,0.0344628163288764,0.877572597385701,0.00904302397166714,0,0,0.638578178570695,9.90503840354411,6.8939949731215,IV,Government,NGA,Nigeria
11599,7,0.0152911552879212,0.0568350194681307,0.0162597065554426,0,0,0.636879909599215,2.82641027160128,7.73902838630622,Not reported,Government,NGA,Nigeria
11752,11,0.0676148594461629,0.406900148789078,0.0240275041083734,0,0,0.609054384547411,94.4462177769331,22.3983945841188,II,Government,MMR,Myanmar (Burma)
11873,39,0.417455376690488,0.127274446785447,0.0197211693480623,0,0,1.56720973192654,133.245430457293,-1.15670554719948,Ia,Government,IDN,Indonesia
12158,5,0.019225008164194,0.477072282762725,0.629355490423506,0,0,8.57665679056963,18.8564503504941,48.4486117998163,V,Government,SVK,Slovakia
12162,41,0.179415009112524,0.919421838580594,0.88766568742191,0,0,8.88299308163692,-0.659683103488888,44.3717518410132,V,Government,FRA,France
12176,23,0.180080585025959,0.222288672419273,0.0317509148010023,0,0,2.24630845475557,106.138168473986,14.5109925505254,VI,Government,LAO,Laos
12182,17,0.130681522288555,0.490557932845169,0.0219666961100733,0,0,0.705477958745952,102.361491165254,22.0284457763269,VI,Government,LAO,Laos
12193,5,0.0442293394586923,0.255513651776497,0.00170436307423328,0,0,1.21624552484063,-57.0335354356092,5.30351187226065,Not reported,Not reported,SUR,Suriname
12202,40,0.212176473382397,0.605270950913869,0.444658994511614,0,0,7.53309446341785,152.273879723369,-30.3154334608609,Not reported,Not reported,AUS,Australia
12213,10,0.0932040268509461,0.36533770731435,0.0504100851893951,0,0,7.26819586864114,-75.383801702576,-10.3361936994719,II,Government,PER,Peru
12258,22,0.16143643255084,0.436466596674798,0.310806378327826,0,0,6.34629643291435,139.623532584326,36.9279124597987,V,Government,JPN,Japan
12261,20,0.131583161736784,0.587474637985922,0.409730943947866,0,0,7.07721895607665,138.660215250565,36.7104463014453,II,Government,JPN,Japan
12288,5,0.031029410163948,0.796337566217987,0.213031103131256,0,0,5.29579092092903,131.073899418106,32.3569910035026,V,Government,JPN,Japan
12339,8,0.00868525082365649,0.53366381333798,0.90055919336525,0,0,8.33896491065918,-0.186293485999176,48.5033491869848,V,Government,FRA,France
12340,8,0.0226148388930785,0.254941182560759,0.808504278906568,0,0,11.192124285041,1.86006368358122,48.693588150745,V,Government,FRA,France
12396,35,0.132525583120135,0.59668147149941,0.828655009391921,0,0,9.77185428384257,3.6642611793174,45.5467043082722,V,Government,FRA,France
12397,23,0.111686496943497,0.693821146913248,0.829409614524837,0,0,10.0286586511548,5.90993231774001,46.4568213789796,V,Government,FRA,France
12463,6,0.0292736703917307,0.795358730977288,0.231766936245461,0,0,4.36376273141227,-75.5843307615325,20.0156709170366,Not reported,Not reported,CUB,Cuba
12466,17,0.125473912102192,0.534244414812905,0.227725802115431,0,0,6.15242152263337,-99.2519868474561,23.1708948323624,Not reported,Government,MEX,Mexico
12472,6,0.0578065843133814,0.462508246816792,0.00830842375305131,0,0,3.02296921538543,-66.3397032850305,-14.6149819291165,Not reported,Not reported,BOL,Bolivia
12684,7,0.0592972062493643,0.60119986741134,0.0966407247737346,0,0,5.6827598304863,-79.4790933002284,9.34513872972161,II,Government,PAN,Panama
13694,11,0.104860387142181,0.150481620545306,0.00829276283692839,0,0,2.15398257756179,12.3331445668155,-4.18558674159113,Not reported,Government,COG,Congo - Brazzaville
13696,9,0.0633313546282615,0.895826033742643,0.328892584462221,0,0,8.92278230332865,-84.0842848927137,9.97449720778103,Not reported,Not reported,CRI,Costa Rica
13704,7,0.0157793607868722,0.0613589569882227,0.00458524411505228,0,0,0.0868438279007422,33.6986659920478,7.87383062826654,II,Government,ETH,Ethiopia
13752,17,0.0386753552116853,0.233588396949349,0.00486121820806864,0,0,0.292550376353259,35.0659972274088,10.563522876983,VI,Government,ETH,Ethiopia
13755,10,0.0280335548656861,0.085007742388741,0.00497676747629501,0,0,0.774414303887121,34.0904150711852,7.55283713944057,VI,Government,ETH,Ethiopia
13756,6,0.0115195394541031,0.53385492607819,0.00506227858431101,0,0,1.03946110510183,35.4816956156953,5.91718783779067,VI,Government,ETH,Ethiopia
14089,7,0.0465705438430628,0.600958861752981,0.033589917496712,0,0,3.83248224474996,32.7804155381256,3.96017272495193,V,Government,SSD,South Sudan
15596,7,0.0339605358591192,0.68005090640846,0.350449581497588,0,0,5.71398671745138,19.3995974719717,43.9077188648091,II,Government,SRB,Serbia
16081,9,0.0581528843495079,0.554046950150558,0.0948717715427862,0,0,6.68340170219336,-48.7999896997941,-27.8907355135152,II,Government,BRA,Brazil
16105,5,0.034929500080143,0.572788306921265,0.338886721206779,0,0,7.08196831210171,-43.1334910594322,-22.5061397701082,V,Government,BRA,Brazil
16379,7,0.0234041128701466,0.437407065216162,0.202844778180228,0,0,5.58501086934995,-131.57730176879,52.4518742223025,II,Government,CAN,Canada
16792,157,0.466421564249735,0.298027044690612,0.00408542220493692,0,0,1.58697100608794,21.461375464159,8.77659533872608,Not reported,Not reported,CAF,Central African Republic
16846,11,0.0478609035962954,0.435590324322474,0.0105110191040943,0,0,1.81383414458719,-61.8854048233416,-25.8323329040841,II,Government,ARG,Argentina
17185,8,0.0670376889840654,0.629148952240366,0.0772916903054802,0,0,5.9727552915457,-82.2937889423708,8.91971534362976,V,Government,PAN,Panama
17757,43,0.263652300540032,0.677209242604506,0.43804227667146,0,0,7.38137881612649,145.734397058328,-17.7235327547031,Not reported,Not reported,AUS,Australia
17923,8,0.0447402580796031,0.717746742513433,0.0367932042310787,0,0,1.27657499862058,105.773698016263,-4.91649566115384,II,Government,IDN,Indonesia
17972,13,0.13274216586542,0.39543610182516,0.0156563373750651,0,0,1.82558291011805,98.843695647013,-1.37907434406088,II,Government,IDN,Indonesia
18243,13,0.0762388519569817,0.11827919080308,0.0945791750633081,0,0,2.25052236697215,-80.4954342663218,47.3267621675557,Ib,Government,CAN,Canada
18440,43,0.212856982650336,0.490847724432417,0.00430225551564186,0,0,0.73744616718394,34.9436476189424,6.79696546810692,VI,Government,ETH,Ethiopia
18441,31,0.255230211944739,0.724174238157409,0.0165436188137533,0,0,1.77936301001739,35.6269042582667,7.40245453601188,VI,Government,ETH,Ethiopia
18445,14,0.0647417767797145,0.526359402943729,0.097428814824536,0,0,3.84955242864959,99.21035446064,19.2465498252665,II,Government,THA,Thailand
18446,8,0.0404300971503582,0.786835941928715,0.0933058804590418,0,0,4.00785357858168,98.5045385422248,14.9801864800675,II,Government,THA,Thailand
18447,12,0.0639040598566763,0.717067412096507,0.13744540109428,0,0,4.30772845766119,99.6642382377342,19.3537019394586,II,Government,THA,Thailand
18457,6,0.0274931911319421,0.647343281243095,0.225102497997245,0,0,6.38622120965299,98.5623912827128,18.3380350848075,II,Government,THA,Thailand
18480,8,0.0156469031047214,0.524015030036359,0.151019578135114,0,0,5.28206305191653,-125.747481259742,58.9415483741647,II,Government,CAN,Canada
18486,21,0.078930286606629,0.205030993052651,0.0712890202497261,0,0,2.07121110106288,-121.03305491651,53.1733861796029,Ib,Government,CAN,Canada
18560,6,0.0322694460472305,0.230579619547711,0.354702258862119,0,0,4.25029187330047,-81.3946246526906,46.1164290972833,Ib,Government,CAN,Canada
18561,68,0.283999760066153,0.619961217710245,0.0195321710309847,0,0,0.158018005484419,-93.080243484828,53.5201087586358,Ib,Government,CAN,Canada
18579,17,0.0547602745270998,0.510803931238598,0.0264610769537961,0,0,0.32159988716688,-87.4151927782583,53.1673447785754,II,Government,CAN,Canada
18625,55,0.187030507612649,0.202519566705163,0.0992384333674681,0,0,3.17475171219394,-119.237521706932,53.7157296911092,Ib,Government,CAN,Canada
18638,7,0.0189904633816689,0.534201694346514,0.0346839963112752,0,0,0.837263875067865,-128.006210599295,52.8337463845791,Ib,Government,CAN,Canada
18639,5,0.0139193448288668,0.526905903915542,0.0402610698347756,0,0,1.44521090499194,-129.173077554361,54.214739637578,Ib,Government,CAN,Canada
18642,11,0.040018183324117,0.155094402622309,0.0632839549113681,0,0,2.09114799903082,-120.217045545943,54.1036980666501,II,Government,CAN,Canada
18643,5,0.0145668921753963,0.260526746126414,0.197476135991302,0,0,4.85341162349465,-117.121384823289,49.7847636222607,II,Government,CAN,Canada
18658,20,0.0703289034143129,0.607248435838514,0.023315851143152,0,0,1.08725010823962,-129.077054165586,58.017963630958,Ib,Government,CAN,Canada
18808,5,0.0306553280560546,0.55127746123669,0.0560352838933684,0,0,2.21256138486338,-85.7564519090635,15.0447341263046,II,Government,HND,Honduras
18810,5,0.0315015166569793,0.678785067901739,0.10987914234877,0,0,4.91903036808082,-86.89517988085,15.6079991309156,II,Government,HND,Honduras
18866,10,0.0727481365956022,0.462852085727224,0.0213064565702018,0,0,0.61025716576269,105.759078337864,16.8448564362984,VI,Government,LAO,Laos
18872,15,0.148737900737537,0.197185466339119,0.0120582317486181,0,0,0.855736216476333,107.392052040262,14.9507144566632,VI,Government,LAO,Laos
18877,12,0.0640887805167433,0.279703594081549,0.0397027728587635,0,0,1.9854764032961,105.950395539882,15.8875189793253,VI,Government,LAO,Laos
18887,9,0.0723683340410251,0.269455360658055,0.0509994269991596,0,0,3.99100659069757,106.105705246597,15.0079594595032,VI,Government,LAO,Laos
18893,13,0.0649023994333165,0.568186533256373,0.0591314037029413,0,0,2.62731676241736,105.629076334937,15.5725831770585,VI,Government,LAO,Laos
18896,15,0.133476902576042,0.477094734355243,0.030260613783602,0,0,1.8968215642111,104.262985486134,18.4131326382451,VI,Government,LAO,Laos
19178,5,0.0307021366520009,0.309873091734187,0.513682311029819,0,0,7.92483369600474,15.1040857068153,47.8686653703487,V,Government,AUT,Austria
19181,7,0.0371342223382414,0.337152056322263,0.561831291716779,0,0,8.2313684378455,15.8065905995288,47.7005135879684,V,Government,AUT,Austria
19197,5,0.0207620033894351,0.400379288587555,0.544295237857218,0,0,7.59449239579385,15.3094639799413,47.6292181576376,V,Government,AUT,Austria
19224,7,0.0328297186939415,0.690710724377245,0.690171565834018,0,0,9.07228252077649,13.8791358013261,47.5583425498657,V,Government,AUT,Austria
19275,18,0.205696772895301,0.0908194992050855,0.00377956120246318,0,0,2.2313351784498,-73.184131218255,-8.31949147610354,II,Government,BRA,Brazil
19297,10,0.0719534468683046,0.501707457799521,0.023038815866805,0,0,5.28544753272807,36.5782187795381,-7.81546320559488,II,Government,TZA,Tanzania
19447,14,0.0572977470437377,0.628426247713669,0.0586961455016417,0,0,7.19634621228716,-41.3798265903547,-12.6852135295649,II,Government,BRA,Brazil
19505,20,0.230500790125748,0.216137151276222,0.00113447686599852,0,0,0.257205830827339,-52.2676194929455,-4.21959837064963,Not reported,Community/Indigenous,BRA,Brazil
19506,6,0.058243842732439,0.499218051936142,0.00243940076902484,0,0,0.839703679405171,-52.9204563599141,-4.01239958061346,Not reported,Community/Indigenous,BRA,Brazil
19544,5,0.0201227934996879,0.281618891471471,0.151453442139346,0,0,2.27146065098019,-82.552778675719,47.0481200686297,II,Government,CAN,Canada
19666,8,0.0448846544035304,0.561529457140393,0.117644175097259,0,0,4.54732279152752,99.4216901078543,18.7855976686998,II,Government,THA,Thailand
19667,7,0.036319958305912,0.636359589150237,0.0571135341382887,0,0,2.81016971894023,100.769680888129,17.3107658479616,II,Government,THA,Thailand
19745,21,0.259094817561325,0.0497832825146919,0.00151596772538634,0,0,1.79148668027045,-51.6595218209788,1.34514907435333,VI,Government,BRA,Brazil
19747,48,0.55394531860837,0.096597660784686,0.00073608355820401,0,0,0.254847010189229,-65.6901036166316,-4.18452017306913,VI,Government,BRA,Brazil
19769,64,0.600403365276282,0.411127321745079,0.00431444713930867,0,0,0.750738526794619,-66.0111132147588,-2.40527140357417,VI,Government,BRA,Brazil
19944,13,0.0601717915418379,0.418266779397805,0.0719422573651083,0,0,1.80705449167568,-83.4705424513054,48.7075188278958,II,Government,CAN,Canada
19950,7,0.0249089751919884,0.826392629689708,0.0200184288399723,0,0,0.622076887320819,-90.3049766949336,52.3351818279383,II,Government,CAN,Canada
19951,9,0.0208944988276143,0.441985625952754,0.0359511890939619,0,0,0,-90.5899796104166,54.0782438858903,II,Government,CAN,Canada
19984,357,4.24627208268816,0.200087958413434,0.00284419544961476,0,0,1.26684334880415,-73.0041891941027,0.769070069447604,II,Government,COL,Colombia
19991,85,0.974343882277496,0.276922943596009,0.00201058159052142,0,0,0.997295898521535,-69.1781863774846,2.31279816126119,Ia,Government,COL,Colombia
19992,71,0.810107073764799,0.241753990455628,0.00235202886821955,0,0,0.721950124699013,-71.5065739159597,1.93779661479319,Ia,Government,COL,Colombia
19993,10,0.103114178979881,0.548297947917918,0.00875980252933963,0,0,0.896630112404174,-73.1672337479886,8.98344477672355,II,Government,COL,Colombia
19995,10,0.112321887893638,0.552330080935704,0.0121463429213886,0,0,3.90663813011107,-74.1352131610577,2.45706235614494,II,Government,COL,Colombia
20002,43,0.47640022975592,0.0903778730550259,0.00397250367569679,0,0,2.42877992387851,-71.1658645622983,-1.42794763204769,II,Government,COL,Colombia
20037,55,0.550151835345711,0.378381038212756,0.0299448394248705,0,0,4.02611862435078,-64.918363903846,-17.393070388251,Not reported,Government,BOL,Bolivia
20041,13,0.121392539526499,0.498855879986042,0.0228585717292631,0,0,2.54688253374127,-64.3089603087746,-22.087985129744,Not reported,Government,BOL,Bolivia
20058,8,0.0626755196177274,0.369976242079719,0.0264357955107877,0,0,4.6489512488722,8.99638969921012,5.24020876003965,II,Government,CMR,Cameroon
20063,5,0.0177127174057293,0.39038469821994,0.639627733502619,0,0,8.3016667455384,-99.1449555615876,19.0380425183778,Ia,Government,MEX,Mexico
20067,45,0.262235942113138,0.646306302023596,0.0360429493453729,0,0,2.16600386946458,-70.6916173109551,9.77982641028335,VI,Government,VEN,Venezuela
20068,12,0.0521823862383081,0.634803261122087,0.0435067341855576,0,0,2.47852867633791,-72.670970403662,9.67171860908211,VI,Government,VEN,Venezuela
20069,13,0.045219633136947,0.759412774763469,0.0355580125526553,0,0,2.68991215651202,-68.0572560281893,9.77234240616512,VI,Government,VEN,Venezuela
20070,36,0.260272393535823,0.668184424335263,0.0865457858601868,0,0,4.0019476224405,-63.9984906610845,10.170738297334,VI,Government,VEN,Venezuela
20076,11,0.0521996129835021,0.567649341205601,0.0178715639727726,0,0,0.832519058085601,-70.7807812613801,10.5776848241224,VI,Government,VEN,Venezuela
20077,39,0.254308277059167,0.630240651279345,0.0868405152599982,0,0,3.45965611547579,-68.531273300868,10.27572029962,VI,Government,VEN,Venezuela
20081,7,0.0395469216281848,0.840998714889128,0.118383344798492,0,0,4.78065932940919,-70.6026196344062,9.23568372400328,VI,Government,VEN,Venezuela
20088,20,0.115670810965327,0.880794323356721,0.0844627623142187,0,0,3.30506669820571,-71.8540543393351,8.43033330214012,VI,Shared governance,VEN,Venezuela
20091,6,0.0280533033499883,0.818395054297848,0.125863178153678,0,0,2.61281343494548,-63.5211269459654,9.83169674941961,VI,Shared governance,VEN,Venezuela
20166,38,0.271438485389415,0.165456413055476,0.00814943521579977,0,0,1.26489338987127,12.7887788012913,5.825794673398,II,Government,CMR,Cameroon
20178,6,0.0424877005160942,0.499360476695831,0.0316809951433953,0,0,3.04143789250416,-79.2654446654527,-5.15751945632154,III,Government,PER,Peru
20182,12,0.108179254791379,0.280725904202416,0.0167060697414807,0,0,3.94189813679311,-74.9583817172515,-10.5695986761795,VI,Government,PER,Peru
20183,18,0.154160057881876,0.37644773399945,0.024304293341766,0,0,2.66967272409228,-77.5979151778292,-5.72986862934423,VI,Government,PER,Peru
20186,14,0.12814381253626,0.30597240898686,0.00590676295495842,0,0,2.16924958761422,-72.3979431270524,-12.2489194091199,III,Government,PER,Peru
20224,5,0.0371782840467428,0.469463794288239,0.165136531121563,0,0,5.05954078280758,-88.8906978938633,17.7104875497168,IV,Not reported,BLZ,Belize
20230,5,0.0562295284105372,0.451723641609069,0.174544682324246,0,0,6.32825166596833,-88.9730618909317,16.8061766504232,II,Government,BLZ,Belize
20267,14,0.142743101571231,0.163265411418296,0.0366291295925154,0,0,5.63558858342142,10.1103335068935,1.50210575161001,II,Not reported,GNQ,Equatorial Guinea
20268,6,0.0539231565098251,0.214484702865678,0.012844490413538,0,0,1.52465265444448,11.1173876068927,1.16600872878252,II,Not reported,GNQ,Equatorial Guinea
20272,19,0.120875476680069,0.647639323163887,0.0326641348642208,0,0,2.38526022368958,47.0112432136897,-23.6193673163381,II,Government,MDG,Madagascar
20283,7,0.0147160466368225,0.407270633294804,0.0302237073361122,0,0,3.73926621367898,45.782226806361,-16.2635491304002,IV,Government,MDG,Madagascar
20295,20,0.0384493895339286,0.461557643461073,0.00548416747392652,0,0,1.70885606273999,31.7305493038697,-22.8454629418883,II,Shared governance,MOZ,Mozambique
20299,17,0.120892813143261,0.483426551422048,0.0305280020099005,0,0,3.71613946609011,8.80100043243192,5.63178593469629,II,Government,NGA,Nigeria
20324,295,2.63214148472689,0.191831949927933,0.00229002187912409,0,0,0.388657034457716,25.1524931638184,4.53265827752806,VI,Not reported,COD,Congo - Kinshasa
20327,19,0.127595678538369,0.220079305516753,0.008410288906172,0,0,1.30503605609022,29.433553314311,3.52444361801027,VI,Government,COD,Congo - Kinshasa
20330,11,0.0988203283812811,0.461235715144871,0.00486165301836513,0,0,0.705089188268808,28.365188657444,2.80383265677535,VI,Not reported,COD,Congo - Kinshasa
20343,5,0.00680115455482917,0.377962122182994,0.00961243544647158,0,0,1.08000596965652,27.9063494747006,-19.3786073832304,Not reported,Not reported,ZWE,Zimbabwe
20360,5,0.00679516734981407,0.886657418679932,0.02764136055764,0,0,2.67934308832705,28.9098442858511,-18.4132651403645,Not reported,Not reported,ZWE,Zimbabwe
20445,6,0.0301920163982049,0.672818437055252,0.0603167980818563,0,0,2.39233738556449,91.0098580344916,27.4798890665515,II,Government,BTN,Bhutan
20642,38,0.189174921889537,0.616588422521161,0.882089399209007,0,0,9.37745037502273,6.89755998658028,47.9698119450464,V,Government,FRA,France
20643,13,0.0270338312489409,0.424340288502709,0.909335679595032,0,0,9.64938551268122,1.28244642920933,46.7125482645594,V,Government,FRA,France
21197,6,0.0216829959092167,0.723654019545452,0.246428540159327,0,0,4.09666451496255,-122.458731510603,49.4652301622435,II,Government,CAN,Canada
21217,8,0.0727196686346897,0.477876826803821,0.0543333003505421,0,0,5.36705775224146,-54.0408023343249,-25.9555923072637,II,Government,ARG,Argentina
21860,5,0.0335695908964081,0.0439667496673997,0.284756107167011,0,0,5.79764918721919,-68.8900820883808,46.0295303837119,V,Government,USA,United States
26558,7,0.0126812078646912,0.718103340422757,0.0108971548061156,0,0,0.102324330023114,-1.92366875530246,8.80715131512308,VI,Government,GHA,Ghana
26559,5,0.00763751531412002,0.485154385533004,0.0134803504447349,0,0,0.499782752040799,-2.16855549611742,8.64667933737699,IV,Government,GHA,Ghana
26606,5,0.0170278522219638,0.925922347814155,0.104702452051693,0,0,3.05202673329043,87.1067973772925,27.6066964851915,II,Government,NPL,Nepal
26620,6,0.016363804878812,0.73569239053792,0.420652611977973,0,0,3.54397851809891,8.398264798813,36.7913057266304,Not reported,Not reported,DZA,Algeria
26621,81,0.707701809919154,0.706376966384854,0.104902758991875,0,0,2.94246936929561,-90.0472966816679,17.2126285999928,Not reported,Shared governance,GTM,Guatemala
26625,17,0.0482248083678131,0.513481997895447,0.0312409808615991,0,0,2.00268955999243,3.85211162787419,8.50706109721319,II,Government,NGA,Nigeria
26653,39,0.117648374177067,0.279973482312891,0.0413156489738107,0,0,4.52349175007243,46.2705382438618,-17.3121719422803,Not reported,Not reported,MDG,Madagascar
26689,211,0.641384904599006,0.236548734410622,0.237103192698444,0,0,4.48133899173618,-117.306681618657,52.2749418155711,Not reported,Not reported,CAN,Canada
26732,22,0.0928810731838855,0.384769721479571,0.0089117224878215,0,0,0.73536673522027,27.1936414759879,-12.0222711897492,Not reported,Not reported,ZMB,Zambia
26938,6,0.0315895908449849,0.0694993820364922,0.0068095434092327,0,0,0.863831690406061,24.194778054916,-13.8254345824175,Not reported,Not reported,ZMB,Zambia
26940,18,0.0794666547008562,0.450647923089621,0.0134600531722304,0,0,1.7822551707633,27.4548780879011,-12.5916995442909,Not reported,Not reported,ZMB,Zambia
26946,9,0.0301093908764206,0.549096221808292,0.0110445465785109,0,0,0.789316966267639,30.9909053730058,-14.2796698799535,Not reported,Not reported,ZMB,Zambia
26965,5,0.0242582452071573,0.143786935724157,0.00479544795729672,0,0,0.637112913183136,23.5140158173509,-13.8637516357356,Not reported,Not reported,ZMB,Zambia
26967,16,0.0930786841009986,0.144098472411583,0.00354300871426716,0,0,0.638028147551301,24.5518009347603,-12.2435070241458,Not reported,Not reported,ZMB,Zambia
26977,5,0.0236587524045627,0.220828434842957,0.0156159213625826,0,0,1.46123973900708,25.9471402104585,-12.1974345807985,Not reported,Not reported,ZMB,Zambia
26984,5,0.0281527880858359,0.0815486281677735,0.00499379870273682,0,0,1.35485718925401,25.5065319428131,-12.422748720103,Not reported,Not reported,ZMB,Zambia
26994,18,0.0881771282886476,0.258314055978438,0.00510105410442459,0,0,0.686204591482557,25.1822696987328,-13.4294701166583,Not reported,Not reported,ZMB,Zambia
26995,6,0.0102814324900613,0.742524252197546,0.0088586735512937,0,0,0.0883802158209643,27.1276838921971,-17.2778591103638,Not reported,Not reported,ZMB,Zambia
27019,5,0.0221297558047407,0.231949453352739,0.00658544251425473,0,0,0.557176345920347,28.95,-9.53578486732967,Not reported,Not reported,ZMB,Zambia
27020,8,0.0264248571012952,0.863845033710779,0.00593170216937196,0,0,0.0987238682892571,31.0251705017366,-11.935340733723,Not reported,Not reported,ZMB,Zambia
27089,6,0.0240160649738869,0.0723400532381894,0.0064726284021265,0,0,0.350631278661029,24.0094019973169,-14.0776614703308,Not reported,Not reported,ZMB,Zambia
27097,8,0.0410215956641166,0.358491810586232,0.00764522577834766,0,0,0.589660236065414,28.8875819395564,-10.2350805311114,Not reported,Not reported,ZMB,Zambia
27158,12,0.0860169631604012,0.790737000297722,0.10210753075814,0,0,3.56072743487024,110.264731828884,31.4575131493869,Not reported,Not reported,CHN,China
28844,24,0.238242038922996,0.0904092991561816,0.041363442430937,0,0,4.94396976129555,9.92280967683902,-2.22474785219679,Not reported,Government,GAB,Gabon
29066,8,0.0543608777858984,0.59426540362228,0.0697175501233164,0,0,4.54245072899515,-9.40580596396703,8.26488473144631,Not reported,Not reported,GIN,Guinea
29074,15,0.0530069541155911,0.76535604650382,0.0076387406267636,0,0,1.22032461480737,36.5552259651899,6.39702612504829,Not reported,Not reported,ETH,Ethiopia
29083,24,0.157944296875938,0.254556433271277,0.00433984523921662,0,0,1.25414484170846,34.7606306335678,7.76784244248237,Not reported,Not reported,ETH,Ethiopia
29084,6,0.0585260333260191,0.685457882628519,0.0218677701765814,0,0,2.98567424559439,35.5184705253916,7.93022666667208,Not reported,Not reported,ETH,Ethiopia
29086,19,0.131505141614147,0.690069050493604,0.0200748605582967,0,0,1.77505901627721,35.8114373369235,8.21798430501671,Not reported,Not reported,ETH,Ethiopia
29088,10,0.0589123284450946,0.850291491610197,0.0271441988578874,0,0,3.79911479277339,36.3390604174653,7.68768349467975,Not reported,Not reported,ETH,Ethiopia
29089,6,0.0256834767574528,0.756457823964678,0.0162371494916018,0,0,1.92092340317508,37.0167950981163,7.88868447906077,Not reported,Not reported,ETH,Ethiopia
29090,5,0.025698723603723,0.558063507944709,0.0114706427188374,0,0,0.96504781667305,37.2171186609545,8.27813480421898,Not reported,Not reported,ETH,Ethiopia
29091,7,0.0627785450875131,0.57821713994199,0.00567856396668377,0,0,2.1662376911028,35.1077868821817,7.30673452907863,Not reported,Not reported,ETH,Ethiopia
29092,19,0.183990360055298,0.501870113760314,0.00473918980526821,0,0,0.767838661454851,35.1647819537336,7.8101794765379,Not reported,Not reported,ETH,Ethiopia
29098,5,0.0135239452613486,0.634299779967144,0.0230171207839781,0,0,1.50079279732225,37.3778844850793,8.74369472078255,Not reported,Not reported,ETH,Ethiopia
29104,7,0.0245206721912389,0.704065162496227,0.0144006150485467,0,0,2.79575151745811,39.1382673811677,5.89706376656413,Not reported,Not reported,ETH,Ethiopia
29105,17,0.0807103677382007,0.722763107766634,0.0206207401620435,0,0,2.22411566218468,38.7353201956745,6.10126054060976,Not reported,Not reported,ETH,Ethiopia
29109,12,0.0712873790903558,0.3846375240193,0.0168628582127368,0,0,1.5321506365681,34.6162095128495,8.80690805261606,Not reported,Not reported,ETH,Ethiopia
29118,11,0.0346127807820561,0.479471522455405,0.0154774932685795,0,0,2.27961634763414,40.1456711761024,6.77485030029022,Not reported,Not reported,ETH,Ethiopia
29119,17,0.11728707132953,0.525412288660131,0.0183104504998793,0,0,1.96391980659091,39.2203703244963,6.53331262092542,Not reported,Not reported,ETH,Ethiopia
29120,6,0.0424207955353545,0.594295774131758,0.00921938391924867,0,0,1.9518260112297,39.4382114464256,6.32083991043734,Not reported,Not reported,ETH,Ethiopia
29121,5,0.00840313586946595,0.381095784767911,0.0155142302795689,0,0,1.7832346341239,40.6843378368359,7.54421909332848,Not reported,Not reported,ETH,Ethiopia
29410,5,0.0071901606306739,0.514103699009633,0.0202892537232528,0,0,0.640589882819531,-13.2421386953768,12.1372109328923,Not reported,Not reported,GIN,Guinea
29421,5,0.0198715612815187,0.747154139752997,0.0132493066178871,0,0,0.939289741639799,-10.2846302879474,10.409702408832,Not reported,Not reported,GIN,Guinea
29496,10,0.0549569590481075,0.655488719140763,0.0274085340110928,0,0,1.60192850941609,-3.37519167950369,5.96263708927814,Not reported,Not reported,CIV,Côte d’Ivoire
29504,7,0.0328406415390881,0.767187921124313,0.0276086346984084,0,0,0.758739181263537,-4.9978988348456,5.52431216314652,Not reported,Not reported,CIV,Côte d’Ivoire
29583,5,0.0195627700469884,0.744414608385094,0.04059798283397,0,0,1.66621892668489,-5.37562144122956,5.39370952444093,Not reported,Not reported,CIV,Côte d’Ivoire
29596,10,0.0546732061244781,0.901288764422451,0.035065178273103,0,0,1.3560051351917,-7.81271843250932,6.77934221194436,Not reported,Not reported,CIV,Côte d’Ivoire
29629,8,0.0309341245906748,0.636855282279864,0.0506959085958656,0,0,2.40961490519399,-6.87402774575786,7.65483816443737,Not reported,Not reported,CIV,Côte d’Ivoire
29635,8,0.0409346482005019,0.845598582186861,0.0410829551387185,0,0,2.70557742564202,-6.24866188458365,5.42450900636356,Not reported,Not reported,CIV,Côte d’Ivoire
29636,8,0.047883217986324,0.950675754779318,0.0222065344991283,0,0,1.31973235612206,-7.10625675052811,4.91300505961009,Not reported,Not reported,CIV,Côte d’Ivoire
29638,12,0.0609344912608752,0.922298078700974,0.0192206456169109,0,0,0.22138575015719,-6.81650132620086,4.95900200039912,Not reported,Not reported,CIV,Côte d’Ivoire
29685,51,0.582770407745759,0.323986506073916,0.00138952532098952,0,0,0.454405669802674,25.2933718746505,2.46936556402604,VI,Not reported,COD,Congo - Kinshasa
30013,7,0.0504417551219692,0.789117480038155,0.0806968348208179,0,0,2.57024800027912,121.953011223007,-4.3750979008464,II,Government,IDN,Indonesia
30028,15,0.126010910295775,0.399100119194402,0.0071801103865341,0,0,1.09837831862796,-61.3886798822658,9.23208353458369,VI,Government,VEN,Venezuela
30029,139,1.67390496168477,0.264076801397462,0.00233698164096599,0,0,1.58071303904881,-65.6390684417023,2.37368075458664,VI,Government,VEN,Venezuela
30605,8,0.0770526962220734,0.48166146798019,0.109838213715801,0,0,3.83725722072673,-91.1436550099759,17.1573844683149,II,Private/non-profit,GTM,Guatemala
30618,27,0.190544840684549,0.832256780511775,0.104719576773662,0,0,2.68535724467011,-89.9748274384786,16.3505406589785,II,Government,GTM,Guatemala
30635,6,0.0253725212305121,0.601828809843222,0.0753766334118928,0,0,3.98133205504709,-69.6284675371617,11.2231425475306,VI,Government,VEN,Venezuela
30659,28,0.0822104297746486,0.642468935715844,0.0216224064114394,0,0,1.2095201152578,-63.488835534938,8.63262493408429,VI,Government,VEN,Venezuela
30660,23,0.0612468609452826,0.287455505372499,0.0315595707751594,0,0,1.18165415994027,-67.4863173914113,8.30836440137748,VI,Government,VEN,Venezuela
30674,26,0.27849407346243,0.00928017124847176,0.00117955235374813,0,0,0.212829728933187,14.5779984803703,2.4813951953832,II,Government,CMR,Cameroon
31259,8,0.0595837214478488,0.643200367307933,0.040960019804082,0,0,3.11259597315366,98.8283195743835,16.0397975305391,Ia,Government,THA,Thailand
31410,5,0.0152159639986096,0.473473913644406,0.770715109046563,0,0,8.68916706983991,15.4333994958717,48.303369641404,V,Government,AUT,Austria
31459,23,0.236234200916665,0.229097689654497,0.00716854274990308,0,0,2.51245383209219,16.1654675311939,2.97735260403673,VI,Not reported,CAF,Central African Republic
31551,5,0.0185903788670932,0.336041300153245,0.270089580548335,0,0,7.10856334980084,24.3798228947163,54.1130321844272,II,Government,LTU,Lithuania
31608,7,0.0154683198171855,0.503467464575552,0.371146053324759,0,0,7.21057150399441,23.2766717654245,51.4432871087866,Not reported,Government,POL,Poland
31752,33,0.3353880263023,0.168119112269866,0.00188163313044926,0,0,0.861636045524889,-59.4155771469323,-1.23802307764499,Ia,Government,BRA,Brazil
31755,5,0.0248856643294461,0.662408249102508,0.0332958526989919,0,0,4.08358071981549,-44.2604900277334,-15.0853211219621,V,Government,BRA,Brazil
31759,5,0.0584375906856966,0.321754961843652,0.000879663836546051,0,0,0.509226755001553,-63.167114311365,0.868078407548077,VI,Government,BRA,Brazil
31763,22,0.254779691596317,0.00819950374476955,0.00139913252379583,0,0,1.24510655323976,-68.0292437863419,-8.40937309894598,VI,Government,BRA,Brazil
31769,20,0.213432619875135,0.19305188208632,0.00674864665159162,0,0,2.2482096771128,-56.6569421143718,-1.62704171131358,VI,Government,BRA,Brazil
31770,6,0.0669488957919196,0.62710596401768,0.00097197928223206,0,0,0,-50.9214293927624,-5.80768875969195,VI,Government,BRA,Brazil
31774,17,0.199026841138954,0.147213064994189,0.00534824827485459,0,0,2.26069900427313,-72.4150560875201,-9.10343838975336,VI,Government,BRA,Brazil
31775,31,0.305501094108897,0.33975226337894,0.00484991019454417,0,0,1.12893324267591,-69.0516448996591,-10.6189523027225,VI,Government,BRA,Brazil
31776,17,0.156419249441596,0.374633261240851,0.00563550295972949,0,0,1.92181423774895,-52.0643127379774,-0.655377194935167,VI,Government,BRA,Brazil
32671,5,0.0158011811376691,0.661034770501247,0.472519320092411,0,0,6.70227408800089,13.1990252101001,42.9274548039036,II,Government,ITA,Italy
32712,5,0.0139951047101583,0.36934862836051,0.472177263224703,0,0,7.10159868753333,14.9925168298118,37.7453575155788,IV,Government,ITA,Italy
32735,7,0.0542386956864708,0.611169960486776,0.021846936196697,0,0,2.07977844913653,-68.8833817097008,10.6030299223906,VI,Shared governance,VEN,Venezuela
32788,7,0.0317337439502963,0.11612852837201,0.00598832692743517,0,0,1.8583511144778,31.7362412395156,-6.87352586451508,VI,Government,TZA,Tanzania
32987,5,0.047689519100108,0.566846634483675,0.0173847545840703,0,0,2.30755232835841,35.2828482915779,7.02755109659926,Not reported,Not reported,ETH,Ethiopia
33050,12,0.0412395305558679,0.566429830592365,0.0264855696831427,0,0,0.873762233873832,-14.3972100253785,11.8632656780672,Not reported,Not reported,GNB,Guinea-Bissau
33149,6,0.0245248410512552,0.576498192409568,0.107930487852867,0,0,3.60726785311525,5.83291168759943,6.08371306039788,Not reported,Government,NGA,Nigeria
33154,5,0.0156491990563872,0.734343722661891,0.0193025577377123,0,0,1.3685916357496,35.2693366518411,-14.0422668083895,VI,Government,MWI,Malawi
33499,5,0.0418202934872102,0.76559044746589,0.0187848867214689,0,0,3.63710660382208,35.442446061813,-0.505114081446355,Not reported,Government,KEN,Kenya
33522,16,0.156816056886522,0.353715697456504,0.0116716742035184,0,0,3.7059556009472,-59.8022237886919,-1.91630723619747,V,Government,BRA,Brazil
33524,8,0.0282775117942945,0.620154032014814,0.014428130168722,0,0,1.48089232237283,-56.8164748379274,-2.43025936009933,V,Government,BRA,Brazil
33601,6,0.0152874098046116,0.582108032983579,0.251233529669257,0,0,4.99967226644505,-50.856136167872,-29.987611367939,V,Government,BRA,Brazil
33612,7,0.0706593771702977,0.346963332664097,0.00567633900235693,0,0,4.06358789746128,-64.5265588605772,-10.522607362995,II,Government,BRA,Brazil
33613,20,0.105787608038462,0.545474170981639,0.00126700105421441,0,0,0.408778351111759,-61.8656861376433,-13.154668051867,II,Government,BRA,Brazil
33712,5,0.0514778353940454,0.3212286284489,0.0010574671313056,0,0,0.32968156430706,-60.9688881972068,-8.94143344432329,Ia,Government,BRA,Brazil
33716,14,0.163686126032333,0.14827612785421,0.00265085167078766,0,0,2.42968404164731,-64.6923541479509,-11.205220367173,VI,Government,BRA,Brazil
33732,6,0.0694077806336729,0.000417430974651376,0.000760808724126246,0,0,0.106205962336869,-71.8879825472612,-9.56950978038635,Not reported,Community/Indigenous,BRA,Brazil
33733,6,0.0731841148839605,0.00143172073441112,0.000711505216431595,0,0,0,-71.7998904230184,-9.7162553024892,Not reported,Community/Indigenous,BRA,Brazil
33734,7,0.0814155114354232,0.00428925593542501,0.000841602639549913,0,0,0.222629843654903,-71.5200765669502,-9.37415897284922,Not reported,Community/Indigenous,BRA,Brazil
33745,5,0.0593142930497924,0.153448362244011,0.00198536894960808,0,0,0.28464027441919,-70.2039040582776,-10.7049418169108,Not reported,Community/Indigenous,BRA,Brazil
33811,16,0.142486098561524,0.196956158214462,0.00567094585879804,0,0,1.91724998985406,-51.5079088061219,3.41104429363807,Not reported,Community/Indigenous,BRA,Brazil
33812,10,0.12304829089779,0.122722432274156,0.00245688201908207,0,0,1.41630489027484,-52.7506506026372,1.04991113529523,Not reported,Community/Indigenous,BRA,Brazil
33846,32,0.342605334663825,0.202553252866274,0.00244436118890316,0,0,1.01421257842261,-59.1156558056094,-4.64439049140954,Not reported,Community/Indigenous,BRA,Brazil
33848,66,0.791233998944059,0.081800973879003,0.000788125082866381,0,0,0.165421957410053,-67.2024569612681,-6.84965862595539,Not reported,Community/Indigenous,BRA,Brazil
33872,6,0.0619734866143406,0.168082621574402,0.00195563271030434,0,0,0.36332161380198,-66.2535064306765,-9.34793650891882,Not reported,Community/Indigenous,BRA,Brazil
33874,42,0.482484183625455,0.0376900763817331,0.000703011161970018,0,0,0.118459120172392,-70.6008566091827,-7.27902030546821,Not reported,Community/Indigenous,BRA,Brazil
33889,32,0.387030655024695,0.0517727823225426,0.000770520403035757,0,0,0.372799878509034,-58.0451815925644,-0.889308683065881,Not reported,Community/Indigenous,BRA,Brazil
33890,7,0.0812987094233516,0.335797117807683,0.00341121578042972,0,0,1.27328601112756,-62.5897647204966,-7.32068070192487,Not reported,Community/Indigenous,BRA,Brazil
33895,6,0.0725073321875078,0.304322122737728,0.00145809382547164,0,0,0.31787034368946,-62.1816217760196,-7.19712824413128,Not reported,Community/Indigenous,BRA,Brazil
33897,54,0.651847293901886,0.0890595256908849,0.0006402143314662,0,0,0.134430324946129,-67.7532519569133,-4.86532034985639,Not reported,Community/Indigenous,BRA,Brazil
33904,21,0.165445873467514,0.461103987547983,0.00290869689875995,0,0,1.60725036404061,-61.9884948384874,-8.27884877871345,Not reported,Community/Indigenous,BRA,Brazil
33909,29,0.305472285283776,0.161879245592919,0.00205847505193193,0,0,0.591771721225693,-69.574655496629,-3.78559270437215,Not reported,Community/Indigenous,BRA,Brazil
33912,8,0.0839605964824312,0.0876686412902994,0.000924149835473265,0,0,0.409912901797408,-68.4271541422749,-3.58695061121133,Not reported,Community/Indigenous,BRA,Brazil
33920,380,4.59346160959366,0.026787399770085,0.000725306636014074,0,0,0.0927340797787667,-71.1640185934184,-5.96901620596762,Not reported,Community/Indigenous,BRA,Brazil
33922,57,0.667874297878311,0.181479520449263,0.00196124157286771,0,0,1.14789353550036,-60.6564183281466,-0.860159581466589,Not reported,Community/Indigenous,BRA,Brazil
33925,10,0.113122434728446,0.0568494604033346,0.000912820447419017,0,0,0.557083529012546,-66.3929380273169,-6.96003902238927,Not reported,Community/Indigenous,BRA,Brazil
33926,22,0.246072251749142,0.527407017799608,0.00321430034616865,0,0,1.08825435078383,-46.2844463666088,-2.87720792970894,Not reported,Community/Indigenous,BRA,Brazil
33927,27,0.266786854386692,0.781010259645277,0.00284709274978794,0,0,0.195235921792957,-46.424830915766,-5.09515429341641,Not reported,Community/Indigenous,BRA,Brazil
33930,14,0.112697668512343,0.911966962371319,0.00870805454699957,0,0,1.6452326361064,-45.5388718971067,-5.61598662254577,Not reported,Community/Indigenous,BRA,Brazil
33935,11,0.0622695474461828,0.871211084502063,0.00743474091601343,0,0,1.61256181799556,-46.9210031285627,-5.88972839427398,Not reported,Community/Indigenous,BRA,Brazil
33942,6,0.0564929778253119,0.652017606081292,0.00113255752416519,0,0,0.169416563882456,-57.4229832638641,-10.9480964936977,Not reported,Community/Indigenous,BRA,Brazil
33946,17,0.0984123411142283,0.793959438259408,0.00402790084298663,0,0,1.87738119275852,-51.9705490387049,-14.3734821026048,Not reported,Community/Indigenous,BRA,Brazil
33951,35,0.370280547991444,0.532379036120941,0.00170151407388119,0,0,0.649141347648065,-53.1079584981808,-10.2352950300774,Not reported,Community/Indigenous,BRA,Brazil
33952,5,0.0381843034734,0.637801091797395,0.00171442110368003,0,0,0.134739544784813,-58.2416497866207,-11.3415577624626,Not reported,Community/Indigenous,BRA,Brazil
33953,8,0.0810066867854669,0.434480065332748,0.00148767572460698,0,0,0.476567165366624,-58.6132778298012,-9.47762970909044,Not reported,Community/Indigenous,BRA,Brazil
33958,12,0.109133650350543,0.528680505625304,0.00215717477224192,0,0,0.251242510033137,-58.2409648122839,-10.764714463649,Not reported,Community/Indigenous,BRA,Brazil
33965,84,0.797715735165897,0.815084616974409,0.00202581212589368,0,0,0.611829449342251,-59.4250747792499,-12.8291736339094,Not reported,Community/Indigenous,BRA,Brazil
33966,20,0.0811078353089245,0.784090143694132,0.00443447180197607,0,0,0.41592359671671,-53.1884880270327,-14.4189335308117,Not reported,Community/Indigenous,BRA,Brazil
33967,6,0.0200216832969017,0.791374648830268,0.00277696889340374,0,0,0.337276636171014,-58.7348621011628,-14.1335938465219,Not reported,Community/Indigenous,BRA,Brazil
33969,25,0.110394382753773,0.789169688075442,0.00214348130057126,0,0,0.841015518018869,-51.6374274231194,-13.3976814941541,Not reported,Community/Indigenous,BRA,Brazil
33976,5,0.0208047134029291,0.821268962716214,0.00486510784479911,0,0,0.628709702554063,-53.8833430306519,-15.4393302390558,Not reported,Community/Indigenous,BRA,Brazil
33980,5,0.0344647033522397,0.593398832961729,0.00579575080357729,0,0,1.09789855973731,-59.5174029196576,-14.782577244789,Not reported,Community/Indigenous,BRA,Brazil
33984,5,0.03227825249993,0.681181042294776,0.00449465797204339,0,0,1.92130439703116,-50.712513402503,-10.6201389077975,Not reported,Community/Indigenous,BRA,Brazil
33986,8,0.0474534825531712,0.916619284655589,0.00315395744016118,0,0,0.517896719110218,-58.4089475696719,-13.1095312433332,Not reported,Community/Indigenous,BRA,Brazil
33988,25,0.146281575625408,0.8935622636794,0.00275575043248244,0,0,0.378844053470664,-58.2367869379886,-13.4918607931677,Not reported,Community/Indigenous,BRA,Brazil
33989,19,0.142127659135731,0.560614650633545,0.00668013748667871,0,0,1.66069614613308,-59.9409980116686,-13.75420927174,Not reported,Community/Indigenous,BRA,Brazil
33990,17,0.173412629388409,0.507448045972639,0.00127356369947435,0,0,0.136529784046383,-60.8381890032635,-10.6730261841071,Not reported,Community/Indigenous,BRA,Brazil
33991,16,0.162857799614571,0.802470947570742,0.00391080663288906,0,0,0.382686188265971,-46.7485545769512,-2.25489657122337,Not reported,Community/Indigenous,BRA,Brazil
33994,24,0.274298455669416,0.138014402316932,0.00141778705006104,0,0,0.371734709045803,-56.8594044625746,-3.63207418375852,Not reported,Community/Indigenous,BRA,Brazil
33995,29,0.31992989985511,0.596694070782337,0.00197775027492866,0,0,0.274623152576271,-52.0055274804023,-5.71418887823554,Not reported,Community/Indigenous,BRA,Brazil
33998,27,0.317597717786545,0.317034001367474,0.00148878877993007,0,0,0.405859310916966,-52.4416669870663,-4.75085854929423,Not reported,Community/Indigenous,BRA,Brazil
34000,41,0.484889822176929,0.305211621345145,0.000761846150100346,0,0,0.0729975539644809,-54.5187447486999,-7.32508535501296,Not reported,Community/Indigenous,BRA,Brazil
34001,24,0.256243439738985,0.628670898072625,0.00204398686405601,0,0,1.95067204167737,-50.8076625055988,-6.33723214796058,Not reported,Community/Indigenous,BRA,Brazil
34004,145,1.54760382397128,0.619827067346172,0.00131362056208927,0,0,0.516641958673931,-51.8450213904651,-7.73191510995206,Not reported,Community/Indigenous,BRA,Brazil
34010,95,1.04659241376719,0.472844951453081,0.00154048148502304,0,0,0.396761584138435,-57.4997931741089,-7.56903571229343,Not reported,Community/Indigenous,BRA,Brazil
34013,11,0.108521976493754,0.433152694377575,0.00202916416544671,0,0,0.882722320038855,-50.1131216281037,-4.80033077688173,Not reported,Community/Indigenous,BRA,Brazil
34015,5,0.0438797427758841,0.379060240925134,0.00481802912585519,0,0,0.690317598377486,-58.0189078235758,-6.42970653271398,Not reported,Community/Indigenous,BRA,Brazil
34019,12,0.0454233663449391,0.981166150511157,0.00696875141414378,0,0,1.30799569527497,-47.594140169322,-6.11995910957805,Not reported,Community/Indigenous,BRA,Brazil
34021,22,0.063386703581593,0.880289329001784,0.00417743630253335,0,0,2.28334778389981,-47.3991927037935,-8.36502114160946,Not reported,Community/Indigenous,BRA,Brazil
34023,17,0.0697335137021871,0.951553980652022,0.00387407885898133,0,0,1.34060868470831,-48.1171686316889,-9.55528311421481,Not reported,Community/Indigenous,BRA,Brazil
34026,9,0.0903360281327915,0.362183222122136,0.00556543807435069,0,0,2.03034548646338,-64.3248944054395,-12.0272306126989,VI,Government,BRA,Brazil
34030,8,0.0617464256950469,0.558998592202023,0.00569027626897027,0,0,2.15854780559218,-65.0606492647129,-10.5017596943533,Not reported,Community/Indigenous,BRA,Brazil
34037,12,0.121598790374465,0.344076360452238,0.00314607453073658,0,0,0.662561762134409,-65.1549560794605,-11.3584896429101,Not reported,Community/Indigenous,BRA,Brazil
34039,5,0.0469197470603992,0.348931566701834,0.00821394828757832,0,0,2.77744162517514,-64.8662458823975,-11.9293792005297,Not reported,Community/Indigenous,BRA,Brazil
34041,6,0.0646255908848326,0.494272227752198,0.00129846605058493,0,0,0,-60.6095922811339,-11.1976799310735,Not reported,Community/Indigenous,BRA,Brazil
34044,7,0.0460998789759266,0.724533078290023,0.00467393659693317,0,0,1.44161488296582,-60.5827103830017,-12.6271266991736,Not reported,Community/Indigenous,BRA,Brazil
34045,62,0.648290434921617,0.327392797837597,0.00272660332470971,0,0,0.942384558659886,-63.5180710683577,-11.1753823045581,Not reported,Community/Indigenous,BRA,Brazil
34059,12,0.0862344768530713,0.578478115347402,0.00332792074214159,0,0,0.844906515148098,-59.8589021144267,1.99886544548562,Not reported,Community/Indigenous,BRA,Brazil
34075,37,0.201392108411463,0.668982583666305,0.0114194857762145,0,0,2.30435824027567,-60.334077251423,4.67767712747893,Not reported,Community/Indigenous,BRA,Brazil
34078,9,0.0360599363582584,0.798841763749553,0.00471566534531899,0,0,0.979995707446937,-52.7957079532336,-15.2306308421632,Not reported,Community/Indigenous,BRA,Brazil
34084,7,0.0808302709385569,0.158251695404558,0.00127161784318884,0,0,0.265122773855252,-59.6912878695541,1.35939047139378,Not reported,Community/Indigenous,BRA,Brazil
34804,5,0.0312895101203521,0.54776666588185,0.0238068749657398,0,0,4.65952674505793,31.5608251368224,1.78812655119763,Not reported,Government,UGA,Uganda
34842,74,0.8912219378171,0.235686974914817,0.00119936224079236,0,0,0.185068065769769,-51.5661777169427,-4.50794306150559,Not reported,Community/Indigenous,BRA,Brazil
34843,17,0.189397326722044,0.420344540768154,0.00177442334610876,0,0,0.266368153722846,-54.1407904373672,-4.31059449314432,Not reported,Community/Indigenous,BRA,Brazil
34845,239,2.78887009695049,0.445573650991707,0.000941176500958616,0,0,0.220539916792014,-53.2376443539859,-8.70450490967461,Not reported,Community/Indigenous,BRA,Brazil
34849,23,0.281621520619944,0.286503576884046,0.00084359120677597,0,0,0.0787452387153503,-54.3950274733128,0.659856432634318,Not reported,Community/Indigenous,BRA,Brazil
34895,5,0.0103780980746752,0.974292625979207,0.00376526369728008,0,0,0.752845784990818,-45.0556173920623,-6.14056467694753,Not reported,Community/Indigenous,BRA,Brazil
36026,5,0.0454006097009356,0.198491780796186,0.0396781958400475,0,0,3.81905190186349,-9.29209720024187,5.36418100243282,Not reported,Government,LBR,Liberia
36579,12,0.0225523561173678,0.761544397498315,0.015670961840981,0,0,0.814881304229348,4.36671659281727,9.11733292338161,Not reported,Government,NGA,Nigeria
36820,15,0.0739620182006795,0.529828856349846,0.052181998047425,0,0,3.09780863689935,4.39064759715505,6.92877119970809,Not reported,Government,NGA,Nigeria
36862,5,0.00752977645332381,0.763931221025675,0.0158445605413017,0,0,0.698078395765567,6.91725839970869,6.97288433384269,Not reported,Government,NGA,Nigeria
36946,5,0.00873252112397523,0.780687340504529,0.0205583938304605,0,0,0.585903962218888,7.28071653812532,6.57030812393021,Not reported,Government,NGA,Nigeria
36971,7,0.0278924486538322,0.713331561413487,0.0209123885108044,0,0,0.815728334612489,4.69483022942633,6.81610978406306,Not reported,Government,NGA,Nigeria
36977,9,0.0441741204875492,0.482272069735103,0.0291253153772822,0,0,1.56192156837225,5.12947970051874,6.86905466070854,Not reported,Government,NGA,Nigeria
37013,5,0.0256556295539098,0.580604522519135,0.045002632394876,0,0,3.22238821423616,8.38933920459245,5.21060707373811,Not reported,Government,NGA,Nigeria
40764,5,0.0242236191681937,0.67464344362809,0.0472269850948106,0,0,2.33270153801995,-2.15091606989524,6.72060439560325,III,Government,GHA,Ghana
40811,8,0.0493781632625668,0.707817472322317,0.0757276942185024,0,0,3.40242420401745,-3.13533783814118,6.37316987259297,VI,Government,GHA,Ghana
40875,6,0.0136712363444802,0.789483117952424,0.0726020088355216,0,0,3.35979329073041,-2.54883438682612,7.5634086099444,IV,Government,GHA,Ghana
41013,10,0.0931025347416189,0.388111053192258,0.0173070204231797,0,0,0.715213602968514,-85.5215394007831,14.4948608537981,VI,Government,HND,Honduras
41014,21,0.189277132945548,0.680092486673679,0.0191805920159054,0,0,1.64773044390495,-85.0735880311683,15.3709369464419,VI,Government,HND,Honduras
41049,51,0.556611208561548,0.268196850850026,0.00339158909725777,0,0,1.99530656334716,-59.0155230091761,3.26192754312117,VI,Government,GUY,Guyana
41053,47,0.549307460244578,0.119069135945707,0.00323719284094535,0,0,2.35206791326762,-58.9708211963098,1.58659708193739,VI,Community/Indigenous,GUY,Guyana
41057,6,0.0489515727393874,0.353206486779631,0.00342618346563382,0,0,0.106831530165721,-59.0484294000596,7.81566293686763,VI,Government,GUY,Guyana
41093,45,0.482897233473344,0.505253696575365,0.00150891752119516,0,0,0.543222323729143,-59.9125786544311,-11.6579539002925,Not reported,Community/Indigenous,BRA,Brazil
61074,9,0.0790125745633461,0.895180179579875,0.0219936258289738,0,0,1.21882544187928,-84.0539322840007,12.672268771907,IV,Government,NIC,Nicaragua
61401,137,1.45610464982202,0.344075764368379,0.071042881087074,0,0,3.9391505273799,-89.721426922442,18.5596787888163,Not reported,Government,MEX,Mexico
61403,20,0.125875377567037,0.603161296073673,0.0864046225081314,0,0,2.52544106143347,101.352351529886,21.7659076568379,Not reported,Not reported,CHN,China
61407,6,0.05872957965532,0.634534137296845,0.177083848725115,0,0,6.82857086126918,-92.6502877748436,15.5371161404248,Not reported,Government,MEX,Mexico
61497,6,0.0467993475321473,0.55767290478578,0.0347458778375671,0,0,0.955190166235577,104.58906705256,20.1379700074431,VI,Government,LAO,Laos
61501,16,0.0975064156949171,0.567244890643265,0.0461905652554175,0,0,1.97236836962141,104.808159363443,17.7532271486864,VI,Government,LAO,Laos
61596,9,0.0519794690870532,0.117663505448566,0.192701350148781,0,0,4.56597665107981,-71.3448475865547,47.3087257287082,II,Government,CAN,Canada
61612,67,0.453580657217459,0.63716077152473,0.0171763608311593,0,0,3.37993103215628,-62.0048953241156,5.55914268299621,Not reported,Not reported,VEN,Venezuela
61767,7,0.0658625648872336,0.0167400462123476,0.00189665155286582,0,0,1.14425129223049,-71.176584675759,-10.2315819739755,VI,Government,PER,Peru
61943,11,0.0643034036505072,0.577616400372719,0.021785507273706,0,0,0.555076824484393,104.424082569915,14.075281091922,IV,Government,KHM,Cambodia
62046,5,0.0387569221441583,0.980276859170139,0.0125412862259651,0,0,1.25938756624962,-84.5429755546218,14.8174641521154,IV,Community/Indigenous,HND,Honduras
62095,15,0.0401529761804469,0.396635234572771,0.0085587898767858,0,0,0.944998490143169,28.8822819928436,-15.7407198716654,VI,Shared governance,ZMB,Zambia
62266,6,0.0123235601969425,0.410015216578895,0.200636801146273,0,0,4.89530630441853,26.9368493870991,55.8857937392156,V,Government,LVA,Latvia
62275,6,0.0147660663918998,0.378049068529901,0.225208336828922,0,0,5.44120709693591,26.1791152432023,55.6473241070963,V,Government,LTU,Lithuania
62282,5,0.018546224041434,0.46265024599609,0.303826646000493,0,0,6.62813092182481,25.7328687551727,55.2501481983063,V,Government,LTU,Lithuania
62493,10,0.072026147010333,0.725449343684935,0.0277886336453116,0,0,1.87061771713988,115.124232354567,-3.556456341169,VI,Government,IDN,Indonesia
62580,19,0.0508516404046758,0.625792618771644,0.115000011468295,0,0,4.48109180198433,77.5342494798842,43.2414954486354,IV,Government,KAZ,Kazakhstan
62620,5,0.00793100862785601,0.102853603854702,0.00770574667873359,0,0,0,69.7071680273033,55.0316794574754,IV,Government,KAZ,Kazakhstan
62621,21,0.212931746197582,0.404444704658263,0.0496926983080566,0,0,3.24327165181703,123.677750987521,0.581342041801084,II,Government,IDN,Indonesia
62941,19,0.102899092793196,0.461162793699191,0.450084712314786,0,0,7.34924479619569,147.117840279355,-37.1534004793457,II,Government,AUS,Australia
63052,19,0.0937755242909674,0.354592605775017,0.221645042487923,0,0,5.47724132514837,16.0900949411762,39.9410378980572,II,Government,ITA,Italy
63623,24,0.109119367720072,0.53445219337974,0.238726069440921,0,0,5.24969963721518,22.0205744844192,44.6818020977106,V,Government,ROU,Romania
63641,7,0.0228424535440251,0.0315811702222346,0.283221713980782,0,0,6.18621019276868,15.900317603997,41.8289298310069,II,Government,ITA,Italy
63647,9,0.0346434951641367,0.547204470002303,0.38256066564345,0,0,6.09902983594641,9.34800622412328,39.974363818598,II,Government,ITA,Italy
63863,12,0.0680034395338125,0.541731699647703,0.441329373312475,0,0,8.02725395649473,150.234261053439,-35.0165515883817,II,Government,AUS,Australia
64415,5,0.0244421066887188,0.872182347678763,0.0773414480415303,0,0,3.58301245775377,91.8804232307288,27.3437551509576,IV,Government,BTN,Bhutan
65177,8,0.0391995979025493,0.408380793523044,0.284771091643607,0,0,5.07995092082627,-120.889490780799,49.18791274092,II,Government,CAN,Canada
65785,12,0.0766309625848276,0.368215631503629,0.245357076902724,0,0,4.75298319402691,-65.4396619435969,44.2289327986859,Ib,Government,CAN,Canada
66395,67,0.343891756705623,0.356741367472397,0.184317204851905,0,0,3.21455160695508,-91.5128315491733,48.3775962163791,Ib,Government,CAN,Canada
66603,5,0.0222337178406435,0.177326766281667,0.375366274225565,0,0,4.37041891588595,-70.2617363733296,48.335418184976,II,Government,CAN,Canada
66607,19,0.118662003128223,0.0887093189361716,0.275823125917605,0,0,4.31311432755848,-74.3704889264885,46.4270087995383,II,Government,CAN,Canada
66710,45,0.183800990963391,0.512742445813502,0.0283808727765359,0,0,0.580006589636187,-66.5093015884784,51.4219975618613,II,Government,CAN,Canada
67060,9,0.0207419339184605,0.222646373642362,0.242531789120985,0,0,5.63136992294809,-115.218612006828,50.558652604632,II,Government,CAN,Canada
67729,25,0.207293746636319,0.611358746657558,0.0363867002309354,0,0,2.55132190036459,99.0991683952024,15.3208726862587,Not reported,Not reported,THA,Thailand
67732,6,0.0180299483440773,0.185110706161187,0.0839176961249478,0,0,4.77790512983953,103.90487509107,33.1723919281992,Not reported,Not reported,CHN,China
67738,6,0.0205845875885881,0.552436492012762,0.654236467251951,0,0,9.41198999049893,15.637744623271,50.6944935328933,Not reported,Not reported,CZE,Czechia
67744,12,0.0893421473459689,0.797667922000783,0.176955435673953,0,0,4.72998919658087,-89.622916631183,15.2415650608547,Not reported,Shared governance,GTM,Guatemala
67755,6,0.0318334166256368,0.761952524370515,0.769059827017499,0,0,7.33580686328124,-88.0407337906846,36.7893694754071,Not reported,Not reported,USA,United States
67759,6,0.0135020185742316,0.458046842766556,0.0426430860785869,0,0,3.45592592708923,-58.1626454813316,-25.0493274067933,Not reported,Not reported,ARG,Argentina
67802,5,0.0123475899019123,0.419317203287001,0.782161505164793,0,0,9.17484166430424,16.9105794387794,48.5641921962787,II,Not reported,AUT,Austria
67924,12,0.0286493178880713,0.191049601456567,0.882528824120726,0,0,9.48877646618067,4.78766322980178,48.5527493334572,Not reported,Not reported,FRA,France
67932,10,0.0820631563318491,0.16209650095622,0.0338360169194127,0,0,4.21189833930263,9.63587590668385,-2.06060387439163,II,Not reported,GAB,Gabon
67933,6,0.0471767789233767,0.381852741215225,0.0535758990661249,0,0,5.99955814520565,10.2056798702248,-2.79536626602206,VI,Not reported,GAB,Gabon
67985,52,0.174030441904061,0.786710695918747,0.0622128314362087,0,0,1.24828537323038,-14.1586542537178,10.6951778606607,Not reported,Not reported,GIN,Guinea
67986,38,0.139870015142791,0.888710660227498,0.0416820841646369,0,0,0.773028078844504,-13.6738482336445,10.5569845749516,Not reported,Not reported,GIN,Guinea
68011,11,0.114891629335017,0.350015765465243,0.0131619411164311,0,0,1.12604859283015,104.273293032071,-1.4223616209843,Not reported,Not reported,IDN,Indonesia
68168,11,0.0257815631677178,0.428831782306462,0.0861647556251523,0,0,6.15600703579865,32.4312471985972,-27.8542030927388,II,Not reported,ZAF,South Africa
68313,15,0.0897230049646076,0.641911007492451,0.431212777917323,0,0,4.05992812933324,-91.1632717097315,34.2923435643363,Not reported,Not reported,USA,United States
68316,8,0.0290536226015071,0.262764789427811,0.927648055764819,0,0,7.66905460682857,-74.985050017321,39.2936420841927,Not reported,Not reported,USA,United States
68404,32,0.0753893417503264,0.514181026930159,0.0358750632616281,0,0,1.59137631605754,-158.661974835894,59.7492307800302,V,Government,USA,United States
68632,5,0.0227942489893513,0.298535002594328,0.10759500578012,0,0,4.71627832515157,145.094732033684,44.0723337452856,Ib,Government,JPN,Japan
68862,6,0.0417657671458935,0.277356044986655,0.0227398352867776,0,0,1.15158382799777,107.394154416782,14.5321493417262,II,Government,KHM,Cambodia
71252,23,0.212825499177995,0.589447520839577,0.0566572317452569,0,0,2.97749193630092,101.268766806014,20.9169736716892,VI,Government,LAO,Laos
71253,12,0.10444834531337,0.52111350500841,0.0134936863114363,0,0,0.466530735920697,100.835029112112,20.5498991155685,VI,Government,LAO,Laos
71261,9,0.0791354462161942,0.465497134490664,0.0170567044926741,0,0,1.90280920649214,107.024916893837,16.1089215731884,VI,Government,LAO,Laos
72312,50,0.478524358869118,0.455682645975449,0.0088319746166124,0,0,1.49281950798912,28.5370745344989,-3.43176616716365,Not reported,Not reported,COD,Congo - Kinshasa
72324,62,0.633389370260205,0.0919601261672186,0.00250396952533673,0,0,1.02088713596564,12.7628428045829,1.68876714248445,II,Government,GAB,Gabon
77895,5,0.0120452783601865,0.329635370394398,0.638866722628297,0,0,5.19127670907533,-83.9551338552314,45.4038455320662,V,Government,USA,United States
81072,16,0.167921526993856,0.385230403084309,0.0218534310815074,0,0,5.30586054350044,-77.573985833493,-0.440810395252102,II,Government,ECU,Ecuador
83231,11,0.0245676207404828,0.535911062927016,0.513725592736626,0,0,11.0509736874981,6.26035196779014,44.7819383995323,V,Government,FRA,France
93295,56,0.244211403139275,0.626915766211776,0.402968945112526,0,0,5.96306211395063,-113.833138931993,48.6918018032976,Not reported,Not reported,CAN;USA,CAN;USA
93409,21,0.197606507852907,0.516029129697922,0.0423065027927563,0,0,4.03774092009075,-53.9479910544101,-26.9266343085629,Not reported,Not reported,ARG,Argentina
93533,80,0.237616383688517,0.743584544620356,0.00135753256085629,0,0,0.543927102064255,108.294544984756,49.1160821411426,Ib,Government,MNG,Mongolia
93582,9,0.0125225129828422,0.581862704707936,0.0106701746822355,0,0,1.92632109888525,107.475589109435,48.1212515312853,II,Government,MNG,Mongolia
93914,13,0.0523006050786169,0.248145828148516,0.0475919298218279,0,0,1.71086937087923,25.7767880334729,52.7041862268334,IV,Not reported,BLR,Belarus
93945,7,0.0208317855437692,0.360840743285459,0.0416434435276651,0,0,1.87263121097877,29.3887510758236,55.4736669611473,IV,Not reported,BLR,Belarus
93947,11,0.0460453297755456,0.251971135860041,0.0851487135079706,0,0,4.00219403183908,26.4157325160155,53.8751701816039,IV,Not reported,BLR,Belarus
94063,13,0.0943528074991867,0.649957018057793,0.0018123649211357,0,0,1.58305916731332,-50.1390597408934,-10.8348833099726,Not reported,Not reported,BRA,Brazil
95340,6,0.0233337918617255,0.0828440453870553,0.228242598024917,0,0,5.20927106032795,23.4516213721803,56.9263854560505,Ia,Not reported,LVA,Latvia
95341,6,0.0132050475249232,0.525187932639181,0.116772142002597,0,0,4.59149865629211,26.4846001374385,56.5828487591907,Ia,Not reported,LVA,Latvia
95375,35,0.055962882462705,0.163095475164226,0.0144483243190258,0,0,2.05827344219684,69.2202773432638,55.6790333559933,Not reported,Not reported,RUS,Russia
95381,16,0.0445816103660107,0.758709935548239,0.00553267039841259,0,0,3.01640337829521,164.112424429035,58.9357622198713,Not reported,Not reported,RUS,Russia
95382,22,0.0327014814222641,0.879943799878481,0.00154737155864357,0,0,0.393198063690237,156.491806925824,56.3501952433248,Not reported,Not reported,RUS,Russia
95384,16,0.0228631024905064,0.63995729782501,0.00322023134065132,0,0,0.25892363864027,157.400328015851,57.5255373062673,Not reported,Not reported,RUS,Russia
95386,7,0.0212905963454492,0.322804023209485,0.0628224789633642,0,0,3.43895999733668,27.9599610724146,58.2913103955971,Not reported,Not reported,RUS,Russia
95387,25,0.0993396577409651,0.270164716409822,0.02364947081266,0,0,3.44494960514937,45.206363382606,56.4276690799845,Not reported,Not reported,RUS,Russia
95388,24,0.087233289444019,0.193416866178104,0.0964535279820423,0,0,5.62657666437453,40.3245514837914,54.9603426853021,Not reported,Not reported,RUS,Russia
95396,11,0.0270452855140772,0.461718353723034,0.0537013165841831,0,0,3.9717661355674,30.2226747570106,59.0552861419616,Not reported,Not reported,RUS,Russia
95717,8,0.0125417956943743,0.485852382988774,0.324497635758444,0,0,3.89971385486942,102.684176552412,24.9012054972221,VI,Not reported,CHN,China
97512,14,0.111367090318417,0.485130155667893,0.0382233931117286,0,0,5.36250384258632,-78.1515735890929,-1.14851086969191,II,Government,ECU,Ecuador
98183,125,1.31761174748306,0.252225712411278,0.0136402795305991,0,0,2.43757928326125,-68.5070628872705,-14.0637932056968,Not reported,Government,BOL,Bolivia
98228,47,0.531448519055069,0.0340371099170188,0.00151340071867394,0,0,0.411690711607468,-75.3636331290364,-2.37740803846932,VI,Government,PER,Peru
99756,16,0.0376889382742548,0.510646186700463,0.0926277232188636,0,0,2.22261412306442,-124.002332156269,51.2968114180944,Ib,Government,CAN,Canada
99840,6,0.0167548586382335,0.36894492470793,0.0161973471193987,0,0,0.393239097655431,-129.789954465071,54.6754845172518,Ib,Government,CAN,Canada
99862,10,0.0300560746743596,0.878026875756374,0.015296764361586,0,0,2.99914212552978,15.394233570583,-3.25714476131519,IV,Government,COG,Congo - Brazzaville
100204,17,0.0404379208064275,0.86348718705203,0.0191094678933928,0,0,0,-98.1619763489286,56.7876796281126,Ib,Government,CAN,Canada
100285,13,0.0405801385606013,0.494867751053033,0.0902245095399647,0,0,3.47017628266011,-122.011490698158,50.2366450640336,II,Government,CAN,Canada
100712,7,0.0282739279463756,0.0807149974703957,0.142978833533928,0,0,4.9282033091125,-119.823522059909,54.0841314243351,Ib,Government,CAN,Canada
100713,16,0.0437392477341463,0.190402806274806,0.468694686773915,0,0,6.63755070961109,-114.973252423412,50.7497656951543,Ib,Government,CAN,Canada
100722,5,0.0397186310530924,0.564176807864287,0.115726849588884,0,0,7.34212765422351,-76.1986288971455,6.51712326990368,VI,Government,COL,Colombia
101097,11,0.0364479718878278,0.556550378498058,0.0209731607746092,0,0,0.524842660523074,-68.0703369632429,7.65512815154747,V,Government,VEN,Venezuela
101107,9,0.0342428916171428,0.370357950341941,0.0372457985884828,0,0,2.44296211170541,-68.1025049553072,9.05081419023339,V,Government,VEN,Venezuela
101111,16,0.0501229233573483,0.455673877295959,0.0272508762763246,0,0,1.21056619982019,-66.8462319691412,9.44044715025774,V,Government,VEN,Venezuela
101113,7,0.0309954464755838,0.366370970182992,0.0250509540944464,0,0,0.459357217925267,-64.7295058025437,9.24806973391531,V,Government,VEN,Venezuela
101116,8,0.0655334075264807,0.653979877771917,0.00319236590723868,0,0,0.927562092809266,-65.9679305704512,6.39807979849488,V,Government,VEN,Venezuela
101127,5,0.0233250180273883,0.545135770508045,0.0287964336224443,0,0,2.09689162223901,-68.6808680217304,10.9730536195026,V,Government,VEN,Venezuela
101131,7,0.0539698966615894,0.60807282683927,0.220073714420935,0,0,6.2825929657531,-67.8122714306973,10.3034041275737,VI,Government,VEN,Venezuela
101133,43,0.384996312315927,0.558584856268426,0.110713951892215,0,0,4.22213800662986,-66.4162141372292,10.2615712559637,VI,Government,VEN,Venezuela
101135,12,0.0925736040783944,0.791659670927711,0.0132558860602816,0,0,1.24927539013268,-71.3501662871376,7.91521501051724,II,Government,VEN,Venezuela
101139,7,0.0632595226652529,0.644212254688181,0.00557997497178836,0,0,2.8712072550669,-66.2298845372889,5.35768168127198,III,Government,VEN,Venezuela
101143,16,0.153674253319933,0.467056531521702,0.00339582702378234,0,0,1.17020024944891,-66.5471535250697,4.82311046066465,III,Government,VEN,Venezuela
101161,6,0.0130662570177931,0.423928841738343,0.0171566671150203,0,0,0.920916461711936,-70.2340909113417,10.7258136063775,VI,Shared governance,VEN,Venezuela
101425,5,0.0121330643415462,0.811614473199218,0.0748381158079372,0,0,1.99579636203769,20.4313270476099,40.2644838489891,II,Government,ALB,Albania
101548,8,0.0426751198344428,0.208306926259782,0.0742797066078896,0,0,1.01231775804756,-65.8749657334379,50.4745421423247,Ia,Government,CAN,Canada
101596,6,0.0245566868736464,0.48416613212714,0.0268162985968624,0,0,0.647978021766978,-123.145951859414,51.3662247561734,II,Government,CAN,Canada
101643,5,0.0233213435473894,0.260829613027124,0.0713397915253575,0,0,1.69383534442018,-118.260135139808,49.2790667447223,II,Government,CAN,Canada
101644,10,0.0359723301815041,0.252778589291393,0.108133089618802,0,0,2.52837856534444,-117.314775175494,50.3185621080533,II,Government,CAN,Canada
101650,14,0.0486132424018252,0.560697186665979,0.056026378181024,0,0,2.25512599734412,-124.948244080905,52.6993932576462,Ib,Government,CAN,Canada
101660,10,0.0307151767928576,0.196847564425232,0.0652803717675246,0,0,1.13064212652924,-120.567576863354,52.8207155132765,II,Government,CAN,Canada
101665,20,0.0639030218760749,0.236683170579064,0.104145252712034,0,0,2.59988165098174,-116.480271670425,50.1266868521939,II,Government,CAN,Canada
101721,31,0.0785541547217987,0.562136825495482,0.0234415246455392,0,0,0.575304379213839,-127.617120876413,53.1037055225073,Ib,Government,CAN,Canada
101761,55,0.668498452618011,0.070908269808614,0.00106874847793905,0,0,0.943692615478164,-52.6586600928194,0.294573692619494,VI,Government,BRA,Brazil
101855,10,0.0292406164106979,0.288213937288196,0.177903927359719,0,0,4.72299459054399,27.1187243796872,55.688741064954,II,Not reported,BLR,Belarus
102251,14,0.0238529538664138,0.595082204568581,0.283956215900326,0,0,5.51487231856533,26.5568840859504,48.856570370517,Not reported,Government,UKR,Ukraine
103145,8,0.0327791320480066,0.696980403836859,0.798234347181911,0,0,10.8407363471993,5.82239880868478,45.4147208727863,V,Government,FRA,France
103146,10,0.029676467169923,0.696505016050451,0.78989856612218,0,0,9.46378338500299,3.11797532974493,44.097643976526,V,Government,FRA,France
103147,9,0.0117776204894958,0.399770062779953,0.926332292967316,0,0,10.1287404720295,1.84888371494132,49.1041029434588,V,Government,FRA,France
103148,5,0.0148777294579363,0.777556503214763,0.831100591184717,0,0,10.6825890346249,6.10577227772802,45.6547136238606,V,Government,FRA,France
103149,17,0.0495766219357516,0.671107154259925,0.934717773056904,0,0,9.75649198255403,0.228734368538408,47.2848106879013,V,Government,FRA,France
103151,12,0.0454081709670887,0.789933314423399,0.866421054400618,0,0,9.61748140949608,-0.265515980023463,42.9757743658101,V,Government,FRA,France
103152,16,0.0855211466534111,0.637862598818758,0.81559098252165,0,0,9.78492411131999,3.72264007339884,44.2093335453655,V,Government,FRA,France
103154,8,0.0218028320355223,0.49428283573688,0.601181089326494,0,0,9.92269092628417,7.26181578198192,44.0756971697517,V,Government,FRA,France
103166,39,0.224821683195705,0.506683977504326,0.387599035024687,0,0,6.45169616857878,-99.4370528734115,21.3251756496011,Ia,Government,MEX,Mexico
103398,6,0.0212274891530197,0.864038685494034,0.39004197970377,0,0,7.65100990587458,15.3758464036427,59.9372384913314,V,Government,SWE,Sweden
103552,20,0.0478274658262619,0.0584469758952879,0.0213952129668744,0,0,3.98165510433145,130.379515013312,49.1780432969716,Not reported,Not reported,RUS,Russia
106683,23,0.235509443859048,0.0798451622871316,0.0716297242956111,0,0,3.14080063992401,145.089567508963,-6.76183537562586,Not reported,Community/Indigenous,PNG,Papua New Guinea
107034,8,0.0435625615538769,0.599368454469997,0.530376418084255,0,0,6.70101211263755,-91.1862780840915,14.6752697786709,III,Government,GTM,Guatemala
107292,14,0.122789046968811,0.588685076637649,0.0297190749102379,0,0,4.24193902222635,-80.5251266392338,8.93659654870684,VI,Government,PAN,Panama
107620,174,0.614820032542796,0.362422085652387,0.165462128583819,0,0,4.26923790924979,-104.609811219431,21.9480084789856,VI,Government,MEX,Mexico
107621,47,0.111854178792343,0.0762540612597898,0.140306946926218,0,0,3.43953536877911,-101.885351888746,27.8669855495825,VI,Government,MEX,Mexico
107625,18,0.0763207595826459,0.264986660848402,0.60278884750722,0,0,7.01602434625791,-100.075594600161,19.2309405049236,VI,Government,MEX,Mexico
107857,7,0.0207046710265928,0.106792760313985,0.408714685355118,0,0,6.51349392897752,-100.385036610576,22.6670851523365,Not reported,Government,MEX,Mexico
107996,7,0.015675914614987,0.765407153660482,0.292029311233507,0,0,5.53224170803572,-100.335830950071,18.6112679903391,Not reported,Government,MEX,Mexico
108064,6,0.0139492932842828,0.0503543889957508,0.278444556059355,0,0,5.67426710052457,-100.156758086954,21.438947383202,Ia,Government,MEX,Mexico
108069,6,0.0224825498599355,0.290143854048877,0.0776033907882522,0,0,3.28284489121945,-99.9277278313268,26.1823027049308,Not reported,Government,MEX,Mexico
108088,18,0.115245692287475,0.676262659630594,0.142720433914354,0,0,6.11280239074711,-93.3332870657036,16.0316766136939,VI,Government,MEX,Mexico
108111,13,0.0481616118723928,0.286333263410798,0.618589572296622,0,0,6.82856374110513,-99.4465753443137,19.4036380676573,Not reported,Government,MEX,Mexico
108112,8,0.0162532690165023,0.311791860608978,0.129041520915383,0,0,4.7128232839641,-102.002554060724,18.5761926431287,VI,Government,MEX,Mexico
109019,388,4.17541342074684,0.337412023153526,0.00212400649843743,0,0,0.2238060534319,17.0534354526564,0.655816465335885,Not reported,Not reported,COG,Congo - Brazzaville
109022,7,0.011491334438527,0.686970765891089,0.891976882886782,0,0,9.5826244688203,7.74322336119904,48.4105458734472,Not reported,Not reported,FRA,France
109034,117,1.12123291755491,0.292044672223698,0.026556263268305,0,0,3.22785722533587,10.1417983026382,-0.681529309044735,Not reported,Not reported,GAB,Gabon
115104,5,0.0141136879295644,0.403404635608597,0.596426470308365,0,0,7.51449134455946,18.0920849142763,50.8197691674774,Not reported,Government,POL,Poland
115516,6,0.0721033409676623,0.0714491631865561,0.000667999852601102,0,0,0.118302972062225,-64.9170497426644,-6.66938471839493,Not reported,Community/Indigenous,BRA,Brazil
115520,6,0.0651124870052323,0.252193555406832,0.00076799295728082,0,0,0.103140601964936,-64.7914169694462,-7.75294451230383,Not reported,Community/Indigenous,BRA,Brazil
115526,10,0.115220546124845,0.346391204456266,0.00149337494176561,0,0,0.295098625471156,-60.3462887384154,-4.46859778661929,Not reported,Community/Indigenous,BRA,Brazil
115535,20,0.241383204544521,0.0364738418425565,0.000663820599847781,0,0,0.0508436682496146,-65.3555402593795,-7.11980390709836,Not reported,Community/Indigenous,BRA,Brazil
115539,10,0.111168593355938,0.161133843616444,0.00118755733777785,0,0,0,-69.3337251445944,-6.91590825928178,Not reported,Community/Indigenous,BRA,Brazil
115697,37,0.375095135541678,0.679314022129407,0.00118785376298304,0,0,0.562143729277068,-59.0568606582804,-12.2388642270304,Not reported,Community/Indigenous,BRA,Brazil
115765,12,0.0477502436152991,0.826726868328947,0.00800475162647699,0,0,2.37606104624425,-59.4500410511508,-15.9004649239222,II,Government,BRA,Brazil
115768,22,0.063602894386202,0.859029269157217,0.00764549014043424,0,0,2.03664530439695,-55.4001732283161,-14.4702023845127,V,Government,BRA,Brazil
115769,7,0.0274679737539181,0.785858092998578,0.0132416353097493,0,0,3.72452223756249,-60.1646892619772,-14.7912678631233,II,Government,BRA,Brazil
115772,6,0.0614323612550459,0.363252226114291,0.00196974596631648,0,0,2.53901222959865,-54.4924037464978,-12.9494800021341,Ia,Government,BRA,Brazil
116298,30,0.332200460741896,0.151984614243101,0.0107176630786831,0,0,4.18649126499514,-58.8277808350585,4.46492276196113,VI,Shared governance,GUY,Guyana
124385,27,0.0367233165485851,0.511697773928572,0.071494610528957,0,0,4.45223457218755,2.005136242605,11.3095379857871,Not reported,Government,BEN;BFA;NER,BEN;BFA;NER
124386,586,2.27518024119599,0.183035459044629,0.0108893793311121,0,0,3.19183915796007,107.457697890164,53.2262930136055,Not reported,Not reported,RUS,Russia
124387,372,1.27915659215414,0.796233175948652,0.00509100953430089,0,0,2.51685909251715,158.968136622349,54.197706142985,Not reported,Not reported,RUS,Russia
124389,112,1.3284796162476,0.14274189285942,0.00346973345513416,0,0,1.30184829727381,28.4919700789368,1.67287925106257,Not reported,Not reported,COD,Congo - Kinshasa
124434,11,0.104313287937182,0.523073639364762,0.0280709319985102,0,0,2.68671756543298,102.488883305368,-0.962377678546509,II,Government,IDN,Indonesia
126263,7,0.0136691048864108,0.0107921067436917,0.056139715904997,0,0,2.8927082926907,122.60075803445,-32.3374872346473,Ia,Government,AUS,Australia
126281,11,0.0199234479241532,0.0723319211223013,0.0926034825750931,0,0,4.1217462438987,148.986374124616,-25.2522441498127,II,Government,AUS,Australia
127825,94,1.08072947382406,0.209271837329836,0.00687643602024751,0,0,2.17256603811217,-69.4261990799192,-13.3176094142389,II,Government,PER,Peru
129914,9,0.0473947975846274,0.579586487274849,0.126414044257363,0,0,7.19311600137962,-78.987165831569,-0.734850015565815,Ib,Government,ECU,Ecuador
129915,10,0.091708546287788,0.722864899130017,0.0301508801181941,0,0,4.94852438840473,-79.8057475025541,0.422455107147009,Ib,Government,ECU,Ecuador
134938,13,0.0411461491995887,0.50335112313716,0.700115302179615,0,0,8.21855289489288,17.8050798713934,48.9752693379885,Not reported,Not reported,CZE,Czechia
145492,6,0.0437813185893783,0.589008401620165,0.0795654634913757,0,0,2.58107922318266,125.902121000861,8.33926801159753,IV,Government,PHL,Philippines
145574,18,0.087280050541328,0.520148120858626,0.254016471735302,0,0,5.40700829549667,15.3798848669698,40.2995945121221,Not reported,Not reported,ITA,Italy
145584,123,1.14871525626379,0.750542062106908,0.07885195340749,0,0,2.71491542728642,-85.0735168956488,13.8621699929798,Not reported,Government,NIC,Nicaragua
145588,15,0.0395514031564146,0.0797180375686254,0.00255013820860074,0,0,2.35034924335086,90.598778917399,52.0225827986249,Not reported,Shared governance,RUS,Russia
145591,11,0.0354311008855261,0.25398860234426,0.144018651683291,0,0,5.87720726963569,41.5529092026318,43.4779086156976,Not reported,Shared governance,RUS,Russia
146306,19,0.0518162514343273,0.329774087993162,0.0928519062532251,0,0,3.83940211135378,29.8617797433138,51.6554237398145,Ia,Not reported,BLR,Belarus
146627,6,0.028213079761288,0.675382170908122,0.0229027861398931,0,0,1.51023771619363,10.1649412161696,6.77668316862843,II,Government,CMR,Cameroon
147304,6,0.0690979690999848,0.0263284169153794,0.00401722685711888,0,0,3.93227346024865,-52.7605531658331,4.06251657624845,IV,Government,GUF,French Guiana
147313,7,0.0152824733826482,0.365994922018049,0.930711826523138,0,0,9.10362153789763,0.839738792308463,48.5356730323565,V,Government,FRA,France
147522,21,0.058298360551226,0.77956798737012,0.922414623416903,0,0,9.0204596921384,0.768674860020056,45.5983530120471,V,Government,FRA,France
147523,6,0.0100901834736173,0.308938538830308,0.869122091614085,0,0,10.3383133858965,4.09064023638557,50.088502647813,V,Government,FRA,France
160849,6,0.00810129331725729,0.63692547446586,0.195160061287249,0,0,4.71089134822322,25.6255316797668,48.7492799213172,Not reported,Government,UKR,Ukraine
161439,6,0.014661269107431,0.483069115900077,0.0832699802145156,0,0,2.4521048771593,25.2118474810997,51.8489408580523,Not reported,Government,UKR,Ukraine
161467,9,0.0266191923207934,0.707229489410968,0.050765070769286,0,0,1.9738705453291,26.9056081451373,51.487482112631,Not reported,Government,UKR,Ukraine
161508,11,0.0240880315518606,0.414892580861932,0.137264314508708,0,0,4.52688817710858,33.5716667213403,51.3867172728959,Not reported,Government,UKR,Ukraine
166889,55,0.368037860805671,0.613173095075744,0.0290663121673723,0,0,4.11420765910603,29.5331418580482,-0.248553520312027,II,Not reported,COD,Congo - Kinshasa
166970,22,0.0639829125839001,0.61285885568368,0.282918251544544,0,0,6.54515486508298,-96.9870575262816,17.8150480723198,VI,Government,MEX,Mexico
167051,14,0.0807664634452765,0.882042911651368,0.349758510072872,0,0,6.88248803208383,-94.9717872161049,18.4349949697979,VI,Government,MEX,Mexico
167104,23,0.0340437214649289,0.276447225311363,0.0102073723596165,0,0,0.996580576771006,68.5034435979915,53.0822822072201,II,Government,KAZ,Kazakhstan
167298,8,0.0215260390987959,0.660510156268523,0.0114506936597324,0,0,0.363194079655426,-127.455834134875,58.4947659075026,II,Government,CAN,Canada
167316,9,0.0456642528370438,0.636035934012381,0.0374700409081298,0,0,0.513373851728766,-125.472055373217,53.2439109216531,II,Government,CAN,Canada
167337,12,0.0392440752267357,0.076858428873569,0.0271542177161398,0,0,1.5926657506727,-123.473035217012,56.6021817700472,II,Government,CAN,Canada
167369,5,0.0178861528331623,0.717783920475147,0.0380481830773204,0,0,1.96423017605188,-85.3209428790753,50.3038035323536,II,Government,CAN,Canada
167399,14,0.0515759056802672,0.369608113164442,0.0241660654266014,0,0,0.77542573038721,-125.36206618488,59.3697453369743,II,Government,CAN,Canada
167454,53,0.147243314608583,0.577508704261747,0.0211738050185012,0,0,1.02582974864956,-123.991837634231,58.1595565680063,II,Government,CAN,Canada
167539,9,0.034324620614256,0.0630339097749185,0.0211655441690605,0,0,0.813543845082156,-128.604540387667,55.8466147893561,III,Government,CAN,Canada
167576,116,0.53013131482315,0.422914587940623,0.0443869629723032,0,0,1.20840513332619,-89.4190515709861,50.7372518200793,Ib,Government,CAN,Canada
168241,115,0.362027274218081,0.170354431315973,0.00987517140269514,0,0,3.42548852993084,87.8733364208315,51.1365438304686,Not reported,Not reported,RUS,Russia
168276,5,0.0447203235488548,0.289040836997243,0.0654575139196771,0,0,6.74120920067745,-73.5352392283304,-3.91857946608042,VI,Government,PER,Peru
169103,7,0.0364570272310739,0.582673726745852,0.48836004655378,0,0,8.71501149206545,14.7630215147929,47.6408277067724,V,Government,AUT,Austria
172498,68,0.228284257719999,0.172354735881804,0.168123293278008,0,0,5.11512148547994,25.0459926797654,57.7360117026176,V,Government,LVA,Latvia
177746,5,0.00895264693181252,0.73417851653604,0.302536012155446,0,0,6.05985260194052,21.7455209967856,53.282935049888,Not reported,Government,POL,Poland
177781,6,0.0128983236186565,0.546327403034874,0.368735118367814,0,0,6.29272799716265,22.2968435864882,53.947981326308,Not reported,Government,POL,Poland
178272,20,0.0969738902466574,0.666669521061849,0.756366336759013,0,0,10.2593823930832,4.23130204496007,44.732025531586,V,Government,FRA,France
178297,20,0.0487310549640756,0.870104745555522,0.899172985534225,0,0,8.84756326927321,1.68089377815052,44.561020575086,V,Government,FRA,France
182736,6,0.0273511160069359,0.316305950658744,0.221304470851137,0,0,5.64390365672215,16.573452032009,39.2636810509415,II,Government,ITA,Italy
183407,9,0.0120486274958831,0.727275161671039,0.707125374899676,0,0,9.0644540037808,-4.68306147561408,56.2073751091992,V,Government,GBR,United Kingdom
193310,7,0.0303141956499948,0.826150484279659,0.236477494723984,0,0,5.40474452924582,24.5744272144984,47.7292808707543,V,Government,ROU,Romania
193408,37,0.385477855444234,0.120782812728977,0.0215476444972104,0,0,5.21746147602864,-52.5826295484765,4.5652966424168,V,Government,GUF,French Guiana
193409,6,0.0211432989126755,0.284269830114343,0.961917896020341,0,0,9.99419648629659,2.55354708934962,49.1887536430347,V,Government,FRA,France
193410,11,0.0489087206641651,0.42031638177426,0.695052599088768,0,0,10.2216624334407,2.16298313370449,42.5663961675999,V,Government,FRA,France
193411,26,0.0987852838987418,0.534290821889708,0.865126746235649,0,0,9.13344317002331,2.03853219708428,45.6680465193406,V,Government,FRA,France
196476,13,0.0492493451589575,0.783766068119925,0.206682523793588,0,0,5.05593429655773,22.6948729251672,44.9170905429336,V,Government,ROU,Romania
196477,11,0.0498682835581871,0.665282301547958,0.170047544531851,0,0,4.56413787990022,22.9314191021012,45.4897290146888,V,Government,ROU,Romania
198281,15,0.102051210672559,0.533841371113428,0.00751243633612882,0,0,3.6884900150461,-61.0641986264408,1.31035532862394,II,Government,BRA,Brazil
198292,18,0.105711646315771,0.64756059651983,0.0566899982770885,0,0,5.83936724260797,-39.3735623731079,-16.7857665052635,Not reported,Not reported,BRA,Brazil
198293,54,0.511216328495568,0.483167690348208,0.0439579824386571,0,0,4.94704363957287,-48.0972780607263,-24.6077498854354,Not reported,Not reported,BRA,Brazil
198295,11,0.0807785778895281,0.628907870897037,0.106537015452027,0,0,4.0985145394301,117.725105576608,27.714129710378,Not reported,Not reported,CHN,China
198298,143,1.50483012475874,0.169238900690567,0.0702733054406421,0,0,1.6928778879236,137.921989721563,-4.40698392887396,Not reported,Not reported,IDN,Indonesia
198301,38,0.204768803984039,0.211474814282946,0.130296742625992,0,0,5.7930408441731,40.2221035378569,43.8247604409202,Not reported,Not reported,RUS,Russia
198350,12,0.137405121224645,0.163247994733076,0.00165462048298081,0,0,0.851256685508356,-62.3987350959051,-8.15712989535303,VI,Government,BRA,Brazil
198351,8,0.0810935237661101,0.44217477519696,0.00199500376579693,0,0,2.30404481859019,-61.8276784714411,1.29675763132349,II,Government,BRA,Brazil
198355,75,0.402084037462826,0.713342526876574,0.0260017760924753,0,0,2.97628866389013,-41.553761617109,-3.79720894711673,V,Government,BRA,Brazil
198356,16,0.0454882309990766,0.550969471885889,0.0901809764577941,0,0,5.70931377370432,-39.4796621846807,-7.33851363453839,V,Government,BRA,Brazil
198359,13,0.148499117909567,0.282299187847432,0.000880278439291361,0,0,0.339795028524059,-54.9791494306519,-5.99350383027429,VI,Government,BRA,Brazil
198360,17,0.163458287383992,0.641652790214554,0.0198965095856784,0,0,5.57430665719208,-50.2176685961099,-6.11814187014588,VI,Government,BRA,Brazil
198363,12,0.12847834446335,0.16853111785751,0.00394993142308933,0,0,0.775992196129513,-56.4708171102349,-5.11843192167743,VI,Government,BRA,Brazil
198366,45,0.30004620734951,0.471208383258244,0.00340450632601292,0,0,1.60565028688728,-43.8221611829935,-9.16407746124335,II,Government,BRA,Brazil
198367,21,0.0456942684494132,0.512463400985087,0.0274073653101902,0,0,3.16055773379685,-53.7060405075854,-23.0574285298005,V,Government,BRA,Brazil
209777,6,0.00907531449537323,0.407252757605482,0.204571162040083,0,0,5.40023583342504,48.8922868500935,55.7732650886421,Not reported,Shared governance,RUS,Russia
209778,5,0.0315546573577737,0.289332429535661,0.20675515758603,0,0,5.30144593999453,40.1605669206024,43.6545301003406,Not reported,Shared governance,RUS,Russia
220055,21,0.0489689888271645,0.489958953302085,0.275225953716882,0,0,7.61979473935862,2.42379960277687,6.86901210547911,V,Not reported,BEN,Benin
220056,13,0.0265883190839385,0.453842778834376,0.200874630834526,0,0,6.0123206580546,1.77161971504826,6.91533683384104,V,Not reported,BEN,Benin
220068,87,0.391879334604192,0.192668744021031,0.00362255336874549,0,0,0.4882439578901,31.3437833081239,-4.65605198724814,Not reported,Not reported,TZA,Tanzania
220253,7,0.0235944904647729,0.0849559276728641,0.0140552765554278,0,0,1.17123272659457,-61.6528651818429,-24.2564315790107,Not reported,Not reported,ARG,Argentina
220258,26,0.110092381986502,0.673456004009143,0.0452279164100373,0,0,1.44577262816723,104.834050326479,32.7720514041281,Not reported,Not reported,CHN,China
220266,16,0.110849142307272,0.847796494428648,0.0823321976754961,0,0,4.75977438035463,-55.4000688364301,-24.2722434984499,Not reported,Not reported,PRY,Paraguay
220294,94,0.528358963698194,0.58286179326276,0.434236048651642,0,0,7.58370400481431,150.53164263793,-33.2892067125215,Not reported,Not reported,AUS,Australia
220296,7,0.0696102011475241,0.331753487890557,0.00466948727735326,0,0,1.54718197507831,-63.0881647202523,-2.42376879898945,Not reported,Not reported,BRA,Brazil
220297,13,0.0660243573760989,0.229348151392116,0.0144891252468479,0,0,2.15208603108887,-57.4477309460971,-17.6858657629773,Not reported,Not reported,BRA,Brazil
220298,131,1.54034764000063,0.0849570038039623,0.00276201454491259,0,0,2.05718451931602,-56.3872044394404,3.95683115804268,Not reported,Not reported,SUR,Suriname
300768,7,0.0127360111392893,0.403085867245852,0.0134477520075219,0,0,0.41034606000594,-6.82382409637152,9.2932064180247,Not reported,Not reported,CIV,Côte d’Ivoire
300782,5,0.0135307268729999,0.511638477860922,0.00609396096844543,0,0,0,-4.83270609834631,8.91133665880646,Not reported,Not reported,CIV,Côte d’Ivoire
300792,13,0.0347496870027023,0.0837321540600974,0.00836345466879379,0,0,0.0687530979583715,-4.96148837981557,8.57631019685531,Not reported,Not reported,CIV,Côte d’Ivoire
300793,5,0.0109169589019001,0.680583695323874,0.0118659630461249,0,0,1.00505946122947,5.29641878724326,8.57839042609239,Not reported,Government,NGA,Nigeria
300794,9,0.0262558743761265,0.407620285103299,0.0138463674392394,0,0,1.03487806877393,-6.39405423405111,8.52244966852412,Not reported,Not reported,CIV,Côte d’Ivoire
300795,5,0.0193239274357923,0.331910389114291,0.0108928110336896,0,0,0.508182594910922,-6.7697914704304,8.54576973538677,Not reported,Not reported,CIV,Côte d’Ivoire
300796,18,0.0405115356775527,0.686556422649106,0.0229637827821494,0,0,1.28795702464888,2.8613997753374,8.25435933891496,Not reported,Government,NGA,Nigeria
300853,8,0.0521510984228283,0.558213503256639,0.0485553968011272,0,0,2.78051988150051,-7.0071848661267,7.14920886741145,Not reported,Not reported,CIV,Côte d’Ivoire
300883,6,0.0271036476338006,0.601661448752593,0.0280196817460249,0,0,1.34734503229284,5.83734031531052,6.72914540349305,Not reported,Government,NGA,Nigeria
300892,5,0.0166937018939862,0.665636378834573,0.0423113653495828,0,0,1.4882834741166,-6.1073455153293,6.51294107342571,Not reported,Not reported,CIV,Côte d’Ivoire
300899,6,0.0226445354953087,0.520390178609327,0.0374480393982032,0,0,1.78610491940162,-6.84285150005683,6.3539704041505,Not reported,Not reported,CIV,Côte d’Ivoire
300901,8,0.0638440083279185,0.798550087008826,0.01736127362754,0,0,0.613217518261249,-7.79147049039487,6.32017000201729,Not reported,Not reported,CIV,Côte d’Ivoire
300952,9,0.0392659781334982,0.910912327513415,0.0409770235576061,0,0,2.49395364228402,-5.70236440237365,5.37202198170857,Not reported,Not reported,CIV,Côte d’Ivoire
301438,8,0.0164291001528246,0.469650229132788,0.0114761017495518,0,0,0.472580682782588,32.5351345732552,-4.63450558832093,Not reported,Government,TZA,Tanzania
301451,5,0.0118681212788517,0.386635999905435,0.0101915507312978,0,0,0.159940421209374,32.0916154663404,-4.80494007257252,Not reported,Government,TZA,Tanzania
301498,13,0.0384654506542285,0.384345840876063,0.0056955931287081,0,0,0.486615899408589,33.4033143355822,-5.59772193598547,Not reported,Government,TZA,Tanzania
301589,7,0.0278717398863199,0.206249717404795,0.00458729683348303,0,0,1.09044264883894,32.2584411898371,-7.53867477437212,Not reported,Government,TZA,Tanzania
301595,6,0.0290581116358474,0.578357952685386,0.00761359080015528,0,0,1.26901184661814,38.6901352798387,-7.78684279027304,Not reported,Government,TZA,Tanzania
301758,7,0.0178831960605704,0.951077515607299,0.0159904848113701,0,0,1.59107141362118,31.5521441755373,-11.4562601859463,Not reported,Not reported,ZMB,Zambia
301773,6,0.0223854891290917,0.555298721291512,0.0242695652225582,0,0,1.415663065042,29.3886658121861,-13.4069646797722,Not reported,Not reported,ZMB,Zambia
301830,83,0.41295837281215,0.182873023843008,0.0018846279965123,0,0,0.419433027181709,20.7902289514824,7.73210429873876,Not reported,Not reported,CAF,Central African Republic
301831,8,0.0446396902294496,0.316369427762767,0.00109992205183522,0,0,0,22.9960862237128,7.60523398531751,Not reported,Not reported,CAF,Central African Republic
301834,46,0.518982988737341,0.374518189276898,0.00127501794734739,0,0,0.0404134799956591,21.3261287983418,3.7203447485252,Not reported,Not reported,COD,Congo - Kinshasa
301929,11,0.0575495891371052,0.49300490419142,0.344788252010986,0,0,7.62147646257891,-104.155249495804,19.5470624282436,Ia,Government,MEX,Mexico
303039,6,0.0472820860570859,0.634155389493424,0.0637795616904728,0,0,3.2634100589017,107.144259172363,16.4734870114327,IV,Government,VNM,Vietnam
303065,5,0.0375944718717901,0.599920403769,0.0587774550028826,0,0,2.15585499008506,107.927952598364,15.1104041698607,IV,Government,VNM,Vietnam
303066,6,0.0494363900367659,0.477238047313646,0.0381335852403639,0,0,1.95844985721653,107.613578754458,15.4329937376981,Not reported,Government,VNM,Vietnam
303232,5,0.0177689982930304,0.227112290925622,0.0617462454341674,0,0,2.12798200461341,-128.174680833742,54.9427552885273,II,Government,CAN,Canada
303243,6,0.0247153032885997,0.105268307933739,0.280419875828842,0,0,4.6282265034134,-122.522230998506,55.3921837802718,II,Government,CAN,Canada
303258,9,0.0325802436844313,0.126315734693873,0.0320071702833718,0,0,1.08082420622937,-126.658322754262,56.3481926024576,Ib,Government,CAN,Canada
303316,224,2.667112390766,0.0229934083682447,0.000771702636103978,0,0,0.173278598215329,-71.5213364631862,-10.7486347167864,II,Government,PER,Peru
303317,34,0.353997002285235,0.217040252553726,0.00497977837782257,0,0,2.45492438100492,-70.9706214652377,-12.8175003441106,VI,Government,PER,Peru
303320,107,1.21180378684808,0.232617110116665,0.00368792038270388,0,0,1.35624425896106,-75.9492176168155,-7.72752575017723,II,Government,PER,Peru
303321,51,0.531585281159799,0.272099841786607,0.00318563182237249,0,0,1.10067993566155,-74.4693979054475,-9.90807640925121,VI,Government,PER,Peru
303322,14,0.122617199002338,0.246470876134493,0.00229006055184541,0,0,1.23670511703162,-73.2551248686322,-11.9422162218501,VI,Government,PER,Peru
303323,40,0.419162128124666,0.290494210056024,0.00580404620231912,0,0,1.04997919023337,-73.6258396194598,-11.8342534556034,II,Government,PER,Peru
303547,81,0.935911954166789,0.0875244364445902,0.00157445336283709,0,0,0.889846325731192,-70.1130171404041,-1.95294188379961,II,Government,COL,Colombia
303678,8,0.0195503049304215,0.355175598012582,0.00969323726609659,0,0,0.0410840206459536,34.9505210225741,-17.7775649085202,VI,Government,MOZ,Mozambique
303680,42,0.103414428796104,0.442569815402753,0.00453005709847574,0,0,0.347823933262287,33.8990710287292,-17.8679767552327,VI,Government,MOZ,Mozambique
303681,42,0.0881830102260957,0.430138526899901,0.0102733405984582,0,0,0.581134815132186,34.1556040355027,-17.1206885704785,VI,Government,MOZ,Mozambique
303683,23,0.0628056592508656,0.344674939668709,0.00697602971613603,0,0,0.59931096986503,33.5707634341089,-17.4636442469998,VI,Government,MOZ,Mozambique
303714,7,0.0102043460427752,0.252201192981241,0.0304726060101547,0,0,3.24127682183709,31.9915546069986,-20.4361757234051,Not reported,Not reported,ZWE,Zimbabwe
303715,5,0.00980106469516916,0.761174063896423,0.0213585123743278,0,0,1.83493633581493,30.952602609046,-16.4650930769601,Not reported,Not reported,ZWE,Zimbabwe
303752,6,0.00780554374811574,0.466945232914248,0.0217478800791125,0,0,2.06979549816082,28.969913100602,-17.0569475987201,Not reported,Not reported,ZWE,Zimbabwe
303859,10,0.0281850107995772,0.398216321299689,0.015610254618422,0,0,2.32222403335032,29.9406618985213,-15.1502657199359,VI,Shared governance,ZMB,Zambia
303872,5,0.0514996413277249,0.228580210820119,0.00495579622895938,0,0,1.93615090026099,12.2826918648759,-1.80812178510302,II,Government,GAB,Gabon
303873,31,0.325899490345082,0.199199814970089,0.01002783546353,0,0,3.49218720871114,12.6221260288809,0.0754020148167967,II,Government,GAB,Gabon
303875,46,0.480607962918057,0.135069085363257,0.0184951897307601,0,0,4.13335082694743,11.554775878378,-0.53895896163253,II,Government,GAB,Gabon
303877,50,0.496357038687488,0.119915223313937,0.0244522435732461,0,0,4.30313962274294,10.3762588143074,-2.46230026082684,II,Government,GAB,Gabon
303878,10,0.0980991530092303,0.0624920845432509,0.00281439859738132,0,0,1.37794487970086,13.8154555672404,0.470761058909947,II,Government,GAB,Gabon
303880,7,0.0721391644581813,0.0922331985260792,0.0263262114158807,0,0,5.60125852833911,11.1095597259191,-1.29054724508272,II,Government,GAB,Gabon
303883,39,0.396944843171104,0.304012379242149,0.00235443523466729,0,0,0.327845248897638,-58.7516202920847,-19.2138502167534,Not reported,Government,BOL,Bolivia
303884,262,1.65049128170479,0.57370460651341,0.00374425533378456,0,0,0.588134225927861,-61.3329582438369,-18.900566023822,Not reported,Government,BOL,Bolivia
303885,5,0.0411118450444899,0.296897112338409,0.00533195596427149,0,0,1.22978411441791,-58.0893400750392,-19.1875177796847,Not reported,Government,BOL,Bolivia
303891,214,1.84735042608753,0.299576788449409,0.00448992802717323,0,0,0.723304797175178,-58.657827995705,-17.7325847684208,Not reported,Government,BOL,Bolivia
303893,18,0.138268895068762,0.409783520195801,0.0473679268116704,0,0,3.98727384904474,-68.5603497194334,-15.0865574190312,Not reported,Government,BOL,Bolivia
303894,39,0.401258484697812,0.334783125943349,0.0329877604979859,0,0,5.29013601412032,-67.9993465221061,-14.4668484421477,Not reported,Government,BOL,Bolivia
303896,9,0.0532216737327611,0.484096553184773,0.0677673118292116,0,0,4.11663357054796,-63.5833440673453,-21.4066081605896,Not reported,Government,BOL,Bolivia
303899,7,0.060096596665329,0.301214475927859,0.0261396928495141,0,0,4.80405088635724,-65.4323314220167,-9.84554366899583,Not reported,Government,BOL,Bolivia
303925,6,0.0331411999262441,0.936415369783699,0.0611713170464299,0,0,2.50472764104797,-11.2329957714715,7.87261034311222,Not reported,Not reported,SLE,Sierra Leone
303961,8,0.0441793237264597,0.58724677981762,0.0322312464223528,0,0,2.54582943400473,-1.73571110987941,5.30198883616106,IV,Government,GHA,Ghana
306235,8,0.0319531886387168,0.916445668417946,0.0313275632261235,0,0,4.96593769904906,14.0290595015665,-2.15203885370387,II,Government,GAB,Gabon
306237,10,0.0896485725524104,0.160639036648222,0.0127208517313917,0,0,5.160922092046,10.2933567402736,0.732990510322648,II,Government,GAB,Gabon
306383,9,0.057836371353228,0.750409421277723,0.212309876553628,0,0,5.83104761771846,120.803829351355,16.5578234413241,Ib,Government,PHL,Philippines
306408,9,0.05244745326329,0.802063160338416,0.0589102520384379,0,0,2.02779990146263,121.213789961865,15.9423048271596,Not reported,Government,PHL,Philippines
306533,6,0.0308378510141614,0.902928662348154,0.0729253284875097,0,0,2.29808845248529,124.688791251878,6.25192863819085,Not reported,Government,PHL,Philippines
306781,10,0.0381641266676897,0.285276714622469,0.206630868499414,0,0,3.40331973652614,-108.498254466132,29.8243316534,VI,Government,MEX,Mexico
306825,18,0.0708526313552081,0.486948393651507,0.241496521775515,0,0,4.30901389863028,-107.714638216713,28.1569455290432,VI,Government,MEX,Mexico
306852,39,0.143984031613374,0.459248185243172,0.176992346151286,0,0,3.42584799908564,-108.245162902433,28.5141895877037,VI,Government,MEX,Mexico
306887,12,0.0677052337038401,0.214624089547754,0.201478327579684,0,0,4.49704590093915,-66.3329697287546,48.9259571444833,VI,Government,CAN,Canada
308501,10,0.0445025211479314,0.531495573699031,0.02323774258187,0,0,0.866817651837487,-78.7772720457433,50.2111447664683,II,Government,CAN,Canada
308504,6,0.0312047188390905,0.521295832885109,0.0366552335767451,0,0,1.16211978970929,-67.0396025994844,50.3033640821806,II,Government,CAN,Canada
308515,20,0.0704532433786053,0.517315589409698,0.0259398978094728,0,0,0.977559795587509,-64.7722861571544,51.4594264044438,II,Government,CAN,Canada
308517,59,0.293718386865771,0.605295767099067,0.0340368363569335,0,0,1.00505947546975,-61.6293545304766,51.597148929929,II,Government,CAN,Canada
308519,25,0.125646550608998,0.677279389627035,0.024104194004813,0,0,0.318429328508804,-57.9469153652617,51.8840693845181,II,Government,CAN,Canada
308624,15,0.167127612397155,0.0208571469373232,0.00165214640196066,0,0,1.22569987305534,15.0156136448284,2.66868534902196,II,Government,CMR,Cameroon
308637,5,0.0170222496192287,0.364111547331423,0.00759103978674324,0,0,1.22160285136304,14.9437855015668,7.06880676732472,II,Government,CMR,Cameroon
309914,11,0.0506737417062671,0.667953827425279,0.542075960113797,0,0,7.34403998644268,153.034293548334,-25.8541822159448,II,Government,AUS,Australia
310108,20,0.0984704873979713,0.451423008855275,0.426344135990393,0,0,6.99035557907661,148.406711898464,-36.2507707175528,II,Shared governance,AUS,Australia
310152,7,0.0347694535298445,0.798334583049539,0.482144721198495,0,0,9.17235062068589,148.9255622341,-35.5352543560474,II,Government,AUS,Australia
311880,10,0.0436594900428868,0.552733070705716,0.0982536948829236,0,0,4.75660798734533,142.593937867112,-11.2200643482158,II,Government,AUS,Australia
312259,7,0.0453642354219809,0.42189188813058,0.759807205208098,0,0,7.03123086933196,-77.0602324402588,34.8694468456322,VI,Government,USA,United States
312900,14,0.111788058711903,0.621077508126842,0.015731454535945,0,0,0.558736712256858,94.7584232948085,18.0075337582047,IV,Government,MMR,Myanmar (Burma)
312904,113,1.02840029311074,0.539063662217027,0.0151592419525843,0,0,0.376477150957542,96.408959133246,26.4531636352634,IV,Shared governance,MMR,Myanmar (Burma)
312906,10,0.0772445319111968,0.565640424931135,0.0399610027259969,0,0,2.56994563689981,97.1687290001173,27.4551534716784,IV,Government,MMR,Myanmar (Burma)
312910,20,0.196051685279559,0.502623987961524,0.0093113079308567,0,0,0.48335509397645,97.4248252161979,26.5367771323651,IV,Government,MMR,Myanmar (Burma)
312912,19,0.169697996275456,0.309233632786708,0.0246841185260379,0,0,1.53206114175884,95.5756856415279,25.4241394728442,IV,Government,MMR,Myanmar (Burma)
312933,7,0.048530580411436,0.435154599334194,0.096825261512201,0,0,4.05937260930324,98.4942322849453,19.3690958436573,II,Government,THA,Thailand
312934,11,0.0634592582174336,0.618472601692541,0.0462807750258964,0,0,2.33600574582127,100.428022452019,17.9847618805538,II,Government,THA,Thailand
312937,20,0.135284872439129,0.57811732810541,0.073070295925538,0,0,3.26122167082958,101.146299960843,19.0433038697118,II,Government,THA,Thailand
312939,6,0.0357933978595512,0.640859799330778,0.0454355803408341,0,0,1.97977858500612,100.509709288556,19.4336756734055,II,Government,THA,Thailand
312940,14,0.0863226635980909,0.547669158624769,0.117948683892027,0,0,4.02050314232859,98.8740352061867,19.5531240904626,Ia,Government,THA,Thailand
312986,18,0.123436764866798,0.360278278460618,0.0516961942001544,0,0,1.60651383850829,106.251544073394,16.3989845880081,VI,Government,LAO,Laos
312992,9,0.0646556439867902,0.574921239937085,0.124232887591298,0,0,4.67953149948881,99.8005100425975,18.736409044281,II,Government,THA,Thailand
312996,6,0.0299963234601422,0.520784016172774,0.0659715203808053,0,0,3.51109016565818,100.323085562815,19.0216730972553,II,Government,THA,Thailand
312998,11,0.0724851387437109,0.683553667969512,0.0749686572542261,0,0,3.58233788424045,98.9217949621222,16.5970054192333,II,Government,THA,Thailand
313004,12,0.073425341219288,0.519114998972818,0.0341388566195882,0,0,1.72870522343815,100.90644016965,18.1726090308019,II,Government,THA,Thailand
313007,5,0.0239114697463902,0.628206567820502,0.0344129892332244,0,0,1.52345029386468,99.1330547480529,17.7346619570923,II,Government,THA,Thailand
313049,6,0.0400144717121399,0.295451479313413,0.0604191922147356,0,0,2.99885334609791,40.9640759342379,43.3118019563244,Ia,Government,GEO,Georgia
313494,17,0.186349032111365,0.319056309682698,0.00211040197048586,0,0,0.637181244554148,17.2075686559558,1.30704771306417,VI,Government,COG,Congo - Brazzaville
313840,5,0.00694733063741308,0.804641464713465,0.193645189995584,0,0,7.85041585657196,130.787542209032,-13.1865997229826,V,Government,AUS,Australia
313868,8,0.0170446273741616,0.536620611166805,0.204864781961451,0,0,5.73127877336391,136.619345147015,-12.376736103679,V,Community/Indigenous,AUS,Australia
314100,9,0.0630656058786786,0.24455789337335,0.518962060171875,0,0,7.76444865089862,148.485314261287,-37.2648571911694,II,Government,AUS,Australia
317045,12,0.10308391045472,0.59976397496353,0.220314722691309,0,0,6.23721420147428,-74.8196023736849,20.4023120169222,VI,Government,CUB,Cuba
317056,5,0.0518084149700582,0.216966550118182,0.00439175859799294,0,0,0.878433865233656,28.7189759083735,-0.331581936121869,Not reported,Not reported,COD,Congo - Kinshasa
317192,5,0.00714544212750682,0.802218201551668,0.0150141190424142,0,0,0,-10.6848025104101,12.4937452355975,VI,Government,MLI,Mali
317194,8,0.0114918228247717,0.789251583828787,0.0510114599227936,0,0,2.73838008430712,-10.5376461644875,12.8651157592766,IV,Government,MLI,Mali
317205,5,0.0410829905758104,0.59635410308304,0.0288909401450566,0,0,1.69978820591837,102.679795314602,-1.88230468828807,II,Government,IDN,Indonesia
317222,6,0.0240045016563518,0.596428646674865,0.0265706996409238,0,0,0.99744924024291,100.920263372407,17.8401963751277,Ia,Government,THA,Thailand
317239,8,0.0406509999654438,0.550951361749802,0.19004350110484,0,0,5.72839112707973,98.7419083677299,18.7697461269165,II,Government,THA,Thailand
317258,14,0.133115021343211,0.237145801922527,0.00389222250778553,0,0,0.710136574306124,114.57614193873,0.57894085938147,Ia,Government,IDN,Indonesia
317259,8,0.051561049293868,0.765008138796114,0.0426232094856357,0,0,2.82908588563711,112.145592932359,0.823221082189971,II,Government,IDN,Indonesia
317262,6,0.0593951914823081,0.476304554439925,0.00707780179240398,0,0,0,113.455013618733,-2.912400610953,II,Government,IDN,Indonesia
317277,16,0.127335200224438,0.276175777429977,0.0286357789397952,0,0,2.82206847490706,128.036925707462,0.849540589739622,II,Government,IDN,Indonesia
317281,10,0.10332700335854,0.324937953771609,0.00566689287048006,0,0,1.66369095128854,17.1820808239271,3.83156943793995,Not reported,Not reported,CAF,Central African Republic
317297,70,0.546131796931193,0.47737474322938,0.058961859307712,0,0,3.50542332365893,118.527819520983,9.68591753592498,Not reported,Government,PHL,Philippines
329002,14,0.0675593253009574,0.562119576898455,0.295785365898746,0,0,6.37467126323464,21.0259264492691,39.9486442715077,VI,Government,GRC,Greece
342356,12,0.109308930810867,0.78927054169952,0.0751588594573792,0,0,1.93871895166845,-90.6846859631613,17.5360935797574,II,Government,GTM,Guatemala
342464,5,0.0344989952249184,0.377311773863862,0.00330033205328566,0,0,1.00552742861977,-64.1295119876409,-14.4540662928032,Not reported,Government,BOL,Bolivia
342465,22,0.189411352533599,0.476116984929891,0.0184884054542954,0,0,2.44482131515158,-66.1264219134257,-14.7607587440184,Not reported,Government,BOL,Bolivia
342466,25,0.174159981200753,0.333335740370398,0.00222307142490374,0,0,0.123046289101687,-62.9677069305021,-13.9650039111486,Not reported,Government,BOL,Bolivia
342468,18,0.157063533761493,0.258784344714644,0.0406244801299775,0,0,4.38763629260267,-63.958747976949,-19.3682061013344,Not reported,Government,BOL,Bolivia
342483,118,1.36106351436487,0.212731254942241,0.00363832482832226,0,0,0.930513476533394,-62.7986658142597,-14.6814464318439,Not reported,Government,BOL,Bolivia
342484,5,0.0106762946619297,0.847809866978926,0.0142868004529424,0,0,1.59766572769452,-64.7429699842857,-15.2813344092016,IV,Not reported,BOL,Bolivia
342500,11,0.0491013536623659,0.340439085067622,0.0053335899117948,0,0,0.592161994337376,-62.5075022990074,-21.1219871370804,IV,Government,BOL,Bolivia
342502,31,0.322776090085099,0.395752876571972,0.00571646146297097,0,0,1.10668189054035,-66.4633520526422,-16.4810001697335,Not reported,Not reported,BOL,Bolivia
342517,10,0.0468716324588578,0.777517802945524,0.00621825588720102,0,0,1.70972735372473,36.7695269316897,6.91139867439261,II,Government,ETH,Ethiopia
342654,14,0.0238899196927001,0.404757188075889,0.00337716152835629,0,0,0,35.5766406789185,11.9727738141398,II,Government,ETH,Ethiopia
342670,10,0.0224184829147764,0.877465126470549,0.0255310612065761,0,0,1.16317345491916,-14.0088757240421,12.0081286750816,Not reported,Not reported,GNB,Guinea-Bissau
342678,19,0.0455403506202349,0.614800204938169,0.00769719772576094,0,0,0.0956210797775567,33.3169705349361,-21.3105049889352,VI,Government,MOZ,Mozambique
342679,35,0.0724898385853102,0.375302879865596,0.0130194525112733,0,0,1.00202926743335,34.3278542325981,-20.9785056080199,VI,Government,MOZ,Mozambique
344528,7,0.0203365420595418,0.66289565510066,0.709341907915755,0,0,8.49814628161444,18.0983721476675,49.3741683850024,V,Government,CZE,Czechia
344533,11,0.0363941906970679,0.801736988599859,0.775142893854555,0,0,8.11801802149079,14.2558589069459,50.7064280657437,V,Government,CZE,Czechia
344539,6,0.0161084160907847,0.417327244283223,0.724437847679222,0,0,8.13570606738274,14.5619726768376,50.5363469943283,V,Government,CZE,Czechia
344550,5,0.0137961988769964,0.562093173233468,0.696534124457833,0,0,8.43427114162974,15.924809403564,49.7031131549133,V,Government,CZE,Czechia
348924,11,0.0456297905977902,0.889094069383531,0.772376203114533,0,0,7.0512766357666,-6.6159206163129,43.0185212524518,VI,Government,ESP,Spain
349067,5,0.0227575176907632,0.777331346538209,0.73461011178715,0,0,9.94381591436506,-5.63728540315158,36.3895334620326,V,Government,ESP,Spain
349980,5,0.0161325823394104,0.211953619710078,0.22748124120063,0,0,5.3123687823062,23.5561040978392,40.5373360867778,Not reported,Government,GRC,Greece
350001,8,0.0725722752977765,0.180914246662938,0.00624398650475062,0,0,1.10497130602632,28.7453481512235,-0.703940138767328,Not reported,Not reported,COD,Congo - Kinshasa
350003,5,0.0162829531189978,0.707244909193438,0.08692228567475,0,0,5.37532114988321,33.8052977454623,-9.08639823197626,Not reported,Government,TZA,Tanzania
351711,88,1.06524584560011,0.397067601737877,0.00101549297961177,0,0,0.0868862545672957,-53.6290340299493,-5.92059556675539,Ia,Government,BRA,Brazil
351712,11,0.131146799652466,0.555220015981948,0.00319750889930447,0,0,1.46950217538886,-52.9082814492581,-5.87776375858979,II,Government,BRA,Brazil
351713,16,0.172708059255918,0.0854909845448604,0.00143181637446487,0,0,0.695969004842474,-72.048566461146,-8.27386339583435,VI,Government,BRA,Brazil
351727,16,0.0838400295586916,0.598072298899935,0.146088902565462,0,0,7.01720577502274,-42.4069238799178,-22.5279517763755,V,Government,BRA,Brazil
351730,6,0.0310216537708518,0.455312690416862,0.038899027964961,0,0,5.89043263869961,-56.7123287416491,-21.2260548975731,II,Government,BRA,Brazil
351736,7,0.0177008147333927,0.721464239627278,0.0115830194811849,0,0,4.63831957083162,-43.7308126965641,-17.7898880716005,II,Government,BRA,Brazil
351746,19,0.0866632989648414,0.672013145471599,0.00252190389990073,0,0,1.56325997747633,-50.69791867999,-13.2554076303108,V,Government,BRA,Brazil
351748,8,0.0927789533785945,0.19470391920791,0.00106314744781568,0,0,0.49690181798732,-64.389503215884,-11.6645663760477,II,Government,BRA,Brazil
351755,10,0.112473940763617,0.0416285801759858,0.00107509719098364,0,0,0.375960822985476,-70.7731747503825,-9.31859083428813,VI,Government,BRA,Brazil
351756,27,0.312371439445834,0.241969355985683,0.00147496829450536,0,0,1.02756286232363,-69.4953573726106,-9.51579969680583,VI,Government,BRA,Brazil
351758,6,0.00953626812795584,0.571733950265851,0.00552671254857986,0,0,1.97094862380857,-45.7228910476883,-10.0082392398957,II,Government,BRA,Brazil
351759,5,0.0526513714536209,0.200294010297113,0.00400713619046807,0,0,2.25764905337306,-71.924230944558,-8.94148578294844,VI,Government,BRA,Brazil
351762,7,0.0678261394282894,0.471536092276952,0.00859589766844386,0,0,3.27402280105299,-63.454836786629,-8.17087317854134,Ia,Government,BRA,Brazil
351763,8,0.0838665434048032,0.197065804436115,0.00072633926142576,0,0,0,-59.5401863643205,-7.550098189653,VI,Government,BRA,Brazil
351767,17,0.20113169395984,0.116761244419985,0.00209522851455178,0,0,0.872088487185537,-61.9797803237786,-5.8002199674448,VI,Government,BRA,Brazil
351773,7,0.0806225920221483,0.179059686396879,0.00238842305648323,0,0,0.818571141241615,-67.3343621338578,-3.59370614435169,VI,Government,BRA,Brazil
351776,38,0.414679759002225,0.19165383258459,0.0036743590631352,0,0,1.08258444795159,-55.5808177017135,-3.14981432772748,VI,Government,BRA,Brazil
351779,5,0.051622624285539,0.18784411168186,0.0008449582887778,0,0,0.214316687247017,-54.4565510409429,-1.27950068503928,VI,Government,BRA,Brazil
351784,232,2.83286982077225,0.082154158986762,0.00175735902604597,0,0,1.24610861957496,-52.5116787832927,2.05770876565127,II,Government,BRA,Brazil
351785,20,0.246146090494609,0.154384935825306,0.000860829093635049,0,0,0.110254435115329,-55.0862272136615,-4.98992474045224,VI,Government,BRA,Brazil
351786,58,0.552654759527496,0.212012672790768,0.00223440845571352,0,0,0.761737197245135,-52.8341318686425,-2.26214781465185,VI,Government,BRA,Brazil
351787,14,0.0409287514030953,0.836614221082009,0.0958029567873069,0,0,6.56548155852504,-43.4833955631279,-19.4146180702108,V,Government,BRA,Brazil
351792,10,0.114510389101643,0.0998808090611298,0.00207320755908453,0,0,1.67188332559639,-62.9153547386632,-8.49529859810618,VI,Government,BRA,Brazil
351795,23,0.197130414549242,0.803591994222444,0.00245466354272674,0,0,1.80995965812934,-54.6998574914266,-8.97536906698353,Ia,Government,BRA,Brazil
351806,6,0.0107435720744732,0.955031592658426,0.0174722113859037,0,0,3.98876194379318,-47.2540056452727,-7.10795778224563,II,Government,BRA,Brazil
351813,63,0.74204056752435,0.265225180753968,0.00117700789093357,0,0,0.41977202031635,-56.6266422664306,-6.76346365476367,V,Government,BRA,Brazil
351814,55,0.629538891727801,0.529608372893519,0.00124675287452789,0,0,0.207255768246432,-55.7038488315273,-7.68195617850613,VI,Government,BRA,Brazil
351815,21,0.258268251264629,0.0444517874587132,0.000841802860120032,0,0,0.366219241928708,-57.0215257523462,-6.37325573515918,VI,Government,BRA,Brazil
351817,33,0.396858101631067,0.0656889468972241,0.000678481537626104,0,0,0.0950192821469237,-57.6240334076267,-5.32938408041816,VI,Government,BRA,Brazil
351818,21,0.240199437078505,0.203490267702286,0.00120849457719715,0,0,0.389230043761095,-55.7322368913456,-5.61676622487461,II,Government,BRA,Brazil
351819,7,0.0848180064959114,0.313178735166094,0.000805572411449504,0,0,0.100272799060859,-56.1811060138732,-7.93319472998782,II,Government,BRA,Brazil
351820,37,0.428757465102896,0.130346399142696,0.000892544839912426,0,0,0.16179467127686,-63.8118688030798,-6.89858046456277,VI,Government,BRA,Brazil
351828,5,0.0400589731591893,0.45635043416816,0.0886616821031911,0,0,7.35920693759965,-49.1813488669849,-27.0945967369306,II,Government,BRA,Brazil
351830,6,0.0717557352195592,0.333454795447451,0.00157558068537171,0,0,0,-54.3978800417266,-4.98250853461999,VI,Government,BRA,Brazil
351833,42,0.357808871887674,0.474895607738851,0.00193910469614472,0,0,0.94834281710623,-61.2889140107097,-8.40932069025584,II,Government,BRA,Brazil
351834,5,0.0544567162482225,0.0940191371463104,0.00225879271026137,0,0,1.79168984314734,-67.856290122486,-8.80977794236093,VI,Government,BRA,Brazil
351835,48,0.557652729338852,0.0730380174024896,0.000838918272785128,0,0,0.54576546356024,-58.0473230676928,-4.74774097826447,VI,Government,BRA,Brazil
351839,60,0.707041457439184,0.325093780479388,0.00169895674653346,0,0,0.786134324327232,-58.3172090484459,-8.1826211780018,II,Government,BRA,Brazil
351841,15,0.0387743762786503,0.659421927706899,0.0303160855633949,0,0,3.738516874227,-47.8756875198545,-15.440692986123,V,Government,BRA,Brazil
351842,21,0.250439890616765,0.0483945585164183,0.00123695019016463,0,0,0.450416608089752,-70.3881109705103,-9.92460425236433,II,Government,BRA,Brazil
351869,13,0.112159376960417,0.632901521134537,0.0421536893990332,0,0,5.62529792949491,-39.360815637088,-14.6325767165526,V,Government,BRA,Brazil
351871,17,0.139908908167778,0.768990224981378,0.0379665610559153,0,0,5.19389439875618,-39.3905465145851,-13.5771797291906,V,Government,BRA,Brazil
351878,20,0.0760511773049884,0.867877070665027,0.0352851447732644,0,0,4.33069781289737,-55.7348854052351,-15.4499976896998,V,Government,BRA,Brazil
351897,6,0.0240229322096464,0.773544552436308,0.0692789286495314,0,0,4.00401672618756,-46.0571810977608,-22.7312203147372,V,Government,BRA,Brazil
351898,5,0.0113435952985673,0.933595133087334,0.00874747404427112,0,0,1.18803616776415,-48.5885719148917,-11.8807267331399,V,Government,BRA,Brazil
351900,112,0.534151587894238,0.836810475911809,0.00521668213954144,0,0,1.73089641948597,-49.6414428040578,-9.61778365797754,V,Government,BRA,Brazil
351907,38,0.111412172763716,0.78761902204856,0.0234665698316101,0,0,4.78177898250751,-47.7731367470325,-13.9138673582869,V,Government,BRA,Brazil
351911,9,0.0354822773451571,0.776329663478422,0.0340980111017301,0,0,4.74242340973327,-48.2143271906483,-10.1029571495274,V,Government,BRA,Brazil
352130,77,0.57757654671578,0.807771943627658,0.0153790611530282,0,0,1.39182669321686,-45.1475829506452,-2.78247102432789,V,Government,BRA,Brazil
352135,11,0.112739394673477,0.104104670655685,0.00124317216893482,0,0,0.399403647820351,-64.2503937944994,-3.93413351573889,VI,Government,BRA,Brazil
352136,44,0.454921302234953,0.267513895157747,0.00370333528744767,0,0,1.26909511522245,-62.6174891191076,-4.64217380413419,VI,Government,BRA,Brazil
352137,8,0.0924486186319288,0.0878983755739074,0.00141248448282546,0,0,0.947587056861297,-61.7870338348986,-5.52050151414974,VI,Government,BRA,Brazil
352139,137,1.64761730754966,0.075131323251914,0.000679945004786747,0,0,0.155987123613911,-68.8429709710678,-5.44902241792402,VI,Government,BRA,Brazil
352140,16,0.159413294606385,0.262588775323519,0.00492227635130094,0,0,1.55441093848212,-58.6504478335164,-2.29260540151682,VI,Government,BRA,Brazil
352141,11,0.121664350938448,0.16836276680454,0.0025645757989849,0,0,0.559576845325242,-57.7617554052432,-4.14600763072967,VI,Government,BRA,Brazil
352156,10,0.121331826544536,0.277457663925009,0.000748252925361642,0,0,0.140087303478661,-58.9531710453708,-8.27220622985106,II,Government,BRA,Brazil
352157,6,0.0734623159895507,0.216165779872679,0.000776867291509391,0,0,0.11574405825505,-59.483352265467,-8.38299975690775,VI,Government,BRA,Brazil
352159,16,0.169873679485577,0.668021358207651,0.00514157250096971,0,0,2.02260606914219,-64.2209288730291,-9.78213189417763,VI,Government,BRA,Brazil
352182,5,0.0218526356700445,0.729912667268164,0.00104855282062697,0,0,0,-62.7553837933393,-12.8758484063397,VI,Government,BRA,Brazil
352198,144,1.7257712645638,0.152325025399139,0.00133331530343578,0,0,0.336704961459186,-57.1758068213536,0.941937727501682,Ia,Government,BRA,Brazil
352199,26,0.304344854935346,0.0515762770301552,0.00191948969229944,0,0,1.15610313193704,-57.350326095176,-1.41968480303137,VI,Government,BRA,Brazil
352200,105,1.26685459039526,0.190034239412384,0.00115883243030499,0,0,0.779609300919665,-54.1152104270739,-0.46320270568938,VI,Government,BRA,Brazil
352201,64,0.767083375607439,0.112332325982646,0.0018075173748568,0,0,0.791110497168036,-56.5783183268422,-0.45166819504396,VI,Government,BRA,Brazil
352202,8,0.0990523441456022,0.30085450201475,0.0010789233784909,0,0,0.589521035110539,-54.1624983241278,0.825108381852521,Ia,Government,BRA,Brazil
352203,106,1.2187836553866,0.816836561564053,0.00244054459065786,0,0,0.379578892701068,-52.9333812000529,-6.4002943987097,V,Government,BRA,Brazil
352204,5,0.0612392082581821,0.280778319747206,0.0013230661239898,0,0,0.49565053166833,-54.5700631900384,-6.09029377265798,VI,Government,BRA,Brazil
352211,5,0.0201569930100515,0.963136247445076,0.0320229079762117,0,0,5.52510836739805,-48.4895299602154,-6.22994707105868,V,Government,BRA,Brazil
352228,11,0.0301920425784868,0.32377449577311,0.00491408245563796,0,0,1.53606246997433,37.976045925317,-6.36494926571986,Not reported,Community/Indigenous,TZA,Tanzania
352244,7,0.0142608567333636,0.488662434563995,0.0372933813080197,0,0,3.73957508588955,47.4565588525898,-15.7578457977547,V,Government,MDG,Madagascar
352249,14,0.112799105098869,0.480469468579322,0.0411776113207102,0,0,4.4067241467839,49.518815319196,-15.1248588515304,II,Government,MDG,Madagascar
352251,10,0.0413589212794937,0.422299478080187,0.0429589203478484,0,0,4.3477270373211,44.6564260817791,-19.9473732265505,V,Government,MDG,Madagascar
352256,20,0.175447523648421,0.5088701531672,0.0343653879771042,0,0,3.07443050352481,48.6471000012026,-18.3494607674938,VI,Government,MDG,Madagascar
352257,5,0.0550622086313245,0.140753088382948,0.00148326135844038,0,0,0.80640403599813,-66.3284932299678,-0.21596913396872,Not reported,Community/Indigenous,BRA,Brazil
352258,263,3.11756413819719,0.340380636538176,0.00228547116694056,0,0,0.772037329274187,-68.4930613531689,0.628725177795896,Not reported,Community/Indigenous,BRA,Brazil
352259,30,0.312102255303289,0.271175587005607,0.00653973865273898,0,0,2.35135039034732,-67.0539805253689,-0.557726997848926,Not reported,Community/Indigenous,BRA,Brazil
352260,161,1.97057781153257,0.0548084220354561,0.000911970468763911,0,0,0.207406967622071,-58.7292584499864,-0.12136727454685,Not reported,Community/Indigenous,BRA,Brazil
352261,10,0.123054477796373,0.140894677797265,0.000886327379706009,0,0,0.592737394473076,-55.7395635142411,-0.241550667451382,Not reported,Community/Indigenous,BRA,Brazil
352264,7,0.0326335960983127,0.81718709658813,0.0100601783977127,0,0,3.10265566050653,-61.1866180496037,4.24160334663909,Not reported,Community/Indigenous,BRA,Brazil
352271,46,0.332941278826343,0.608981015231533,0.00610837092316091,0,0,1.72582116315767,-57.2291401700336,-20.665509354983,Not reported,Community/Indigenous,BRA,Brazil
352275,7,0.0709471686068326,0.0738362964736311,0.000908394834604728,0,0,0,-67.166224870638,-7.50486702304307,Not reported,Community/Indigenous,BRA,Brazil
352276,13,0.156217244435395,0.0457565878997947,0.000709779995266405,0,0,0,-67.1152287092138,-7.32866033717496,Not reported,Community/Indigenous,BRA,Brazil
352277,6,0.0543732757923114,0.425233554465026,0.00486785748407365,0,0,0.964496961313172,-67.3347422498185,-2.72169131882812,Not reported,Community/Indigenous,BRA,Brazil
352278,27,0.303889209118798,0.00474817140592648,0.000788199619983746,0,0,0.0611519780934206,-71.2033371672679,-9.7025527081676,Not reported,Community/Indigenous,BRA,Brazil
352303,41,0.475603214971101,0.0143813892859969,0.000780607273679915,0,0,0.0515307741951327,-68.1699815882102,-7.95803738338963,Not reported,Community/Indigenous,BRA,Brazil
352319,5,0.0486596521305977,0.191471764304007,0.0018757594774706,0,0,0.371380854624997,-65.8059925159691,-2.96520042108269,Not reported,Community/Indigenous,BRA,Brazil
352346,75,0.89867694798312,0.0409708859916284,0.000828202608579469,0,0,0.365134187993538,-65.7569490184554,-7.01420969103963,Not reported,Community/Indigenous,BRA,Brazil
352354,8,0.0965419092104196,0.231603472652522,0.0014714338144041,0,0,0.571533829365551,-61.8526422195467,-7.25649382185151,Not reported,Community/Indigenous,BRA,Brazil
352364,18,0.20347872177639,0.395728560021304,0.00102216648383202,0,0,0.331382465997689,-59.9898791446119,-10.5506973136031,Not reported,Community/Indigenous,BRA,Brazil
352371,20,0.217091866621348,0.49457277027965,0.000909224530105687,0,0,0.31855024805853,-54.2130652397112,-9.47807040687717,Not reported,Community/Indigenous,BRA,Brazil
352396,11,0.0956508064968554,0.875105945220445,0.000962815411371094,0,0,0.0549066094279834,-51.9705221003342,-8.88660521243758,Not reported,Community/Indigenous,BRA,Brazil
352410,8,0.0841880566747716,0.481653382671635,0.00135655245831894,0,0,0,-53.0485740747955,-11.7679969806516,Not reported,Community/Indigenous,BRA,Brazil
352412,201,2.20105025303805,0.505567380452261,0.0014356103190443,0,0,0.423899538599583,-53.3733304739861,-11.9713012319082,Not reported,Community/Indigenous,BRA,Brazil
352413,11,0.0968240017116187,0.755711713692671,0.00135993491456648,0,0,0.256873031410781,-56.5867972812132,-11.1494706991229,Not reported,Community/Indigenous,BRA,Brazil
352420,84,0.305014456176071,0.618764137761339,0.00201465708495206,0,0,0.768757950791531,-50.3371317706785,-11.7648991919464,Not reported,Community/Indigenous,BRA,Brazil
352421,11,0.0717328383834781,0.949756237079405,0.00705730112958318,0,0,1.75742003889722,-51.68917465996,-11.7812306090828,Not reported,Community/Indigenous,BRA,Brazil
352422,15,0.0985581815566612,0.779105275020243,0.00371510082068543,0,0,1.24641392395166,-51.2453445786993,-10.6911838018056,Not reported,Community/Indigenous,BRA,Brazil
352445,5,0.0191608086811003,0.705872788634132,0.0169951284053385,0,0,4.0546487727357,-39.6911445341248,-15.3341353275565,Not reported,Community/Indigenous,BRA,Brazil
352658,5,0.00655079889944659,0.669641760872778,0.0435330381625925,0,0,1.31590227797029,-13.2185139992187,13.4243868369892,Not reported,Government,SEN,Senegal
354001,88,1.01638680317243,0.369273740864176,0.00108202341578283,0,0,0.419053281860273,24.6100966133773,-2.58123182645811,Not reported,Not reported,COD,Congo - Kinshasa
354125,5,0.0084412001330763,0.273052403515415,0.26331787976748,0,0,6.82843351753387,136.569475172902,-13.9866292979282,V,Community/Indigenous,AUS,Australia
356397,11,0.0311719559881127,0.862844380159249,0.105563104101122,0,0,4.35703388573639,144.885271299588,-14.9848240037769,II,Shared governance,AUS,Australia
356566,32,0.0602720383267488,0.567481245460554,0.136330555911281,0,0,4.50189621618225,136.194283952878,-12.8871380756835,VI,Community/Indigenous,AUS,Australia
357372,5,0.0154301239058874,0.945326883770969,0.26656360986247,0,0,6.02420921114745,116.584995796041,-34.1843562465336,Ia,Government,AUS,Australia
365090,29,0.0901005367864779,0.646009162368143,0.202887762632505,0,0,4.77401588393193,-110.238177414223,45.2495506387719,Ib,Government,USA,United States
365162,5,0.0218329882495381,0.645335143832889,0.2183026096501,0,0,5.1291533285622,-107.878316358313,33.1556759627434,Ib,Government,USA,United States
365217,26,0.119213340371672,0.787327885998891,0.372135548758025,0,0,6.3944653972097,-121.240789434837,47.5642199248267,Ib,Government,USA,United States
366163,6,0.0233988843045608,0.549175809399577,0.256282096177286,0,0,5.94363539427186,-109.18912730842,33.5686835077972,V,Government,USA,United States
366202,49,0.248280643489951,0.543902238169725,0.111268568508776,0,0,3.23638549088793,-113.14148592437,47.6786739506928,Ib,Government,USA,United States
366301,41,0.200660290709122,0.336417586061395,0.247504815449031,0,0,5.38593440014489,-91.344311062601,48.0155216372599,Ib,Government,USA,United States
366393,14,0.0279642773975586,0.692330448706005,0.163617946912265,0,0,4.45784315259783,-109.485391499349,42.888877893753,Ib,Government,USA,United States
366858,5,0.0249691623012214,0.739444648324034,0.646828399362669,0,0,5.65046965856843,-84.8129498625274,36.0667474349424,V,Government,USA,United States
367284,6,0.0129634498438189,0.570510256584486,0.354846106511897,0,0,5.77043422535959,-106.552437198909,39.0279422512317,Ib,Government,USA,United States
368090,5,0.0164681989504158,0.650864250902628,0.613275127334361,0,0,6.41104450960346,-106.273104901016,39.6758616777164,Ib,Government,USA,United States
368535,10,0.0347556819509668,0.868739615595615,0.339861954699616,0,0,5.92167342660413,-107.299189890417,39.9383284699014,Ib,Government,USA,United States
368924,21,0.0785085667696769,0.575938503614423,0.221486761786476,0,0,5.52468274582557,-108.406316641469,33.2260712809402,Ib,Government,USA,United States
368950,25,0.108039597127674,0.689182587659783,0.213353934294494,0,0,5.05911930699296,-121.070420218186,48.1576931132781,Ib,Government,USA,United States
369187,8,0.0429103260095345,0.449562363627984,0.181371482730548,0,0,4.16448798869605,-113.397825807813,48.0979877787068,Ib,Government,USA,United States
369189,5,0.0263658464397388,0.196705202808645,0.810988703955431,0,0,8.53978766692045,-76.4747402479505,36.6356197074165,IV,Government,USA,United States
369223,22,0.175701494773199,0.136220085081269,0.680128134822306,0,0,8.78672359497041,-83.5244550103228,35.5957824310434,II,Government,USA,United States
369302,10,0.0288766355773879,0.80902619989389,0.243927577521698,0,0,4.73192217617912,-110.423021616336,43.4074886112123,Ib,Government,USA,United States
369624,9,0.0245101538216025,0.76290212053744,0.239963584132524,0,0,5.5862897955422,-116.625365387228,45.3621339080682,Ib,Government,USA,United States
369724,14,0.0323710463489364,0.869868945593537,0.262405501468328,0,0,5.57270602681927,-110.5207238812,40.7182990168739,Ib,Government,USA,United States
369829,6,0.0136002240447262,0.497445517732149,0.433791470063662,0,0,6.58712315604117,-106.498363922093,39.3916032887326,Ib,Government,USA,United States
370277,15,0.0523518645693372,0.803324852258011,0.394190080468346,0,0,6.76625492246926,-119.01327010335,37.3281356085733,Ib,Government,USA,United States
370437,10,0.0289016372376681,0.852028867829565,0.0671594278599971,0,0,4.09907591886805,-150.898015043675,59.9597290381917,IV,Government,USA,United States
370883,10,0.030021191036309,0.742020920627117,0.339165380887345,0,0,5.11466474102577,-111.412456067211,45.2652123557956,Ib,Government,USA,United States
371476,9,0.0579138570301812,0.918664428300154,0.358297007887155,0,0,6.91946041364311,-123.23650797022,41.4948809907558,Ib,Government,USA,United States
371680,5,0.0158962446849335,0.426479555523598,0.597806764651526,0,0,6.05832321543633,-90.249703097329,44.1256118710435,V,Government,USA,United States
372077,6,0.0328667471822566,0.806882640620477,0.721362972643463,0,0,8.01864055612675,-121.703710616493,45.3166146345516,Ib,Government,USA,United States
372142,6,0.0176090351587807,0.665855293909897,0.452626863578471,0,0,7.232839371917,-121.752070022716,48.8728834514765,Ib,Government,USA,United States
372151,12,0.0796844045987571,0.803362859468543,0.527458509402986,0,0,7.21865790827896,-121.638741201179,46.8329950149203,II,Government,USA,United States
372420,7,0.0172553616905321,0.870129894787301,0.213333187938051,0,0,4.74856923299581,-109.728771044998,44.7221922008657,Ib,Government,USA,United States
372443,5,0.0212561259671298,0.45092519213232,0.183421744657663,0,0,4.29848292971185,-118.563710836541,44.8946370207598,Ib,Government,USA,United States
372688,22,0.177557707334621,0.476733085578811,0.237637015389203,0,0,5.43882303687467,-82.3084413724984,30.818698958148,V,Government,USA,United States
372858,5,0.0335563138050151,0.431549046556632,0.419064548620518,0,0,5.42011367611163,-91.2113310178069,37.138623216221,V,Government,USA,United States
372957,25,0.129152312782731,0.612541058988268,0.251746246485603,0,0,5.44755913303474,-120.521516137588,48.9343463101764,Ib,Government,USA,United States
373034,7,0.0420850278889729,0.893572071231042,0.307685029991077,0,0,5.94372659688485,-105.634864012338,35.8856093909269,Ib,Government,USA,United States
374344,10,0.0190863992343703,0.637992288404842,0.339774116602909,0,0,6.17374574644562,-105.566144727393,37.879673468377,Ib,Government,USA,United States
374763,6,0.0366649729456056,0.823993336455879,0.369511482734627,0,0,5.52056108826137,-122.221956554246,42.6328082902343,Ib,Government,USA,United States
374911,8,0.0235868108151602,0.806074539930692,0.285344118345246,0,0,6.23443010507183,-106.627551921046,37.2332177616954,Ib,Government,USA,United States
375580,6,0.0373230237031724,0.495385602904638,0.441160653115678,0,0,4.35461800760875,-84.3289235417191,36.2949132486446,V,Government,USA,United States
375788,17,0.0593008282420446,0.853762841465415,0.204334582446784,0,0,3.72766115456215,-110.256974691068,43.9585449421606,Ib,Government,USA,United States
375919,15,0.0900602826623996,0.761734795608828,0.376095465194757,0,0,6.85917373516544,-121.940453656587,44.0240814335046,Ib,Government,USA,United States
375994,26,0.0431044902475199,0.458683362299384,0.00730661316615444,0,0,0.0890790773213326,-159.47159699583,59.4759962915261,IV,Government,USA,United States
376099,25,0.144307475765868,0.842195394281913,0.362049004490014,0,0,6.27070803174589,-123.116837124658,41.0081395547834,Ib,Government,USA,United States
376604,18,0.0389165947365404,0.771302638178915,0.168402915496382,0,0,4.15293939878841,-109.685043597491,44.1603765869737,Ib,Government,USA,United States
376699,17,0.0482059006286366,0.888483801574789,0.241798030206942,0,0,5.59358464744955,-107.245385014265,37.5952044702563,Ib,Government,USA,United States
376727,7,0.0237342133138753,0.671106857636806,0.246121014646464,0,0,5.77532221793074,-107.262795256101,38.7390875143433,Ib,Government,USA,United States
376948,9,0.0469348067486477,0.710801341542021,0.418084876264245,0,0,6.17275601675525,-121.309201274698,46.7963505551377,Ib,Government,USA,United States
377712,19,0.19193312161536,0.199159115610238,0.0520398051191482,0,0,4.06906895816338,142.728533508274,-4.51337377958269,Not reported,Community/Indigenous,PNG,Papua New Guinea
387380,6,0.0221404654502569,0.464801595207412,0.737102119600613,0,0,8.63488689007282,15.4325104282683,46.7202254955304,V,Government,AUT,Austria
388667,122,1.43464951168124,0.0498756879828297,0.00491034349565654,0,0,2.98066758875583,-53.1238974949863,3.27527668479532,II,Government,GUF,French Guiana
388668,30,0.348927418576649,0.0784003097117058,0.00458547642598079,0,0,2.90990498120714,-53.7430818213667,3.32276210142955,V,Government,GUF,French Guiana
388682,8,0.0180694209915887,0.368946948315038,0.643059588393232,0,0,6.88829586000566,17.3748044794967,51.5119783522887,V,Government,POL,Poland
389016,7,0.0312642297826286,0.850832447502352,0.836700994846962,0,0,7.30545051794796,-5.97696855638321,43.118936178844,VI,Government,ESP,Spain
389081,6,0.0263225747243899,0.647281426590815,0.833904604731667,0,0,9.21641179853125,1.11766497807908,42.417821195689,V,Government,ESP,Spain
390444,9,0.0312536795302665,0.522823671094965,0.273237012113247,0,0,5.70392130053805,15.8640810084052,40.3495260035952,II,Government,ITA,Italy
391972,24,0.120843716496285,0.695130182033273,0.858855793745895,0,0,9.36890754634555,1.27795736043654,42.9105632639227,V,Government,FRA,France
478028,476,4.48961683525894,0.502345002181227,0.00374010291417042,0,0,0.444365057670065,17.8269998924997,-0.912060722837491,Not reported,Not reported,COD,Congo - Kinshasa
478033,111,1.33848167734901,0.205927172251238,0.00402256390911618,0,0,1.87637104197392,16.4340038781673,1.85242396344538,Not reported,Not reported,COG,Congo - Brazzaville
478280,46,0.290307762836653,0.614759800012739,0.0633537384279193,0,0,2.52661576320534,107.364635310731,11.5852558760466,Not reported,Government,VNM,Vietnam
478289,110,0.860774084794752,0.635821389995488,0.0560910732504172,0,0,1.61652266230423,104.707076631863,19.33690473102,Not reported,Not reported,VNM,Vietnam
478389,17,0.0977260861157954,0.620452899647856,0.3853376983049,0,0,7.3328206491089,128.2705489443,37.1289824449369,IV,Government,KOR,South Korea
478418,76,0.917874795993706,0.0534681969926769,0.000972825372133942,0,0,0.148505583051216,-66.0228021073644,-8.42820676144289,VI,Government,BRA,Brazil
478419,32,0.370242904785421,0.145529451592795,0.00118150833622862,0,0,0.217750300142647,-62.5782870257629,-5.59434916132722,II,Government,BRA,Brazil
478420,29,0.308778038862347,0.176498486179236,0.00128396760603994,0,0,0.500999590621671,-66.1423208324179,-7.61963659389224,VI,Government,BRA,Brazil
478421,21,0.252750724496962,0.11424507486536,0.0013159955030974,0,0,0.723270640132143,-65.3077762481932,-8.33573889752248,VI,Government,BRA,Brazil
478426,10,0.103650733695317,0.250257216978582,0.00320398695593154,0,0,1.29841806674098,-53.4615008053459,-2.29323510680275,VI,Government,BRA,Brazil
478429,32,0.140581194663484,0.80917644541309,0.114430796784939,0,0,4.93342707947153,-45.8737705281266,-23.0852730294459,V,Government,BRA,Brazil
478431,63,0.660781669122636,0.386344226587843,0.0035400303086747,0,0,0.746151446939331,-64.6665335251502,-8.53988984310599,II,Government,BRA,Brazil
478519,9,0.0196715955911963,0.663404469080468,0.040089911920811,0,0,2.50550145653727,-45.9777909171138,-21.7794495195407,V,Government,BRA,Brazil
478525,20,0.11445757141327,0.801455344455415,0.0331150808356454,0,0,3.1574607408432,-49.6852954366141,-4.21062894873537,V,Government,BRA,Brazil
478536,131,1.11568739158773,0.409073376792692,0.00788970786023428,0,0,1.30815552703464,-50.061632991467,-0.982427674451741,V,Government,BRA,Brazil
478539,18,0.18795511690644,0.229097471979703,0.00195108598229964,0,0,0.448713848760082,-60.2622914405566,-5.92634201744444,VI,Government,BRA,Brazil
478641,23,0.0871564196452678,0.634754446997467,0.563956015359252,0,0,7.26738084362859,12.0075481021738,46.3352269418738,Not reported,Not reported,ITA,Italy
555558,6,0.0420127785211828,0.042478780500751,0.447342268489172,0,0,5.09987429977175,-74.6125317344831,43.2685489640901,V,Government,USA,United States
555559,15,0.0872169068285777,0.0777853245932292,0.325846454670895,0,0,5.68660623827784,-74.9030890607938,44.0306672496135,Ib,Government,USA,United States
900555,25,0.110247702683146,0.148813163424321,0.0937868176605531,0,0,5.19055181631812,33.9626575081911,52.4908860813533,Not reported,Shared governance,RUS,Russia
900563,17,0.0371391676903363,0.418513280255934,0.0837392295519685,0,0,3.39729858660632,27.2567944747386,52.1415786615814,IV,Not reported,BLR,Belarus
900564,17,0.0466617279401655,0.515768727351536,0.0387475406700057,0,0,1.42674535746282,27.3615455893103,51.8046144672181,IV,Not reported,BLR,Belarus
900662,5,0.0106832326477712,0.442170393751367,0.150299790413349,0,0,4.96099783508218,-58.2315143037043,-26.3822608417992,Not reported,Not reported,ARG,Argentina
900690,94,0.260827543406757,0.565887005320876,0.0281315560164124,0,0,1.45591417345251,-9.57738027195677,10.2972989026752,IV,Not reported,GIN,Guinea
900693,98,0.265197587195964,0.387172050343778,0.0142527128042655,0,0,0.455661647806625,-8.51202339770271,10.0414292371278,IV,Not reported,GIN,Guinea
900694,94,0.218848521623799,0.453023865287574,0.0282663569341683,0,0,0.817058017112238,-10.7137240488163,10.9743255091635,IV,Not reported,GIN,Guinea
900713,5,0.0136832374440424,0.613228665679128,0.633973664324805,0,0,5.21244147465252,2.87161707297244,36.4021532850481,Not reported,Not reported,DZA,Algeria
900720,14,0.0256462152682987,0.626860483981062,0.0121456865297543,0,0,0.991880283048599,37.827565170858,58.6720145119948,Not reported,Shared governance,RUS,Russia
900722,20,0.0918418954054132,0.065855410360474,0.0699063186809134,0,0,4.15764081387857,31.93096335097,55.5432674972498,Not reported,Shared governance,RUS,Russia
900723,14,0.0382947677712703,0.194293634604899,0.108227446409995,0,0,5.23501361194324,35.4870829782032,54.4008819290609,Not reported,Shared governance,RUS,Russia
900725,92,0.744693331033492,0.510385632711155,0.0442487522687466,0,0,3.32882581998617,-64.7320811584851,-23.1616039198654,Not reported,Not reported,ARG,Argentina
900761,5,0.00934656086347276,0.583823916757701,0.0567108065482618,0,0,1.79725109332924,27.8604721923301,55.5855933567029,IV,Not reported,BLR,Belarus
900852,18,0.093742872894428,0.525499365723263,0.0217542872579335,0,0,2.45983369024336,36.1621958251392,-8.7858912162976,Not reported,Not reported,TZA,Tanzania
900881,176,0.677351464433684,0.69888742782332,0.103227160599993,0,0,3.28734895113143,99.2138228911845,27.62996509021,Not reported,Not reported,CHN,China
900883,17,0.154736881182877,0.480977144309088,0.0546456365765542,0,0,3.15434825832651,106.07991900437,17.5239374666131,Not reported,Not reported,VNM,Vietnam
900886,7,0.0515414367937444,0.704203506574794,0.0130996168444909,0,0,3.5853646265762,-56.2570847789919,-16.7207188699371,II,Not reported,BRA,Brazil
901253,91,0.675417741957562,0.844462902292207,0.072497894992909,0,0,3.83013651934066,-84.3152730494853,11.4716565913034,Not reported,Government,NIC,Nicaragua
901296,17,0.0727842382592833,0.797783938924438,0.057016563362798,0,0,3.5586071743417,48.5060467273668,-17.6989989179045,IV,Not reported,MDG,Madagascar
902258,19,0.0536491466854872,0.555492025589829,0.0714909011967818,0,0,2.91781484853878,-58.7315012866008,-27.1111803917945,Not reported,Not reported,ARG,Argentina
902335,252,2.7098223513181,0.479810097080834,0.0243726707447362,0,0,1.9824874634455,100.592589220912,-0.656233274132367,Not reported,Not reported,IDN,Indonesia
902347,25,0.0501944602304275,0.610415625067868,0.143844365530705,0,0,6.91313331490844,22.124392372853,-33.9008205900782,Not reported,Government,ZAF,South Africa
902480,16,0.071066953911802,0.471694078892418,0.142558776247355,0,0,4.49523247548856,101.939446930811,14.3342080458611,Not reported,Not reported,THA,Thailand
902513,343,2.42039794805303,0.530890696071768,0.00521090180367138,0,0,0.683419212318867,-60.0043858526107,-19.9235302567328,Not reported,Not reported,PRY,Paraguay
902606,31,0.12162480335135,0.0632333097542601,0.0739716745703748,0,0,3.8254977040854,33.158859478773,57.877859758925,Not reported,Shared governance,RUS,Russia
902679,153,0.876870413515549,0.420892135507745,0.0134447945555341,0,0,1.38725004561928,35.832380884426,-17.7750905605932,IV,Not reported,MOZ,Mozambique
902693,8,0.0528452175215691,0.818316642178439,0.345158536986046,0,0,6.36519107027999,-87.997225979368,14.8603321702871,Not reported,Not reported,HND,Honduras
902831,22,0.0404368729899703,0.723715555756296,0.0379321828973771,0,0,1.1780415781699,-12.956478657019,12.2343210592339,Not reported,Not reported,GIN,Guinea
902858,12,0.0864027499382878,0.884336494049047,0.066757216186838,0,0,1.53828147962175,-89.359322970681,16.6199217882652,Not reported,Not reported,GTM,Guatemala
902873,15,0.0799099322114795,0.251950028455991,0.0539194668813437,0,0,0.696540324174605,140.835488361604,-8.55040362419991,Not reported,Government,IDN,Indonesia
902886,36,0.0694622489321111,0.169571432355094,0.00540519129271485,0,0,0.121986388055741,30.7068293017851,8.52739486976032,Not reported,Not reported,SSD,South Sudan
902902,71,0.384078084942072,0.558042180766928,0.0674576020898405,0,0,2.93289125206031,102.856196480982,30.6684440282247,Not reported,Not reported,CHN,China
902997,19,0.057149536542575,0.857395663648781,0.668111458110458,0,0,5.43054818351262,-5.42761481723098,35.2870463684686,Not reported,Government,ESP;MAR,ESP;MAR
902998,23,0.0792760135427926,0.251233876563749,0.193436546844399,0,0,6.96903720979536,49.7566238712014,53.3128601532043,Not reported,Shared governance,RUS,Russia
903011,12,0.059229560543573,0.648066771231955,0.255271960703248,0,0,6.65876238804673,-93.8347284256209,16.3050369024212,Not reported,Government,MEX,Mexico
903017,11,0.0925920373214552,0.762197440645616,0.200857616563774,0,0,5.94586346433562,-93.6398932145126,16.9642360722995,Not reported,Government,MEX,Mexico
903018,8,0.0204042083400444,0.5348618647154,0.315447762941668,0,0,7.73770222011436,-99.1336633667727,18.4653418970915,Not reported,Government,MEX,Mexico
903062,42,0.328672678092682,0.525152101502449,0.065903656904278,0,0,5.01813405987768,48.8116842032088,-18.3364913957923,Not reported,Not reported,MDG,Madagascar
903141,19,0.0784573187918198,0.521207109706119,0.325864637864385,0,0,7.01339487109238,18.776207507374,46.0389694523557,Not reported,Not reported,ALB;AUT;BEL;BGR;DEU;ESP;HRV;ITA;ROU;SVK;SVN;UKR,ALB;AUT;BEL;BGR;DEU;ESP;HRV;ITA;ROU;SVK;SVN;UKR
1111179,11,0.0370654668118576,0.674992456657304,0.134710751368397,0,0,4.16351616134168,-112.771477806933,47.2454325755634,Ib,Government,USA,United States
1111192,26,0.126359184345618,0.812693525199812,0.543904673688971,0,0,6.91763395294378,-118.73951194253,36.6823424360635,Ib,Government,USA,United States
5555124,7,0.0434189756141447,0.0628428613415824,0.475199458140359,0,0,5.84084041187938,-74.1687307407993,43.6716473239328,Ib,Government,USA,United States
5555126,6,0.0437637945204932,0.0459471851265291,0.425373041328909,0,0,5.33258059981469,-74.4023484291685,43.3375064789366,Ib,Government,USA,United States
5555153,7,0.040552078216411,0.0364003069569057,0.556636651893331,0,0,6.03123848159212,-73.9510081935594,43.874579699476,V,Government,USA,United States
5555160,8,0.052570421013923,0.0397462588223059,0.384879245007267,0,0,4.66295766724572,-74.1603063931474,43.4372841608652,Ib,Government,USA,United States
5555485,5,0.0277354828842439,0.0503245152209984,0.143139551280078,0,0,3.36526765332132,-69.8448943865443,46.54548049533,V,Private/non-profit,USA,United States
11111113,6,0.0216690029934987,0.46093016669749,0.683234402892508,0,0,7.50496233577944,-122.463372707227,42.1025079199529,V,Government,USA,United States
11111184,103,0.440713350051648,0.801225249019256,0.0977010550941351,0,0,3.59839845960548,-114.946086809541,45.1686044136785,Ib,Government,USA,United States
11111454,6,0.0278754471196018,0.286890436580444,0.214901754845785,0,0,5.35052314298384,-113.441039977256,45.9663850757013,Ib,Government,USA,United States
11111458,7,0.0362713787703087,0.340906249313264,0.134459973702058,0,0,3.88941811118359,-115.804857984059,45.6164057840746,Ib,Government,USA,United States
11111460,5,0.0137476854816529,0.498552145466749,0.275793246127165,0,0,5.71850541219546,-120.444462813111,48.3337731172657,Ib,Government,USA,United States
11111465,55,0.278173413190886,0.532626957814991,0.138796404164227,0,0,3.88272893744514,-114.781215021179,46.1411274895057,Ib,Government,USA,United States
11111518,57,0.363013845249626,0.808379850702416,0.319108081403008,0,0,6.39366272080142,-123.711526552177,47.8069711744127,V,Government,USA,United States
11111765,7,0.0401839006499726,0.809344753369431,0.593752819314949,0,0,7.58812410229616,-121.629734296992,47.313792976204,V,Government,USA,United States
11114279,5,0.0270053144081672,0.893390441694514,0.437974643430363,0,0,5.20689878148867,-121.752825737707,47.6660521589049,V,Government,USA,United States
11115170,8,0.0423943740477063,0.873227227532758,0.365964230142979,0,0,5.70088169241598,-123.035414364822,40.0513245077317,Ib,Government,USA,United States
11115290,5,0.0146363831788247,0.740310977221113,0.544946267463649,0,0,7.8247023161143,-119.78269969222,38.506203461606,Ib,Government,USA,United States
11115319,7,0.0416166490853532,0.815147255400001,0.404367830941134,0,0,7.15501708008299,-123.678459766844,41.6839839860952,Ib,Government,USA,United States
11115337,8,0.0464955618707883,0.744541851620356,0.521624699763681,0,0,6.49502150275881,-121.394810207284,40.4986366270283,II,Government,USA,United States
44442437,11,0.049695080126215,0.204955347737592,0.458676822804859,0,0,5.39828966844334,-87.411535824239,46.2312889325149,V,Government,USA,United States
44445314,8,0.0530357568879321,0.565653364223488,0.586046811332247,0,0,6.36619605537003,-92.3042711840053,36.0784356826898,V,Government,USA,United States
55556165,7,0.0371942676792586,0.268658904604759,0.847638438873517,0,0,8.2055636596974,-74.6011179151899,39.7220313511109,V,Government,USA,United States
555511936,83,0.930903178239716,0.139013576274748,0.00464763609028354,0,0,1.7747704501998,-70.2961558799263,-0.654427645258156,II,Government,COL,Colombia
555511941,11,0.118677770635058,0.419586560337884,0.0403224323536386,0,0,4.35824180422025,-76.2910472757039,1.34261161837368,II,Government,COL,Colombia
555512064,26,0.163457893996601,0.239695059540695,0.00180278288777433,0,0,0.18491323550489,25.8083097301274,5.10057741556615,II,Not reported,COD,Congo - Kinshasa
555512065,20,0.117279018671857,0.182431944264637,0.00705125280572508,0,0,1.12321085106218,28.8236354015067,-5.39071145105854,Not reported,Not reported,COD,Congo - Kinshasa
555512066,31,0.247365722676068,0.29658950139734,0.00336890778287153,0,0,0.247939827487792,27.9165455930588,-4.24638964410777,VI,Not reported,COD,Congo - Kinshasa
555512073,33,0.265027849919424,0.226534921158565,0.00151443399403245,0,0,0.085554161573167,24.1750860470714,4.76503932325369,Ib,Not reported,COD,Congo - Kinshasa
555512075,27,0.156667207729756,0.12551903413983,0.0064335477366218,0,0,0.979520919056035,24.9043100416398,-10.7140594699084,Not reported,Not reported,COD,Congo - Kinshasa
555512077,29,0.332890955298938,0.185565671778435,0.00118618790068028,0,0,0.0739886664370519,21.2824677939758,0.972369589896202,Not reported,Not reported,COD,Congo - Kinshasa
555512165,12,0.108380217793397,0.440160522499755,0.0141463350091843,0,0,0.757622030155554,-10.3401805367056,7.85460553632887,Not reported,Government,LBR,Liberia
555512166,6,0.0466260688191843,0.364843471554546,0.014622624592216,0,0,0.471879783590794,-10.0715172517354,7.39520759053553,Not reported,Government,LBR,Liberia
555512168,8,0.0571062772849075,0.322598570618314,0.0126314480295039,0,0,1.75357862841443,-8.4988951901018,5.96177257355802,Not reported,Government,LBR,Liberia
555512169,11,0.080415501858353,0.277930447365322,0.0143840686913122,0,0,0.993524915626145,-8.41149973647294,5.00466116322093,Not reported,Government,LBR,Liberia
555512227,5,0.0244299888521429,0.725126123547387,0.105745521180812,0,0,3.52575222505608,99.6651597709306,19.9870056179464,II,Government,THA,Thailand
555512228,9,0.044452240966345,0.687778918478362,0.0896685677950175,0,0,3.42112444824498,98.301812879613,18.3354655081231,II,Government,THA,Thailand
555512235,11,0.0755088368583021,0.499567832138811,0.0263074065522262,0,0,2.03302055742788,97.6538387372212,18.4044457137722,Ia,Government,THA,Thailand
555513727,5,0.017869342800821,0.806643735065417,0.588699683902211,0,0,9.91340884263854,11.498852968575,47.4151447453181,V,Government,AUT,Austria
555515508,7,0.0203501463527586,0.849336727351061,0.0362657058194003,0,0,0.516207266245221,-57.6825782541817,48.5868341879245,II,Government,CAN,Canada
555515724,12,0.034724837758698,0.552290242983941,0.0893763822062497,0,0,1.81956342055953,-88.6236404854916,49.9412070447804,II,Government,CAN,Canada
555515822,5,0.0106707403542345,0.485033628211138,0.0760750956649457,0,0,1.01757322388806,-93.3120586474936,51.1787271949473,II,Government,CAN,Canada
555515845,8,0.0425673668589074,0.377429445402045,0.0313947665085661,0,0,1.42755286983388,-82.097143071945,48.7647967422123,II,Government,CAN,Canada
555515868,7,0.0246341602107663,0.386405792701232,0.0413619956267916,0,0,0,-88.3483386999653,50.7072286867522,II,Government,CAN,Canada
555515889,21,0.0798226738773374,0.595690010089633,0.0223176643544724,0,0,0.379315089159713,-80.5453715897314,50.1631076426782,II,Government,CAN,Canada
555515972,6,0.02931606284832,0.0748555665854877,0.0506195615684964,0,0,0.894016893745237,-83.5900683210659,47.2505244134672,II,Government,CAN,Canada
555516027,11,0.0383163113886812,0.561194206825057,0.0428677271433922,0,0,0.3625407262562,-99.5013706035966,52.3778716340496,II,Government,CAN,Canada
555516089,9,0.0187743872621091,0.733144252782282,0.0269078591596358,0,0,0.265827879116567,-119.038910911364,58.7786315945257,Ib,Government,CAN,Canada
555516091,11,0.0482543526585964,0.0521908153555548,0.0132597102150188,0,0,0.309851574571562,-119.579477899204,57.1550599434897,Ib,Government,CAN,Canada
555516098,16,0.0484308044122084,0.847721567021124,0.015689690278581,0,0,1.04762732256341,-112.980924707169,57.5262645963034,Ib,Government,CAN,Canada
555516103,17,0.0570406246620081,0.574127843855317,0.0169057730857256,0,0,1.19510283588468,-110.244984857774,57.6170763142123,Ib,Government,CAN,Canada
555516111,65,0.142718513002217,0.803191391270053,0.0119451922237314,0,0,0.566257489614949,-114.855048646815,59.1902336829964,Ib,Government,CAN,Canada
555516129,6,0.0188296513575145,0.189669452100825,0.112234692478227,0,0,3.22289122235269,-121.145765890877,54.5676339442268,II,Government,CAN,Canada
555516134,47,0.144619259047737,0.433892685981855,0.0112271083896745,0,0,0.197682787682467,-126.4141523346,58.3315057872916,II,Government,CAN,Canada
555516137,5,0.0199636535088967,0.277576044731498,0.0159853579747425,0,0,0.565355886607793,-125.0194347885,56.4992222870102,Ib,Government,CAN,Canada
555516138,13,0.043823332001037,0.328477779209562,0.0170803067120057,0,0,0.615144650220366,-126.151972560138,57.4488203774135,II,Government,CAN,Canada
555516174,5,0.0135671799537236,0.572229581644255,0.0619410656670326,0,0,1.83555835162949,-127.69876267626,53.9491938173341,II,Government,CAN,Canada
555516203,5,0.0119073354430772,0.469566703484671,0.0134350033430918,0,0,0.136961067745209,-128.36363219877,53.1403594267807,II,Government,CAN,Canada
555516204,9,0.0365712409518598,0.696941463566758,0.0308486821998043,0,0,0.78505259086349,-128.759821913678,52.8638857999207,II,Government,CAN,Canada
555516211,5,0.013191164464797,0.726551090906516,0.0222342319043749,0,0,0.47485827285279,-126.988222500764,51.284394386576,II,Government,CAN,Canada
555516216,9,0.0183548053781739,0.508184029151986,0.0380280095874235,0,0,0.837364381943289,-127.279251761133,52.6277000265993,Ib,Government,CAN,Canada
555516237,8,0.0244058480777013,0.623508972875566,0.0242698227596715,0,0,0.323284319264342,-127.000447908874,51.6767660193705,Ib,Government,CAN,Canada
555516254,6,0.0155061655940299,0.510312873918235,0.0191317945111486,0,0,0.345233434949816,-129.726374551704,53.8477151906378,II,Government,CAN,Canada
555516296,7,0.014255265958088,0.546983034657013,0.0374642360903079,0,0,2.16813178793153,-129.822987079931,57.5620269277486,IV,Government,CAN,Canada
555516343,6,0.024864030160779,0.243200288652362,0.0698800278731838,0,0,2.17497809529395,-125.354068968789,54.6803922341251,II,Government,CAN,Canada
555516345,18,0.0720003558968782,0.0905798705435438,0.0338621429746645,0,0,1.20638127574453,-124.627350545625,55.8412825596632,II,Government,CAN,Canada
555516355,7,0.0132864956311521,0.544582562691591,0.0181084198416692,0,0,0.347239178931112,-129.131136514245,53.893304712133,II,Government,CAN,Canada
555516430,49,0.11910828448378,0.525981973827012,0.0187163660806128,0,0,0.06050410157928,-98.8305428428081,57.7295418419324,Ib,Government,CAN,Canada
555516431,6,0.0196358527330863,0.440604211886294,0.441874852511279,0,0,4.92532177181286,-88.2432520805247,48.7362133497165,VI,Government,CAN,Canada
555516943,12,0.050524906635711,0.612777243764645,0.674850369908495,0,0,7.5249118845179,13.6038739037998,49.0588664995398,Not reported,Government,CZE,Czechia
555523044,9,0.0423180585984831,0.826883210338199,0.763758111344861,0,0,7.01556079115388,-6.99543202893079,42.7916213864015,Not reported,Government,ESP,Spain
555523142,8,0.0357028885527065,0.930086646191691,0.791786504592662,0,0,7.56702221257908,-4.33189086829676,43.1600971638647,Not reported,Government,ESP,Spain
555523161,7,0.0254787731480672,0.900632485974917,0.90638675943424,0,0,8.7510301439534,-2.53035439663504,42.6689719885051,Not reported,Government,ESP,Spain
555523205,8,0.0405808722570656,0.892930940598928,0.897082372241806,0,0,8.94741631284045,-2.11282662240424,42.8451272912988,Not reported,Government,ESP,Spain
555523522,8,0.0258137515664766,0.38513866754413,0.788025889208254,0,0,7.53399052017367,-1.9740384501848,40.4248721232278,Not reported,Government,ESP,Spain
555523535,6,0.0217273101379728,0.484754972224059,0.707742083880675,0,0,7.06177920463234,-1.92029410873593,40.6249843523985,Not reported,Government,ESP,Spain
555523955,5,0.00988087060268896,0.0852295893482929,0.614799623591216,0,0,7.65171693334145,-3.73254152996211,38.3118738726285,Not reported,Government,ESP,Spain
555527081,5,0.0215168641543924,0.593794428091225,0.297649062212401,0,0,6.30300850004169,22.6355272805583,37.2169770646169,Not reported,Government,GRC,Greece
555531072,9,0.028090694015627,0.912389937422497,0.749164495286682,0,0,7.70126648080966,-8.15756119014686,41.8686190791441,Not reported,Government,PRT,Portugal
555531073,5,0.0127847842534494,0.905503958022678,0.896028182671515,0,0,8.24162279641719,-7.85714177679124,41.3129107212975,Not reported,Government,PRT,Portugal
555531074,5,0.0171384856251559,0.766397032062033,0.79339924521485,0,0,8.15046815132235,-6.98270806915667,40.322859327894,Not reported,Government,PRT,Portugal
555531077,5,0.0120909607335528,0.730072593712766,0.83924628503425,0,0,7.84965869819285,-7.3594207712146,39.3475643269784,Not reported,Government,PRT,Portugal
555531085,5,0.0105009984592461,0.901093637977544,0.891298087449489,0,0,8.82433900133279,-8.80536688557799,39.4866760648074,Not reported,Government,PRT,Portugal
555531095,6,0.013625473084487,0.876402730190476,0.881441784645672,0,0,8.13226879611561,-8.0254496988593,40.9843841037284,Not reported,Government,PRT,Portugal
555531180,12,0.0716527957729901,0.424211774749492,0.0997476832531099,0,0,3.69652163938854,25.1276899037691,46.8770069398666,Not reported,Government,ROU,Romania
555536314,5,0.0125951141510645,0.21867400099297,0.288332152380044,0,0,5.0602894602141,22.4417855442376,55.143993263662,Not reported,Government,LTU,Lithuania
555537214,6,0.0233882397290601,0.57201749119461,0.777354740890518,0,0,8.71829940032173,14.3410253556425,50.8766663045575,Not reported,Government,CZE,Czechia
555538614,5,0.0119172508205302,0.89921993500006,0.851759896315606,0,0,7.87690092157899,-3.74276781800763,42.8660771168586,Not reported,Government,ESP,Spain
555539280,5,0.0169208282793548,0.510302854240949,0.816398583528755,0,0,10.3429653152204,4.81400437221871,47.165594911477,Not reported,Government,FRA,France
555539287,5,0.0118458127980815,0.69093554487347,0.892705908630119,0,0,9.49538475211218,3.38963981251724,46.9731399939994,Not reported,Government,FRA,France
555539500,5,0.0120144471855635,0.855803921788968,0.872413000636625,0,0,9.53237180448596,4.05956088260783,45.1904758689878,Not reported,Government,FRA,France
555539814,5,0.0210972958340135,0.386572040708313,0.434994683681093,0,0,6.91251020430845,21.3907260957373,48.39932488608,Not reported,Government,HUN,Hungary
555540001,5,0.00565390598166696,0.56409876952926,0.759127627664127,0,0,6.07333761696238,-8.59642043090664,53.0424213986758,Not reported,Government,IRL,Ireland
555540109,5,0.0130562292371708,0.688460145696511,0.641923783371237,0,0,7.40118743360814,9.77642977264776,45.970248973309,Not reported,Government,ITA,Italy
555540469,5,0.0105087851409438,0.691530322793479,0.485580609708405,0,0,5.70716432783435,13.4374254904031,41.4428437844804,Not reported,Government,ITA,Italy
555540474,8,0.0282964791053286,0.639934164166746,0.43717136533209,0,0,5.73910739896853,13.6176512915846,42.5090445081787,Not reported,Government,ITA,Italy
555540506,9,0.0395419813567217,0.626574406430922,0.32458193251509,0,0,5.39742966501907,15.0161758714295,40.7855545624831,Not reported,Government,ITA,Italy
555540566,5,0.013332140231198,0.59081810754101,0.565772037335787,0,0,7.89906306257837,14.0438107430683,37.8965996003584,Not reported,Government,ITA,Italy
555540745,7,0.0204772386704279,0.585919764581918,0.365243831817819,0,0,6.45573267908943,22.2374638179186,50.6988741959614,Not reported,Government,POL,Poland
555540751,9,0.0280039797043719,0.490842610724136,0.455617290600148,0,0,7.50827510060266,23.1654350811166,50.4325450176462,Not reported,Government,POL,Poland
555540776,6,0.00782353934610022,0.486517804094877,0.389183916281053,0,0,6.0875136082167,22.7049382968182,52.3681287931938,Not reported,Government,POL,Poland
555540794,8,0.0206593590999075,0.646992559681673,0.480385055226631,0,0,6.72756092267909,21.8337934618721,50.3419091290346,Not reported,Government,POL,Poland
555540797,5,0.0127782102743365,0.434640499489608,0.306086395652837,0,0,5.40832378395424,23.5990869138414,53.2208981011652,Not reported,Government,POL,Poland
555540811,14,0.0407311135706361,0.672819721763579,0.441664337971034,0,0,6.27634498031264,17.9360995763192,53.858958353771,Not reported,Government,POL,Poland
555540824,10,0.0277908763163845,0.454306704071477,0.31639949089765,0,0,6.02716601850714,21.4321483584938,53.6536175938297,Not reported,Government,POL,Poland
555540842,6,0.0149913550663198,0.276116570127566,0.478557925291324,0,0,5.71609946327257,16.0400172632677,52.698955299956,Not reported,Government,POL,Poland
555540857,6,0.0198796664465822,0.556940033204018,0.564679183137054,0,0,7.04935108368322,16.0668494690283,53.1069949006605,Not reported,Government,POL,Poland
555540860,6,0.0150626478676502,0.843015429474451,0.386633074160414,0,0,5.25826509784254,16.4085667541386,53.7314827030088,Not reported,Government,POL,Poland
555540953,10,0.0259339103458303,0.643969857037728,0.235415224254899,0,0,4.9410173629529,24.8706197027262,46.4717711844779,Not reported,Government,ROU,Romania
555540954,11,0.0555790550892512,0.448414228842847,0.182977037922274,0,0,4.57210646638525,22.266801072441,45.9739876442311,Not reported,Government,ROU,Romania
555541006,12,0.0540986039629048,0.716423999008539,0.18731847415475,0,0,5.18976382600192,22.7969070686232,46.6218711494675,Not reported,Government,ROU,Romania
555541007,5,0.0179319260871662,0.518466470787171,0.164793013314708,0,0,4.42165069919057,25.7205296429643,45.9661280443169,Not reported,Government,ROU,Romania
555541012,11,0.0327437052454298,0.785193539781894,0.279155787902009,0,0,5.75591557984501,23.4650609519051,46.3075483572305,Not reported,Government,ROU,Romania
555541024,22,0.0645233887322884,0.68819389421848,0.239196103161007,0,0,5.2512031090662,24.7592509580385,46.0569939389131,Not reported,Government,ROU,Romania
555541594,5,0.019510844273874,0.478269788702322,0.5994748864102,0,0,8.23438194135164,19.9676607978872,48.1878560691277,Not reported,Government,SVK,Slovakia
555541945,5,0.0187470465044336,0.376811820265934,0.289607878679896,0,0,7.05865125140377,25.0802770279639,54.3931486624892,Not reported,Government,LTU,Lithuania
555542506,6,0.0520487330328018,0.6302498146949,0.055440682514939,0,0,4.55500652582878,-49.7194830635495,-26.7652417915908,Not reported,Community/Indigenous,BRA,Brazil
555542511,9,0.0934885465114343,0.0201945694949937,0.000852773690645441,0,0,0.234947589495229,-71.6974786064602,-8.33536759857233,Not reported,Community/Indigenous,BRA,Brazil
555542512,33,0.372256664292825,0.518427554270919,0.00160178072429899,0,0,0.387283354203497,-57.2052441876407,-8.83621668112149,Not reported,Community/Indigenous,BRA,Brazil
555542514,19,0.182673323177438,0.646883246164768,0.00166684369742787,0,0,0.043295134932057,-57.6465564264251,-12.7588795168059,Not reported,Community/Indigenous,BRA,Brazil
555542517,15,0.0794573159472501,0.94398223706349,0.00366774392356871,0,0,0.38103027731684,-45.6463070460804,-6.03906909316003,Not reported,Community/Indigenous,BRA,Brazil
555542519,8,0.0701057790474116,0.911502249144242,0.00269692588137571,0,0,0.660238945803046,-45.8336436324222,-5.87320330846914,Not reported,Community/Indigenous,BRA,Brazil
555542521,245,2.96933016057688,0.235877102455656,0.00172884098587594,0,0,0.876095483427733,-63.7151817981702,2.11156140505218,Not reported,Community/Indigenous,BRA,Brazil
555542657,9,0.101855878722113,0.319983704808455,0.00104086623676844,0,0,0,-60.9760670810782,-9.656186734035,Not reported,Community/Indigenous,BRA,Brazil
555542659,15,0.169351025240774,0.231904946989601,0.000956938363624384,0,0,0.301384179765775,-59.9826450344471,-8.98046349843284,Not reported,Community/Indigenous,BRA,Brazil
555542684,16,0.0627973470259595,0.270733624068947,0.0693710835908098,0,0,3.3637893763308,28.3313987307942,54.7239564052162,Ia,Not reported,BLR,Belarus
555542728,32,0.229458363082286,0.760676377947296,0.0292955308705511,0,0,1.89220063271916,47.9344260176875,-20.1353827997075,V,Not reported,MDG,Madagascar
555542729,76,0.317227349145534,0.663513195190702,0.0108793432195428,0,0,0.791707725471428,35.0411023778229,-12.4637927163303,VI,Government,MOZ,Mozambique
555542774,11,0.0265788529166822,0.44513881193394,0.806433404005835,0,0,6.79721363467069,-91.3730959570139,43.6448518886016,IV,Not reported,USA,United States
555542901,26,0.193950375353762,0.844445210917937,0.0387068378709194,0,0,3.42684226954419,36.0875698319644,7.4073125291954,Not reported,Government,ETH,Ethiopia
555543052,19,0.0472586930411648,0.354448430169615,0.00108454477525046,0,0,0,125.37298143706,51.293064093082,Not reported,Not reported,CHN,China
555543265,12,0.0300779879096532,0.806165620156683,0.762382170708572,0,0,7.35558079207474,-6.90115694635603,41.8681013720449,Not reported,Government,PRT,Portugal
555543426,20,0.091698991462314,0.749842776466079,0.153742801568942,0,0,5.71174165760022,143.114729887205,-12.8211916418966,V,Community/Indigenous,AUS,Australia
555543713,40,0.20437040664455,0.801038165730152,0.00692706891572202,0,0,0.794590326473749,-72.7021205754312,-43.5572796807971,Not reported,Not reported,CHL,Chile
555543796,184,1.17359156288274,0.900404166464733,0.0514037439630681,0,0,3.64969581809514,-72.2436787782542,-41.2678496757423,Not reported,Not reported,CHL,Chile
555544085,31,0.34740641875685,0.176923079706758,0.00163749216416761,0,0,0.497660906451738,-73.5705208792122,-5.52864660801,VI,Government,PER,Peru
555545971,5,0.014165300225577,0.372209850279585,0.791941845753196,0,0,7.94839431152122,-3.30509561383813,41.0859688962295,VI,Government,ESP,Spain
555547182,11,0.0381243411931571,0.464145302766755,0.882970072221096,0,0,9.85723060852031,4.58937420933828,49.9050186552138,V,Government,FRA,France
555547536,33,0.244117096176977,0.897577943129276,0.195537502501559,0,0,6.10187426212859,-84.5122314787063,10.5716107009806,Not reported,Not reported,CRI,Costa Rica
555547539,11,0.0327951948307632,0.215827128723598,0.262015400002361,0,0,6.04135241240891,-108.744209878852,27.0159396512106,Not reported,Government,MEX,Mexico
555547580,32,0.176065862603415,0.985637956663519,0.123256848593215,0,0,4.8063240987074,-71.5306097416996,-36.9351021591798,Not reported,Not reported,CHL,Chile
555547903,13,0.119312511326314,0.739220538552766,0.0133375262518917,0,0,1.32886894898459,98.3089149201069,14.5936681859437,Ia,Government,MMR,Myanmar (Burma)
555547988,28,0.321672581870113,0.160177850589913,0.0038368058519942,0,0,2.17944074059305,15.9724775281495,2.40649911046692,Not reported,Not reported,CAF;CMR;COG,CAF;CMR;COG
555547990,52,0.326328067651531,0.762849446120164,0.0596109501509137,0,0,5.22615540126548,76.6687367397249,10.2816228471155,Not reported,Not reported,IND,India
555547993,8,0.0428819921589499,0.244082029513733,0.00601620071558285,0,0,1.22131143796003,11.7375253884483,5.15350501825544,II,Government,CMR,Cameroon
555547995,5,0.03824079579349,0.364904817995148,0.0261965507874562,0,0,3.40970516417215,13.4615157321578,5.31664367662377,II,Government,CMR,Cameroon
555547997,5,0.0405445684878316,0.289455681476824,0.00624278595084967,0,0,2.13572930134228,12.3746817333607,2.34999999999999,II,Government,CMR,Cameroon
555548136,17,0.0308169277018572,0.774723635060255,0.0179517643871503,0,0,1.03867112717568,142.479082306229,-14.1212906303812,VI,Private/non-profit,AUS,Australia
555548780,37,0.0623750399597398,0.385764190275896,0.134509313174127,0,0,5.11493283568222,134.453858703503,-12.2983202358326,VI,Community/Indigenous,AUS,Australia
555548870,13,0.103960734544277,0.354357938927028,0.0147757043950427,0,0,3.69945551944869,10.3450655781216,4.31313511061373,II,Government,CMR,Cameroon
555548871,6,0.0282389446001773,0.496241377464977,0.0098644273018902,0,0,0.909691611273977,12.0535804190225,7.33379505630211,II,Government,CMR,Cameroon
555548946,5,0.0242569876021639,0.889469033347406,0.841501119848167,0,0,9.11170326199756,-1.09868176128718,42.9905439851042,Not reported,Government,ESP,Spain
555549007,6,0.0290789355346708,0.883956056577637,0.833673582186164,0,0,7.47988360516636,-5.39485625699971,43.1691496184677,Not reported,Government,ESP,Spain
555549015,6,0.0173247910571063,0.840154064984011,0.867853320007771,0,0,7.92730474294661,-3.3153411275157,42.7522712962467,Not reported,Government,ESP,Spain
555549019,9,0.0322248406513835,0.95558265328557,0.858063766334344,0,0,7.83787861235682,-4.46174228156419,42.962993889279,Not reported,Government,ESP,Spain
555549137,10,0.0353769754868292,0.723776428852837,0.791755274236268,0,0,8.24297476235637,-8.59441376910587,37.3559293629962,Not reported,Government,PRT,Portugal
555549138,6,0.0167149321256718,0.733152081817874,0.768943136350088,0,0,8.13027471750013,-8.08808140728505,37.3334770436782,Not reported,Government,PRT,Portugal
555549301,8,0.0149470769913101,0.287473345608543,0.00698824231875285,0,0,0.291035322689867,36.7984099216986,-5.08306515966783,Not reported,Community/Indigenous,TZA,Tanzania
555549303,8,0.0301861425786186,0.642426488604649,0.0192439718969107,0,0,2.75793274910284,37.9581151858228,-7.25338864157505,Not reported,Community/Indigenous,TZA,Tanzania
555549305,10,0.0376750162086671,0.661780285401455,0.00388681391881489,0,0,0.261102972301034,36.3967980734479,-10.4814162070677,Not reported,Community/Indigenous,TZA,Tanzania
555555521,5,0.0156952109546691,0.401634486815736,0.00475718136388249,0,0,1.11531687158206,40.3857886395051,-2.20663756456941,Not reported,Community/Indigenous,KEN,Kenya
555555584,23,0.254836792516432,0.20297642459004,0.00140883692385496,0,0,0.0649117285685825,16.1618857706875,0.585092792676659,Not reported,Not reported,COG,Congo - Brazzaville
555555616,13,0.15596658507113,0.0201005798632505,0.0072372639641493,0,0,1.82234731295656,-75.1454638422007,-0.32927050242933,II,Government,PER,Peru
555555618,25,0.29064912706654,0.0259874086177071,0.0018551921246139,0,0,0.193712169889205,-74.8879908913496,-0.680122008849518,VI,Government,PER,Peru
555555619,11,0.0932759585091296,0.370899713066828,0.0163454713630423,0,0,2.80311714238636,-76.3435711874806,-6.29159683298794,VI,Government,PER,Peru
555555621,34,0.384824738231828,0.0620132272228284,0.00509568086524093,0,0,1.77201879475869,-72.9621374475758,-4.59960179804288,VI,Government,PER,Peru
555555623,10,0.0927676731457195,0.573857140021166,0.00497435679552179,0,0,1.57562259981551,-74.2249052139314,-8.88952533644859,VI,Government,PER,Peru
555555624,44,0.507936552560841,0.0255315698264808,0.00266792543176187,0,0,1.20522746094837,-72.4434859877884,-2.99603556946928,VI,Government,PER,Peru
555555657,83,0.964343906467304,0.0696542613085221,0.00270672332540158,0,0,0.906417795066474,-74.5193007794851,-3.15793930947471,VI,Government,PER,Peru
555555854,42,0.340946907407978,0.807263827327861,0.0701567944218516,0,0,5.64547813558395,-73.5463371158499,6.60134946596535,VI,Government,COL,Colombia
555555855,7,0.0594362126882263,0.629380483598241,0.0223683565629933,0,0,3.87372815646651,-74.1560400481656,6.04215779833253,VI,Government,COL,Colombia
555555856,5,0.0251286212709858,0.754288874776262,0.0405414844624987,0,0,3.6407878413208,-73.0237901687155,6.19180323659464,VI,Government,COL,Colombia
555557388,5,0.0145111311265718,0.332308756299706,0.216203173909909,0,0,5.94219453191063,-123.014860669127,51.0190019188897,II,Government,CAN,Canada
555557526,6,0.0216210987272137,0.596603202874418,0.0869354127802909,0,0,3.46988250188624,-111.444073729419,54.7422973538704,II,Government,CAN,Canada
555557746,29,0.101060766199071,0.631220207916772,0.0148376894395174,0,0,0.260624516272662,-109.235770133157,56.8809208280129,Ib,Government,CAN,Canada
555557754,7,0.0264745444389391,0.844532614716996,0.0641738273869171,0,0,2.80783366309104,-104.65073471068,54.086091222608,II,Government,CAN,Canada
555557763,20,0.0683523343211242,0.552176373315668,0.100788065066853,0,0,1.51475296143155,-109.051669139327,54.5193144008743,II,Government,CAN,Canada
555557764,28,0.0733491207164953,0.740779486660476,0.107745288981621,0,0,2.09361660135554,-104.669974396456,55.3277439631769,II,Government,CAN,Canada
555557769,16,0.0643285508979843,0.619126994021408,0.0208437447191301,0,0,0.129825098099897,-108.709826920573,55.1824240934845,Ia,Government,CAN,Canada
555557773,21,0.095823164314365,0.921045491449321,0.0166975788488801,0,0,0.314862464089409,-103.672025466767,54.1918896511672,Ib,Government,CAN,Canada
555557790,8,0.036763385318027,0.561973801214385,0.019009219381164,0,0,0.663464133843751,-104.349200486164,54.813914073674,Ib,Government,CAN,Canada
555558126,5,0.0198109759224503,0.646372741847754,0.0184038437569851,0,0,0.422872580774833,-93.2904116530191,52.1122088566868,IV,Shared governance,CAN,Canada
555558127,6,0.0190808165861883,0.618773785178448,0.0293021964099564,0,0,0.322803322893962,-93.675162023962,51.8691543781631,IV,Shared governance,CAN,Canada
555558128,27,0.110342093511726,0.513351069341793,0.0439298890449117,0,0,0.44112209768627,-94.4102729505593,51.9002086026168,Not reported,Not reported,CAN,Canada
555558217,6,0.0160358126950705,0.72308154976351,0.0441428138332041,0,0,0.270672871001702,-101.987117891882,55.2038335814899,Ib,Government,CAN,Canada
555558225,7,0.01388451066869,0.634064390894333,0.263492790113601,0,0,3.74227579165862,-104.555265736198,51.9627999726867,IV,Shared governance,CAN,Canada
555558303,95,0.139982848042614,0.578338883193484,0.00592411759295929,0,0,0.122084088892773,19.7457991603428,9.46469038325382,Not reported,Not reported,TCD,Chad
555558382,5,0.014584634212637,0.254788127228438,0.029701858735437,0,0,1.3458022098862,29.5208612820979,53.7479752778393,IV,Not reported,BLR,Belarus
555566943,32,0.112249757438235,0.728342582393689,0.0175847589596281,0,0,0.161730405026823,-104.32045724785,56.8568725898151,Ib,Government,CAN,Canada
555566968,35,0.120344304371789,0.532438878209654,0.0145905754183597,0,0,1.01453750438595,-128.64398110425,59.3344507032938,Ib,Government,CAN,Canada
555567090,109,0.306654814269048,0.806736570046629,0.0625012083660623,0,0,1.66158819485176,-72.3536814390975,51.6048465297057,II,Government,CAN,Canada
555567106,5,0.0290215863195132,0.0580795914190616,0.0401872330575169,0,0,0.992184238744553,-72.0772974199628,47.6443564429234,II,Government,CAN,Canada
555567121,5,0.0171745922559775,0.559653954873214,0.0275162009805319,0,0,1.31540519857671,-78.7562413575127,49.4261381008683,II,Government,CAN,Canada
555567126,5,0.0237353049411476,0.161828080967484,0.0256839725773317,0,0,0,-73.1263602941037,48.1921736345316,II,Government,CAN,Canada
555567132,6,0.0279348768013725,0.859463223783019,0.0251113318070082,0,0,0.473332790656015,-76.848008969091,48.6972246836512,II,Government,CAN,Canada
555567135,6,0.0276412739883597,0.652401849867969,0.0330506163703523,0,0,0.137257439456997,-68.4282848081902,50.8224870867674,II,Government,CAN,Canada
555567145,6,0.0149415578324229,0.878120420515238,0.0257644536495251,0,0,0,-71.3354529152253,50.8487373848011,II,Government,CAN,Canada
555567147,15,0.0388587100458169,0.39183073943726,0.019391076858155,0,0,0.310895165591741,-67.3628187397448,55.7400430873229,II,Government,CAN,Canada
555567148,51,0.196559590810503,0.852767105290187,0.0533068366120501,0,0,1.86056185162804,-75.1607579222324,50.4006985332455,II,Government,CAN,Canada
555567267,20,0.11579498141803,0.082900121056742,0.0930385441414878,0,0,1.54584179184121,-77.8259826874888,46.8815266253537,II,Government,CAN,Canada
555569775,21,0.0977310580895384,0.513586966704792,0.079601786716872,0,0,2.9306903042702,-67.9537812257071,51.5684576988347,II,Government,CAN,Canada
555569935,10,0.0381227498926045,0.93181553335004,0.123358586664073,0,0,2.91644055344419,86.0708425982428,27.8457872807093,VI,Private/non-profit,NPL,Nepal
555569939,5,0.0234183454805089,0.851843899637248,0.108387906216302,0,0,3.89825818450148,81.1074255123845,29.3708626146356,VI,Government,NPL,Nepal
555569942,8,0.0206961011642224,0.952695750801037,0.0684509371734678,0,0,2.80484452498826,80.7494929184942,29.8250412913583,VI,Government,NPL,Nepal
555569944,8,0.0409440529441403,0.519046038270297,0.0559679673213474,0,0,2.13080762346629,81.9428285355952,28.1423323592145,II,Government,NPL,Nepal
555571105,9,0.0193052449024892,0.514477457454515,0.0894116696010064,0,0,6.04248602236506,31.9700350462204,-28.2038437309541,Not reported,Government,ZAF,South Africa
555571264,16,0.134731457657189,0.381835386308167,0.0153940888925078,0,0,0.699363407841834,119.554390971291,-2.53273903742643,II,Government,IDN,Indonesia
555575329,8,0.0591148772437773,0.567925664541859,0.18416253260796,0,0,5.81652198061211,136.403455880581,35.6661968516757,V,Government,JPN,Japan
555575356,9,0.0697059064919975,0.55952257982797,0.246658147482334,0,0,5.79166032040089,136.294621744735,34.3622541394158,V,Government,JPN,Japan
555576122,13,0.0605321465060479,0.70322688085484,0.0404303015151062,0,0,1.97852245022423,90.8048479922284,27.7363857172553,II,Government,BTN,Bhutan
555576163,39,0.466352114073059,0.114899719525772,0.0007024385731487,0,0,0.072686636450707,-63.4980194502391,-6.24523656703051,VI,Government,BRA,Brazil
555576172,16,0.0446818041756098,0.847590356763737,0.0625617020292237,0,0,4.54940963243102,-48.4796660382622,-23.1770724225132,V,Government,BRA,Brazil
555576177,10,0.0167668113507009,0.418278322040755,0.0579904426615366,0,0,3.0568750906524,-49.2452812143776,-22.2136189372914,V,Government,BRA,Brazil
555576191,6,0.0450847674857941,0.586474301927709,0.00794945047913181,0,0,2.22965390099954,-56.6227705282786,-17.14057125967,II,Government,BRA,Brazil
555576203,6,0.0261487247946953,0.814076546846682,0.2446019706248,0,0,5.24025209055433,-46.6080065035397,-23.2512530060018,V,Government,BRA,Brazil
555576204,164,1.91803922649717,0.066778360493954,0.00236798423145523,0,0,1.3725977653559,-51.6841010092013,1.87964079632764,VI,Government,BRA,Brazil
555576208,24,0.225696110856829,0.49683202882432,0.041417876482226,0,0,4.67353975350004,-47.6598236558362,-24.205870653075,V,Government,BRA,Brazil
555576219,16,0.0760243267437883,0.745901211930357,0.183515038369453,0,0,6.95034590120356,-43.7214526277788,-20.113065878565,V,Government,BRA,Brazil
555576231,5,0.0335262933256802,0.616396785965724,0.163533375358472,0,0,6.46441353071574,-49.0406721453233,-26.1833470650335,V,Government,BRA,Brazil
555576236,8,0.0896706613791966,0.137592936360049,0.00346317358459822,0,0,1.72460969143693,-61.7348708030449,-4.98122580390827,VI,Government,BRA,Brazil
555576283,7,0.0816351561636113,0.072057189790588,0.000719802789046397,0,0,0.205974891031909,-64.8203595078803,-6.85642884911854,VI,Government,BRA,Brazil
555576306,27,0.101314149761093,0.804582997082328,0.17111098340115,0,0,5.41018590559157,-46.471952546405,-22.8996984430135,V,Government,BRA,Brazil
555576317,13,0.0702774282722487,0.69763119386121,0.196443310003824,0,0,5.70787545928221,-43.5411745637139,-22.59845006932,V,Government,BRA,Brazil
555576350,23,0.0516434861977885,0.661218067224596,0.119811352700061,0,0,5.52669633370881,-47.8988397730898,-22.3652425141526,V,Government,BRA,Brazil
555576378,5,0.00739707817501139,0.8345759864899,0.041957270316106,0,0,2.61990695468524,-49.5225859323112,-23.2953813030751,V,Government,BRA,Brazil
555576389,26,0.149214547306582,0.652226346338139,0.0303853303130065,0,0,2.6715785552915,-41.6963789205607,-17.6015553136406,V,Government,BRA,Brazil
555576393,9,0.0867366877544395,0.27962501996891,0.00170997778435668,0,0,0.429236845707348,-60.3685604868555,-4.99490486276887,VI,Government,BRA,Brazil
555576419,6,0.0152335497292239,0.618640357718462,0.00586164542553051,0,0,3.3118309065788,-50.810594942852,-12.1127946244483,II,Government,BRA,Brazil
555576433,18,0.214465418218754,0.146080738077706,0.00113973194996617,0,0,0.938680654662033,-61.3058300211695,-5.24943380262135,II,Government,BRA,Brazil
555576452,5,0.0205111825696467,0.766716167292398,0.343060402390727,0,0,6.83228174424914,-46.913906812572,-23.2642357600356,V,Government,BRA,Brazil
555576453,17,0.145782175270667,0.879860632423418,0.0162831943587715,0,0,1.79245938828522,-43.038090005313,-3.99846161871292,V,Government,BRA,Brazil
555576479,7,0.0366329756946671,0.916222490228764,0.278623554952325,0,0,6.09707588853205,-47.170445106912,-23.6993703741463,V,Government,BRA,Brazil
555576527,6,0.00826931619841309,0.411229216589699,0.00252215918427107,0,0,0.485007784890819,103.285051542348,49.1871637350215,IV,Government,MNG,Mongolia
555576529,6,0.00668444628411736,0.175672510660759,0.00176593198421857,0,0,0.789607671333038,106.464406993769,50.0564502183735,II,Government,MNG,Mongolia
555576542,33,0.0471067886338882,0.568937543543319,0.00195121210600027,0,0,0.457807419534338,103.961800600001,49.9643230121783,Ib,Government,MNG,Mongolia
555576543,18,0.0400836193353366,0.165812024181623,0.00114424779547955,0,0,0.278581856915516,98.6724535695739,51.4712155093997,II,Government,MNG,Mongolia
555577244,33,0.0607293453710168,0.663959302633069,0.0915330326046755,0,0,4.41033333044719,142.681073495945,-13.6144228565486,II,Shared governance,AUS,Australia
555577270,29,0.0394187730476434,0.810312192707478,0.147952442949771,0,0,4.50665579169827,144.162905438495,-15.0005378946594,II,Shared governance,AUS,Australia
555577303,25,0.0890873302030446,0.573504768103455,0.248133066068357,0,0,6.75217374946368,143.409239475494,-13.9216085389667,II,Government,AUS,Australia
555577339,13,0.0235344976071492,0.952431014738988,0.0816279927653183,0,0,4.75111372396453,142.46791369475,-12.3226268607095,VI,Private/non-profit,AUS,Australia
555577375,7,0.00912865524347803,0.864188001807818,0.0647501185844017,0,0,3.7405776948081,143.174331726822,-14.3662818900259,VI,Private/non-profit,AUS,Australia
555577536,11,0.0520044511982238,0.563000555274028,0.0322334372227114,0,0,3.21566275529906,-61.1076065002779,-25.0072677518831,II,Government,ARG,Argentina
555577580,7,0.0224758952200746,0.432343347787633,0.580512977182998,0,0,7.80653301827136,15.0804701222278,48.5675836233509,Not reported,Government,AUT,Austria
555577619,10,0.0394957509288582,0.47973649142171,0.617593044064674,0,0,8.51860724167654,14.1472331597366,47.338201244853,Not reported,Government,AUT,Austria
555577629,6,0.022508345678853,0.548686079480564,0.615017124857575,0,0,7.86127459341003,15.8530607046017,47.4238989474824,Not reported,Government,AUT,Austria
555577720,9,0.0318656270967392,0.321032797610183,0.369669655874699,0,0,4.15415276316392,16.7981858644326,45.3279655674412,Not reported,Government,HRV,Croatia
555577733,6,0.032908112502481,0.385701479000444,0.351246165141585,0,0,4.91200093092473,15.1013442633449,45.1828191655269,Not reported,Government,HRV,Croatia
555578004,5,0.0129763481482501,0.418992163038451,0.547305912195834,0,0,9.60309540738744,13.098530409044,47.1058958155228,Not reported,Government,AUT,Austria
555579962,5,0.0176077923617719,0.257990983758041,0.390746846634692,0,0,9.09048302257759,26.4269485651306,58.0501619577751,Not reported,Government,EST,Estonia
555580291,5,0.0191319346757034,0.673654665027762,0.232247514534296,0,0,5.30999774464778,20.8599485955071,40.2988273969816,Not reported,Government,GRC,Greece
555580440,6,0.0197204625690058,0.810911712801247,0.710586995302201,0,0,7.17130357034657,11.8300634040614,45.913172080959,Not reported,Government,ITA,Italy
555580676,7,0.017724982993618,0.122137708630251,0.151594223015847,0,0,4.12648434181265,22.3107566073651,57.0749445505841,Not reported,Government,LVA,Latvia
555580685,12,0.0343120219724509,0.401032334086984,0.0877639560206636,0,0,3.72813601043032,27.5412563598871,56.2418839932849,Not reported,Government,LVA,Latvia
555580747,11,0.0291060412715375,0.225726633399476,0.10896262723878,0,0,4.58410750360044,26.9154744135572,56.8819467502192,Not reported,Government,LVA,Latvia
555580748,5,0.0196142165070582,0.159779136773964,0.322443319252155,0,0,8.44566936436821,26.9340389783275,57.5705101225535,Not reported,Government,LVA,Latvia
555580750,5,0.0141356262848457,0.204224266253925,0.235290797807605,0,0,5.28994398077421,24.457481858904,57.1516114199692,Not reported,Government,LVA,Latvia
555580754,5,0.0159263284404988,0.155392395635797,0.328504250237137,0,0,8.35712275679706,26.2204654702591,57.5939160023425,Not reported,Government,LVA,Latvia
555580756,9,0.0302219434546213,0.349121447657633,0.0970834827797899,0,0,4.05049111324603,25.9108331914374,56.8940791952132,Not reported,Government,LVA,Latvia
555580767,9,0.0406535299752393,0.479392907612209,0.766658598288407,0,0,9.5796450817517,1.65344691789777,42.2548246846648,Not reported,Government,ESP,Spain
555582981,7,0.0568221939659508,0.612845432133573,0.0356562635559029,0,0,2.40612224441988,-85.9802337774689,15.4611790451649,II,Government,HND,Honduras
555583085,9,0.0646836202114116,0.566346202966587,0.0336712122666491,0,0,1.34674963497824,124.430972052994,7.7981415179322,Not reported,Government,PHL,Philippines
555583089,6,0.0286498243212462,0.944050281156763,0.0498832484240665,0,0,2.74174977934988,123.237261547639,10.6769624945984,II,Government,PHL,Philippines
555583092,19,0.13771567408493,0.776482768988401,0.0260051440015304,0,0,1.96234422756388,121.586276440488,16.2137722139733,V,Government,PHL,Philippines
555583093,29,0.24849432794413,0.516465291666725,0.0273773324277101,0,0,2.69281854088201,125.176780615762,11.8298880845288,II,Government,PHL,Philippines
555583103,14,0.101029721539205,0.7299184087085,0.0795151710912468,0,0,3.4454652532452,121.40737515092,14.6753475581115,Not reported,Government,PHL,Philippines
555583108,19,0.0459628952036554,0.0781006997297296,0.0047118370156774,0,0,0.0435129012833859,33.8156783190031,7.46152414674314,II,Government,SSD,South Sudan
555583111,29,0.0959483103015758,0.0807634501194144,0.0020070002956967,0,0,0.108038744623102,27.3264171290198,6.96705597523425,VI,Government,SSD,South Sudan
555586232,8,0.0293792963836184,0.444676532312196,0.371429986405798,0,0,5.19616123070359,-113.886177143808,47.4323041325236,Ib,Community/Indigenous,USA,United States
555586254,5,0.0100808859914197,0.360990470230322,0.0368389879850256,0,0,1.11939797866867,-139.259254279718,59.6461736539732,Ib,Government,USA,United States
555586266,45,0.2130254167417,0.717684242362409,0.290669968776181,0,0,5.85328884389053,-121.133214012133,48.7083298948188,Ib,Government,USA,United States
555586272,8,0.0142617527057245,0.267539926844879,0.0444977005120389,0,0,1.32124035254023,-133.220102191841,57.5736569101988,Ib,Government,USA,United States
555586277,10,0.0322150848503557,0.54489978724435,0.0400662047704889,0,0,1.64633606909169,-136.022648331152,57.692648185163,Ib,Government,USA,United States
555586278,9,0.0522082070742655,0.761263219300294,0.355821698320965,0,0,6.41386651536229,-121.365875032323,47.897940608326,Ib,Government,USA,United States
555587126,23,0.0766350853482116,0.366652479514973,0.0116314352560319,0,0,0.629805036737155,-60.6704195721203,-24.1135661495155,Not reported,Not reported,ARG,Argentina
555587169,77,0.409662888599439,0.923063584338368,0.0484160819635504,0,0,2.81279150797437,-71.7390997819337,-41.2605337968082,Not reported,Not reported,ARG,Argentina
555588762,10,0.0277565120038397,0.876347748195264,0.897145123243553,0,0,8.33857424049294,-6.05407858655944,42.9540374314489,V,Government,ESP,Spain
555589636,5,0.0203591212634273,0.603970268448612,0.169956646328277,0,0,2.86034089006937,18.8342905459256,43.31934501156,V,Government,MNE,Montenegro
555592554,23,0.216712452595681,0.540825264398775,0.0200142093282788,0,0,1.43700041676761,112.047804061798,-2.99592176094579,II,Government,IDN,Indonesia
555592563,12,0.0500140820573023,0.399486204713179,0.106636968602395,0,0,4.94136854886734,28.0644990947131,51.990431013245,II,Not reported,BLR,Belarus
555592569,8,0.0482135272401884,0.808840253844868,0.343294446713697,0,0,7.08964849217511,166.681894089348,-22.130240116533,II,Not reported,NCL,New Caledonia
555592597,5,0.0268238083241019,0.609613844349812,0.035559292512488,0,0,2.21849259576535,-63.6026936045452,-20.3207912368014,Not reported,Government,BOL,Bolivia
555592602,5,0.0330363574644571,0.018616392378201,0.00172168702451889,0,0,0.192809485689182,-59.9656827222395,-16.939470572516,Not reported,Government,BOL,Bolivia
555592608,11,0.0335587751155301,0.540345301985906,0.00527072210791142,0,0,0.795077112438984,-66.7644073070188,-13.9208894779892,Not reported,Government,BOL,Bolivia
555592655,20,0.218048521986279,0.270814308720573,0.00715383827623457,0,0,1.71983654675995,-66.7289029910093,-15.3941092397306,Not reported,Government,BOL,Bolivia
555592658,5,0.0116252871636595,0.174433218795697,0.0411944917641652,0,0,3.54321145293472,-64.521334581074,-18.4522536082938,Not reported,Government,BOL,Bolivia
555592663,27,0.294862003477982,0.0754773641816452,0.00463567899690162,0,0,1.32597301769499,-61.7354357484516,-14.8307447322208,Not reported,Government,BOL,Bolivia
555592668,21,0.183133994932345,0.188938936708405,0.0148546186217682,0,0,2.53056072835154,-59.4107245821567,-18.3192970440436,Not reported,Government,BOL,Bolivia
555592670,72,0.584921726852882,0.276502363119749,0.0513865429388106,0,0,4.54971623126403,-63.789961869636,-18.7797613338224,Not reported,Government,BOL,Bolivia
555592678,35,0.252003145192538,0.484096656882922,0.00480476703047765,0,0,0.399266405189662,-64.1389541013116,-16.0085535627766,Not reported,Government,BOL,Bolivia
555592685,108,0.962633040361218,0.346357152474814,0.00253686914018706,0,0,0.514509673480265,-63.3024533098934,-12.9808198117298,Not reported,Government,BOL,Bolivia
555592962,5,0.0428117960713893,0.3137886219188,0.0198628819331544,0,0,4.39213338680274,-77.3347156047252,0.313840096312,Ib,Government,ECU,Ecuador
555593250,32,0.11874662515906,0.303847260252782,0.0197138108611991,0,0,1.02102296411587,-132.990953125542,58.9804856187357,II,Government,CAN,Canada
555593253,10,0.027595842218375,0.300200648822706,0.0189513318487455,0,0,0.823433073023569,-133.509945635165,59.9177729661285,II,Government,CAN,Canada
555593259,5,0.011651056484734,0.319060721849102,0.0667263774555748,0,0,2.6232024710866,-133.323428927734,58.7693361777872,II,Government,CAN,Canada
555593266,6,0.0146985917681671,0.501460299004915,0.0134479179558537,0,0,0.146641555698779,-132.790010612155,59.6157800677455,II,Government,CAN,Canada
555593996,6,0.0404139596933452,0.674475577255964,0.195125088769643,0,0,9.80531381727431,121.441589823314,24.6225194431824,IV,Government,TWN,Taiwan
555597204,7,0.0220759740103643,0.956239527450549,0.40341984346576,0,0,6.14524066014544,19.6581306358007,43.6631127779106,V,Government,SRB,Serbia
555597294,15,0.0465459649290404,0.372927156289288,0.907875137159255,0,0,9.219023071385,-0.945659013900815,45.0455605667251,V,Government,FRA,France
555597355,16,0.0378274075544805,0.386004280946498,0.815671850709409,0,0,9.67543214627233,4.93263836745349,47.8396518221377,V,Government,FRA,France
555599266,7,0.0164156654103492,0.703875419817643,0.316043756981284,0,0,5.88540908318352,145.624607554278,-18.4409579441106,III,Shared governance,AUS,Australia
555599309,7,0.0218915583431572,0.846626763031777,0.0925051202108713,0,0,4.26129150242727,142.810513656803,-12.5215646712724,VI,Private/non-profit,AUS,Australia
555599884,12,0.0256565791846373,0.0643048463518958,0.185132180174824,0,0,3.7041134350727,-108.535832086303,30.4882022362634,VI,Government,MEX,Mexico
555599885,25,0.121789156394319,0.0904440178326849,0.40418090267404,0,0,6.39114972912504,-100.336102145519,25.2717000796253,VI,Government,MEX,Mexico
555599925,29,0.112876942040836,0.754778487474977,0.0924722356269589,0,0,4.67401263274304,-49.8962400103422,-24.6805167349752,V,Government,BRA,Brazil
555599933,14,0.129034454733901,0.54255777443479,0.0735324436687957,0,0,5.75645731544683,-48.8142296713471,-25.7929629208734,V,Government,BRA,Brazil
555599940,19,0.14097393580271,0.68820858646546,0.0386882594911436,0,0,2.76981427511009,-51.1002096936345,-25.6451118481942,V,Government,BRA,Brazil
555600076,36,0.443444872891029,0.0722364774047596,0.000675832220264689,0,0,0.152785124790282,-58.2775994797961,-5.63602462564006,Ia,Government,BRA,Brazil
555600305,7,0.0154917450134352,0.581561643081911,0.0238923954657482,0,0,2.75600543707357,-55.6350278538474,-30.3880295855132,V,Government,BRA,Brazil
555600306,47,0.272423947813724,0.699564881217213,0.119354465923901,0,0,5.56924267482377,-45.0409172804044,-22.434925767131,V,Government,BRA,Brazil
555600312,29,0.130837820364783,0.57642390026485,0.0169548992260703,0,0,3.2112210840944,-45.0690859158192,-11.0829692143655,V,Government,BRA,Brazil
555601340,8,0.0371356064592877,0.336417045922926,0.485592707587799,0,0,5.33655731768982,-84.2058996948404,45.1252395441884,V,Government,USA,United States
555601685,9,0.0420953399836848,0.478107008737503,0.631038643960306,0,0,6.26659403320728,-84.504792726751,44.3581024744323,V,Government,USA,United States
555606431,5,0.0197227150658637,0.695628792205856,0.342084745597252,0,0,5.99504272412544,-111.034214627803,45.3245794691058,Ib,Government,USA,United States
555606906,18,0.0372010885715801,0.82063713493798,0.0295090429900395,0,0,1.9740988036439,-153.492442221784,60.0041944456685,V,Government,USA,United States
555608599,5,0.0168391156445289,0.821838689053705,0.440290325484837,0,0,5.98950654734355,-110.913446032149,43.3270920595886,Ib,Government,USA,United States
555612043,8,0.0401785984493637,0.325512430261103,0.0933030647186427,0,0,3.04816128375494,-113.211690467884,45.6227040795402,Ib,Government,USA,United States
555621334,21,0.209155346109951,0.533659672993059,0.109176865912559,0,0,5.05267739607029,-91.180441791323,16.4577137941086,VI,Government,MEX,Mexico
555621354,10,0.0701648600701391,0.26287088086026,0.362544876978229,0,0,7.2182876308881,140.563440686364,38.5741628738924,V,Government,JPN,Japan
555621355,20,0.138011294190784,0.432129832753531,0.118159815191632,0,0,4.7050504053213,139.423944582712,37.2461731761402,V,Government,JPN,Japan
555621363,5,0.0259269501116384,0.423834824871281,0.347558112262352,0,0,7.42209533427441,140.251492445606,38.4278337533619,V,Government,JPN,Japan
555621370,5,0.0261923883742149,0.274742510183787,0.223079329705907,0,0,6.69612448321037,141.52870314719,39.6160217364218,V,Government,JPN,Japan
555621520,8,0.0370372115564066,0.526623470825479,0.452534177382353,0,0,6.49647447242378,-114.364594976971,49.346655238033,Ib,Government,CAN,Canada
555621524,26,0.103850839175226,0.751535625860875,0.0197818827162317,0,0,0.583915251577113,-110.175951679046,55.800278300802,Ib,Government,CAN,Canada
555621529,23,0.0995274093007842,0.532120634067216,0.0244355930890827,0,0,1.1183383411997,-110.387506595536,56.5412134531438,Not reported,Government,CAN,Canada
555621533,57,0.172061531601613,0.319093392778072,0.0147473267899986,0,0,0.52555442182872,-110.883244070534,59.406226342072,Ib,Government,CAN,Canada
555621539,16,0.0475187448374963,0.683056916930611,0.0291179880966111,0,0,1.19327992060824,-110.927440490303,58.1713521526793,Ib,Government,CAN,Canada
555621562,127,0.484583722253304,0.411986303250948,0.0293220830295015,0,0,0.285933490160615,-58.2680939540724,53.5476023371387,II,Government,CAN,Canada
555621662,60,0.253675244858135,0.654123462059127,0.0243890504988812,0,0,0.238808005012679,-91.768509713191,51.9714689024333,Not reported,Not reported,CAN,Canada
555621884,18,0.127791760711187,0.106300266560911,0.358163080573764,0,0,5.72957388648368,-89.3299493554503,20.7278863067625,Not reported,Government,MEX,Mexico
555621896,11,0.0890049547870689,0.0590027880974137,0.207358533700014,0,0,6.8549536832632,-89.506717466782,20.0954466732074,Not reported,Government,MEX,Mexico
555622007,6,0.0254691367075925,0.719014348026661,0.0857197155533529,0,0,5.53746668443707,37.4077208725453,-0.152784535267305,II,Government,KEN,Kenya
555622119,12,0.115201771004348,0.0322180652398594,0.0019227089358231,0,0,0.30613314630444,13.8212304790282,2.46494181778779,IV,Government,CMR,Cameroon
555623628,105,1.2151007211759,0.0513017951019527,0.00136454241620235,0,0,0.572183846248296,-74.0734619289189,-7.23072888203549,II,Government,PER,Peru
555623630,27,0.300869429961975,0.0614835323570637,0.00238045166062371,0,0,0.551722006834961,-73.0050499711758,-2.75545539784895,VI,Government,PER,Peru
555623783,21,0.0644562891297657,0.28421912729882,0.00271223212498247,0,0,0.216000662110706,32.3988049222401,-6.56012581650695,Not reported,Government,TZA,Tanzania
555623786,7,0.0164246276215927,0.556289038827166,0.0204971444355232,0,0,2.18164417942634,35.5703466942045,-1.97013269351642,Not reported,Government,TZA,Tanzania
555623789,10,0.017862111760058,0.373813632497614,0.00914743469387259,0,0,0.826446123480042,37.8287023198516,-5.22696366016914,Not reported,Government,TZA,Tanzania
555623790,21,0.0619588659507185,0.249642688323515,0.00557859200286721,0,0,0.818011866382662,33.6583980800248,-5.98986063731187,Not reported,Government,TZA,Tanzania
555623799,12,0.0281007069921219,0.414886278107069,0.00470922169080377,0,0,0.543115270394622,33.7928080944573,-6.7154339546617,Not reported,Government,TZA,Tanzania
555623800,7,0.0163756515286617,0.522309809125572,0.0170943880229728,0,0,2.11490972290021,35.5396275549366,-5.04373776910874,Not reported,Government,TZA,Tanzania
555623802,17,0.0671608004877527,0.26743831336554,0.0107813980070069,0,0,1.65597569577595,30.8525246833517,-7.31931824420701,Not reported,Government,TZA,Tanzania
555623803,7,0.0200025403786243,0.117162980247441,0.00193167695473516,0,0,0,33.1593814321749,-7.15550612118022,Not reported,Government,TZA,Tanzania
555623806,5,0.0284426141702649,0.084826434045418,0.00369795210349246,0,0,0.440336992273951,30.7276604256971,-5.5452807647341,Not reported,Government,TZA,Tanzania
555623813,5,0.0093989954170671,0.270826647978462,0.0112138565126794,0,0,0,36.8922621601111,-5.26504097403576,Not reported,Government,TZA,Tanzania
555623815,13,0.0542952856791583,0.505250267835241,0.00539702025631426,0,0,0.808940712181832,35.6377975792582,-10.0190925721868,Not reported,Government,TZA,Tanzania
555623818,5,0.0132218470904867,0.430329336796243,0.00707893102145046,0,0,0.382349760786863,34.0505462192309,-5.42321156538566,Not reported,Government,TZA,Tanzania
555623820,15,0.0596329680609698,0.180344930965495,0.00229779745512943,0,0,0.157076232210217,33.0557681204636,-7.61710514268815,Not reported,Government,TZA,Tanzania
555623827,20,0.0939149540413066,0.395816865107948,0.00728946521997911,0,0,1.44334104852103,39.0875073864205,-9.37023014707283,Not reported,Government,TZA,Tanzania
555623845,5,0.0151489598967915,0.356196084626029,0.0180790338654194,0,0,2.4013187234162,30.0736691039621,-4.92084266568985,Not reported,Government,TZA,Tanzania
555623848,20,0.0877320651844178,0.484558362459592,0.00572676290291722,0,0,0.551487632867431,31.3573886438334,-6.16685759017974,Not reported,Government,TZA,Tanzania
555624082,5,0.0192314134443847,0.14647433991699,0.0115716839552659,0,0,1.56114957299416,31.4661307226748,-3.09632126645483,Not reported,Government,TZA,Tanzania
555624151,10,0.0252712739657232,0.766512667744223,0.0462668273022681,0,0,3.89928165296973,-55.841271703764,-31.1604099562827,Not reported,Not reported,URY,Uruguay
555624171,5,0.00846758599831402,0.334266337293013,0.0057527888651661,0,0,2.04854232370701,-68.8370303660113,-54.6755618854067,Not reported,Not reported,CHL,Chile
555624187,6,0.0339977231512348,0.75832781617573,0.0558950857315056,0,0,1.10882494514821,96.3636800220262,25.1207684368819,IV,Government,MMR,Myanmar (Burma)
555624219,6,0.0449059566712692,0.821846196557167,0.1091507535879,0,0,4.73394902227201,-69.6002923556344,18.9946406644383,II,Government,DOM,Dominican Republic
555624305,28,0.218756947690347,0.584381168744189,0.117018248243533,0,0,3.33972026604048,-98.4318470483208,23.4109367728596,VI,Government,MEX,Mexico
555624941,10,0.0187639845167154,0.439554357040706,0.139497780176181,0,0,4.8479398129504,135.481752501152,-12.255198811606,VI,Community/Indigenous,AUS,Australia
555624942,14,0.0203100694564777,0.352432430917189,0.0888265052642301,0,0,3.59457767782068,135.702044453559,-13.8465146375494,VI,Community/Indigenous,AUS,Australia
555625271,10,0.0153812809811145,0.767931578139994,0.109939037805389,0,0,4.11221927477116,142.683425058262,-13.2315217028486,VI,Private/non-profit,AUS,Australia
555625665,69,0.747211368096271,0.227459287605625,0.000857366896146077,0,0,0.329176879170461,25.036169019677,-1.63731752842659,Not reported,Not reported,COD,Congo - Kinshasa
555625801,318,1.53996675576613,0.151933964072145,0.0134918371505015,0,0,1.60971269498205,26.9310791032764,-9.46495879567714,II,Not reported,COD,Congo - Kinshasa
555626053,5,0.0120209955355149,0.277748566236518,0.331758078936163,0,0,4.63247845275692,18.9090530750348,45.7377882724253,Not reported,Not reported,HRV,Croatia
555626054,5,0.00798051355722346,0.095730165079155,0.172029104023499,0,0,3.7129195334392,-109.419674671056,30.372858365727,VI,Government,MEX,Mexico
555626073,5,0.035048297832804,0.520669856362892,0.0123693010294561,0,0,0.909989324261371,97.9117245126798,27.8618158695502,II,Government,MMR,Myanmar (Burma)
555626074,58,0.549128290257951,0.461593972417458,0.0133643613757412,0,0,0.431966693584203,96.9140350265971,26.6673849556842,IV,Government,MMR,Myanmar (Burma)
555626076,8,0.0600521152622055,0.680515316533476,0.018787849078235,0,0,0.985524592157707,96.0674102821253,18.1567468928362,IV,Government,MMR,Myanmar (Burma)
555626089,13,0.0414378057613066,0.802074802770748,0.00791966600076251,0,0,0.834525377815683,31.8966337578487,-11.5338156921918,Not reported,Shared governance,ZMB,Zambia
555626090,40,0.100295555560397,0.358188635167627,0.00659966775491847,0,0,0.328045978231545,25.1188987024779,-15.3706407720537,Not reported,Shared governance,ZMB,Zambia
555626098,44,0.17377231386286,0.543490507348213,0.00427037955228411,0,0,0.491611693819987,14.7793776386229,-0.946678021503559,Not reported,Not reported,COG,Congo - Brazzaville
555626099,22,0.143498667007553,0.561494840393053,0.00512542587198476,0,0,0.723219954631809,15.6680974557185,-0.783917113655522,VI,Not reported,COG,Congo - Brazzaville
555629210,6,0.0358894034899693,0.201074238740361,0.0160072827643106,0,0,1.54777271753515,11.8679057201762,-4.4207160108165,IV,Not reported,COG,Congo - Brazzaville
555629239,85,1.01321036764344,0.0398914679639602,0.00149355737688215,0,0,0.476597565362993,-71.2483344003228,-2.83016052432901,II,Government,PER,Peru
555629437,26,0.144020911331757,0.849370921149595,0.0179945643352005,0,0,2.04802196648062,-57.1313346961886,-22.4596470048649,Not reported,Not reported,PRY,Paraguay
555632610,9,0.0235176566626648,0.248033523897776,0.272230149664117,0,0,7.62422247670552,27.5943619377853,59.1237957009709,Not reported,Government,EST,Estonia
555635844,10,0.10377807053871,0.449128460572597,0.0194366456722888,0,0,1.54137563425057,121.018368751511,-2.34114030259159,Ia,Government,IDN,Indonesia
555635873,7,0.0584765631613577,0.570693781286317,0.111747681865795,0,0,5.07382277795517,100.504156894777,-0.86252719497836,Not reported,Government,IDN,Indonesia
555635877,5,0.0461616587224103,0.142004558099671,0.0428353636465292,0,0,1.82433080329583,131.426985239973,-7.53540887954699,Not reported,Government,IDN,Indonesia
555635894,10,0.0858771771454922,0.245424878339748,0.0146194480408304,0,0,2.08303415210455,130.91110918046,-0.182001304727844,Ia,Government,IDN,Indonesia
555635933,39,0.187600518465974,0.602290992274099,0.0206081191331453,0,0,0.0612920093835011,138.22844622489,-8.06191825442646,VI,Government,IDN,Indonesia
555636630,11,0.13083814736077,0.0567730247035345,0.000664667991403094,0,0,0,-58.3710702625218,-6.18518709412154,VI,Government,BRA,Brazil
555636632,13,0.157397337322094,0.199896975599624,0.00130258939912888,0,0,0.315956658796033,-60.7289941058975,-6.9443386909464,VI,Government,BRA,Brazil
555636633,25,0.291299415382867,0.336313128067221,0.00631142775573333,0,0,1.62367583430418,-64.6791500266767,0.00432946780333388,V,Government,BRA,Brazil
555636636,15,0.170586202363652,0.190064484363253,0.000697504420026317,0,0,0.105906384856594,-59.3613750105577,-6.32810006972535,II,Government,BRA,Brazil
555637330,335,3.5382731594031,0.314696696952753,0.00541557147122405,0,0,1.64042315880085,-63.8744942588989,-1.68280877583451,Ib,Not reported,BRA,Brazil
555637343,62,0.721641475860209,0.203876665697195,0.0129182107579948,0,0,3.8243095233942,-75.7522428682104,-0.431687479635881,II,Not reported,ECU,Ecuador
555637345,8,0.0335990580659066,0.473556231112775,0.110767661792884,0,0,5.0052956490005,-65.8897917188457,-27.328225881907,II,Government,ARG,Argentina
555637434,6,0.0239890374773242,0.0406018584425012,0.00286599022223391,0,0,0,128.3825535351,48.3761496124631,Ib,Not reported,CHN,China
555637437,9,0.0241012618672977,0.264823854861906,0.000795007537322571,0,0,0.263737227744157,122.694191711592,51.6376413422541,Ia,Not reported,CHN,China
555637720,19,0.106913954515154,0.094284184857975,0.325299243710469,0,0,5.5630265286923,-78.5369377760223,45.6865040081225,II,Government,CAN,Canada
555637911,10,0.0306920025721128,0.579308044549549,0.0575737239102952,0,0,0.481881831461969,-90.88880277718,50.7342334608616,II,Government,CAN,Canada
555637959,8,0.0321524052595822,0.701068093897675,0.0113364990662051,0,0,1.0322080539253,-72.8529536747923,-44.132290829755,Not reported,Not reported,CHL,Chile
555637960,6,0.0220004739526891,0.920695241192151,0.00592916119053481,0,0,0.55385311021515,-72.2598428521913,-43.1593248296443,Not reported,Not reported,CHL,Chile
555640694,18,0.0461384831842545,0.91369146645742,0.849159412992454,0,0,9.30382205477692,2.90880195797609,44.6676882142089,V,Government,FRA,France
555643509,10,0.0285796402426091,0.672918031668761,0.0121158410009587,0,0,2.10577444818016,-72.4466034671345,-47.0034768632717,Not reported,Not reported,CHL,Chile
555643522,13,0.104237613484216,0.445167434128314,0.00693808597476595,0,0,1.26847919276719,-76.8511981158571,-8.26727952584741,VI,Government,PER,Peru
555643543,61,0.0901535252255457,0.272415249320512,0.006848873809235,0,0,0.766263320348386,-73.4443291588836,-52.0238828400485,Not reported,Not reported,CHL,Chile
555643762,9,0.0143658826072127,0.940145824788009,0.222690114267471,0,0,6.17472177148588,144.968319531986,-15.6007188122367,II,Private/non-profit,AUS,Australia
555645438,5,0.0410959418707498,0.371020762407303,0.119165689779801,0,0,6.06573918248794,-89.193068525351,18.6307173245191,VI,Private/non-profit,MEX,Mexico
555645497,16,0.169637910228395,0.321176433713111,0.0258826273583845,0,0,5.78695988917351,-78.2749752970864,-3.24085620365448,Not reported,Community/Indigenous,ECU,Ecuador
555651677,6,0.0585271516417871,0.0704109327323871,0.0515043881841841,0,0,1.71689975088441,142.901828140917,-6.7381104812294,Not reported,Community/Indigenous,PNG,Papua New Guinea
555651928,18,0.111053307011119,0.0363856647511554,0.469614511665896,0,0,6.80962983214244,-74.0826370356431,44.1365263550202,Ib,Government,USA,United States
555651953,5,0.032895039446698,0.0920315845946989,0.707564488521873,0,0,7.04848025686557,-74.3921962901319,42.0289153749197,Ib,Government,USA,United States
555654701,5,0.0222127561254603,0.434949041232851,0.553937031655523,0,0,4.86280633140287,-84.2594762828047,43.9490154954769,V,Government,USA,United States
555654708,29,0.138950358100498,0.261795762122765,0.454051915673613,0,0,5.00327908530039,-86.1896595975219,46.354826238232,V,Government,USA,United States
555655857,5,0.0340000091842238,0.764075900093444,0.469636795182498,0,0,6.86503772808491,-118.672249149298,36.2948629453339,II,Government,USA,United States
555655906,8,0.0559193902602154,0.205898837680238,0.663115013884177,0,0,6.23780117163246,-75.9433639566183,35.7282711658467,IV,Government,USA,United States
555656074,5,0.0411970382882666,0.320551077125479,0.208797814583728,0,0,3.35398842191787,-93.6971331088574,34.7621507890075,IV,Government,USA,United States
555658256,5,0.030575748778584,0.599918890540805,0.433433377889189,0,0,6.82167607706585,-81.4244819451085,26.0673808067016,V,Government,USA,United States
555662100,11,0.0488384916289777,0.464710425910571,0.514805758713455,0,0,5.00591499345479,-85.1341831645621,44.2535571666288,V,Government,USA,United States
555662117,15,0.0779779319267617,0.208325537285112,0.367130163767517,0,0,4.74469479551,-87.8464644126824,46.1180598996747,V,Government,USA,United States
555662138,26,0.109156298406566,0.482438147739211,0.625788135843291,0,0,6.3412316446918,-84.6256389497768,44.9287480358462,V,Government,USA,United States
555662194,25,0.101532794665268,0.21589221739697,0.438334899572788,0,0,4.39985496375956,-85.4433232265683,46.4537568045805,V,Government,USA,United States
555662234,7,0.0331558681614072,0.16904703103693,0.502395096570513,0,0,4.76102476876,-84.938443854275,46.1174217892043,V,Government,USA,United States
555662257,11,0.0467249700208194,0.560324381813436,0.699829800736283,0,0,6.70043087602996,-85.3605207799492,44.6535991789361,V,Government,USA,United States
555663042,23,0.0764814151585979,0.392914030792982,0.18277033870785,0,0,4.37395979020327,-94.9816660950823,48.3893674312583,V,Government,USA,United States
555665342,5,0.0331172170804025,0.125417852609956,0.454510446832582,0,0,5.58693506053405,-74.7269522148125,43.7904681921576,Ib,Government,USA,United States
555665360,15,0.0677105823235938,0.419132146125611,0.269655743403082,0,0,5.57735246570196,-117.474979808726,45.2718001824484,Ib,Government,USA,United States
555665387,9,0.0239546304767019,0.706716412362655,0.089374476485908,0,0,4.04532836677831,-134.943174588168,56.7089506114861,Ib,Government,USA,United States
555665390,7,0.0131534475336392,0.394299811038637,0.0706586226997842,0,0,1.95436986351324,-132.24675863698,56.7013136924918,Ib,Government,USA,United States
555665395,7,0.0356193865449774,0.349876402047603,0.314604271778375,0,0,6.17617820536267,-117.696574825779,46.0382849088375,Ib,Government,USA,United States
555665396,17,0.118838335502703,0.0451052476296831,0.28945801824757,0,0,4.82910740559734,-74.6371141021644,43.561868293342,Ib,Government,USA,United States
555666167,8,0.0629185920546771,0.0849968129640674,0.516633122770492,0,0,5.23448528895299,-80.3766671583986,38.300497355141,V,Government,USA,United States
555666370,9,0.0564961060905255,0.218280511291382,0.712623167163885,0,0,6.50188746335776,-79.8224230610817,38.6117222826945,V,Government,USA,United States
555666416,7,0.0441419963005812,0.278073290022737,0.624964232698432,0,0,6.1921652743667,-80.1196789738711,38.0075629891562,V,Government,USA,United States
555666431,12,0.062836133621589,0.568900982125647,0.816800515572106,0,0,6.83661393565634,-82.2584426886634,36.2720155158796,V,Government,USA,United States
555666444,5,0.0316214234433947,0.300458820896681,0.754028628937752,0,0,7.48982100843075,-79.6474611814132,38.9893108912072,V,Government,USA,United States
555666484,8,0.0446389704038045,0.605604238262285,0.752532871272859,0,0,7.80820077637307,-79.49016325354,38.8588394409561,V,Government,USA,United States
555666562,15,0.116048054068819,0.232028780215175,0.590798671916344,0,0,6.58608152167632,-84.3635380705472,35.1916088043457,V,Shared governance,USA,United States
555670053,6,0.023179621590683,0.286722847271706,0.47686195758269,0,0,6.10902097349439,-92.8552235263377,48.470891073422,II,Government,USA,United States
555672168,47,0.214938294322117,0.487620001977501,0.0380010016656117,0,0,1.65492663942481,-134.379473139863,57.6441858492032,V,Government,USA,United States
555672169,13,0.0501980082468944,0.47407786556311,0.433824077846101,0,0,6.16868029797759,-122.772158978689,39.327462164973,V,Government,USA,United States
555672176,11,0.0534872272345487,0.661851129430231,0.591533490372653,0,0,6.84315722815827,-118.690577571869,36.227076142162,V,Government,USA,United States
555672178,90,0.324270795491011,0.396868340297436,0.0386580360755442,0,0,1.23521773232075,-130.7391856368,55.4717828863674,V,Government,USA,United States
555672184,7,0.0238411120956765,0.341370168727019,0.823840120322178,0,0,8.52949885136219,-117.885429981083,34.2777672817112,V,Government,USA,United States
555674267,13,0.0899728090148196,0.148009071369782,0.0917534330898297,0,0,2.16096282354154,-70.0475519555597,46.1048983489411,Not reported,Private/non-profit,USA,United States
555675959,14,0.0782025313816395,0.0993496264724036,0.392279736988882,0,0,5.37845648003763,-69.0901991473981,45.9389625039859,Not reported,Government,USA,United States
555682105,7,0.0830090220384556,0.251379374199242,0.00265816786130028,0,0,2.69131523004474,-61.5370503412251,-0.786077792785321,VI,Government,BRA,Brazil
555682347,6,0.0283370670331232,0.765083004504638,0.0692805189850963,0,0,4.18175667429358,-43.2529476594576,-19.5841653119812,V,Government,BRA,Brazil
555682412,13,0.13547303385875,0.0407237309011325,0.000787493430174249,0,0,0.263360144892184,-71.4482396359699,-7.4954468953695,VI,Government,BRA,Brazil
555682446,6,0.0503217131265462,0.531091902531343,0.00211912755191166,0,0,1.66925728684925,-60.5899572327902,-9.08932465678119,VI,Government,BRA,Brazil
555682873,5,0.0351769398335467,0.677745293003134,0.0515871458090461,0,0,6.06770138418762,-39.2693934560007,-13.8394600157282,V,Government,BRA,Brazil
555682883,13,0.0305627563844052,0.881902581209685,0.00349098710957734,0,0,0.954811880127624,-45.1483414452245,-6.45798992659963,II,Government,BRA,Brazil
555695916,13,0.0384970432749115,0.698426549228973,0.02551660126529,0,0,0.389177377109809,-102.272125811419,53.6729874102698,Ib,Government,CAN,Canada
555695921,42,0.172674129254494,0.55949579888326,0.0106322664912831,0,0,0.140557416216164,-113.458055087254,57.8156309413244,Ib,Government,CAN,Canada
555695922,32,0.104087180649479,0.555762020681614,0.0123275934015099,0,0,0.528517468837554,-112.178090279718,57.854142387034,Ib,Government,CAN,Canada
555697534,12,0.0329957213558824,0.719829347506818,0.0379774155147799,0,0,0.799776505530085,-101.286906384002,53.2114217705255,II,Government,CAN,Canada
555697536,5,0.0304130480061966,0.756189188140271,0.240061212847718,0,0,4.85799527153304,-88.122601186698,15.5375747187219,VI,Government,HND,Honduras
555697576,15,0.0626609730925508,0.620922408394185,0.00250607024668257,0,0,0.0520576997279877,36.9481428989227,-13.2350303520432,VI,Government,MOZ,Mozambique
555697577,11,0.0346149755551556,0.252212773500668,0.0059590503427102,0,0,0.435623318365061,37.6073303384278,-12.8385875752525,VI,Government,MOZ,Mozambique
555697578,9,0.0297392404246267,0.414799110874912,0.00158627103088887,0,0,0,37.9467561490263,-13.2458533548117,VI,Government,MOZ,Mozambique
555697581,23,0.0709670206693119,0.422561689040674,0.00645321831769391,0,0,0.174434443896029,37.3016378423099,-14.2132523878817,VI,Government,MOZ,Mozambique
555697583,5,0.0150745663313107,0.315616462522484,0.00525686209981575,0,0,0,37.6485508547482,-14.0866268797082,VI,Government,MOZ,Mozambique
555697584,25,0.0796635291776198,0.430288170086669,0.00638571246377027,0,0,0.786990052193568,37.8442082542705,-13.6384235537094,VI,Government,MOZ,Mozambique
555697586,43,0.186571192180261,0.758563808531401,0.00440615103759662,0,0,0.374238432954043,35.5530816364404,-12.0578354742768,VI,Community/Indigenous,MOZ,Mozambique
555697587,221,0.562057546025112,0.549022620162376,0.00778594068086267,0,0,0.424761469125491,31.6304427288333,-15.2627818192102,VI,Government,MOZ,Mozambique
555697588,11,0.117940560579029,0.0863558325236259,0.00738229318064632,0,0,3.57734668690034,-77.3445051353197,-1.788786210065,Not reported,Community/Indigenous,ECU,Ecuador
555697776,9,0.0811427629434122,0.536935885371899,0.0532716571187445,0,0,3.77979778151397,-75.3123885550468,2.30114092767508,II,Government,COL,Colombia
555697866,387,1.61088768832704,0.620436102123816,0.0307870254384771,0,0,0.584647521875806,-95.6635526905037,52.0217683157247,Not reported,Not reported,CAN,Canada
555697869,13,0.0172733769996088,0.306872594138847,0.00835802756038314,0,0,0.233042599185235,18.421774000719,10.8148199695805,Not reported,Not reported,TCD,Chad
555697870,20,0.0817667976611367,0.938906391069627,0.023755481270394,0,0,1.15548906812541,-10.5877093498984,9.373004014505,IV,Not reported,GIN,Guinea
555697871,22,0.149027504899822,0.656305453459417,0.0490088561662338,0,0,4.77257800673808,49.0929757415471,-14.1507860223745,Not reported,Government,MDG,Madagascar
555697877,13,0.0334495917484105,0.13515572646828,0.0160223491386561,0,0,2.32880893446159,43.9925698739062,-21.762099157699,V,Government,MDG,Madagascar
555697881,20,0.111349827876384,0.706680974665567,0.0640314611656236,0,0,4.03080405621575,47.2670661283287,-22.0582996002728,V,Government,MDG,Madagascar
555697894,5,0.0286093652443674,0.783896027075597,0.0761244546970614,0,0,6.7396261239268,48.0027373811238,-13.769394780596,V,Government,MDG,Madagascar
555697895,5,0.0300362162939129,0.76690230367218,0.0627234154256531,0,0,6.03688250007987,48.652799206939,-13.6361953152492,V,Government,MDG,Madagascar
555697908,13,0.0441793220881147,0.817559455559894,0.0690213244888454,0,0,6.33550542923171,49.6456255896411,-13.1218595130613,V,Government,MDG,Madagascar
555698070,10,0.0254407597145225,0.70597558900066,0.00651493958536212,0,0,1.68795612341471,-47.4601839763581,-13.2943673765245,VI,Community/Indigenous,BRA,Brazil
555698082,17,0.171171530849165,0.473382119772075,0.0193886516559964,0,0,5.34317906136485,-78.7379944354358,0.600452125220832,II,Government,ECU,Ecuador
555698167,6,0.00981638238743252,0.626481430195179,0.015419461095524,0,0,1.42338988102778,31.6529262298311,-15.9220665968377,II,Government,MOZ,Mozambique
555700730,5,0.00820473098894429,0.794513651372014,0.23072704421274,0,0,4.56650556555764,16.8044616081389,43.7658898621926,Not reported,Government,HRV,Croatia
555703203,10,0.0360650834129771,0.653791863036035,0.119903995795579,0,0,7.1080760734997,31.0709719171847,-25.9056064337695,Not reported,Not reported,ZAF,South Africa
555703331,8,0.0242251025331766,0.544706516769478,0.349310692094131,0,0,6.61679818338839,-89.2901509064585,14.3509207510599,Not reported,Shared governance,SLV,El Salvador
555703462,9,0.0518539359088372,0.784210647225866,0.0433449558552666,0,0,1.21909676036234,98.5542799964869,26.4515141870392,II,Government,MMR,Myanmar (Burma)
555703466,14,0.0558788257695419,0.307641039234638,0.0430268561921753,0,0,2.3023635065593,104.866326114393,13.7612698815933,VI,Government,KHM,Cambodia
555703474,12,0.0364534131445716,0.699309795849525,0.0198466267256998,0,0,0.991517668729396,107.317000777529,12.9164940846042,IV,Government,KHM,Cambodia
555703504,11,0.0429953332860715,0.448483100652907,0.030376530315804,0,0,1.09312997970108,106.571669178224,13.5157256249759,VI,Government,KHM,Cambodia
555703743,43,0.362297723246981,0.481764655617129,0.0275646608816286,0,0,0.868304129499522,103.394548595539,20.3776972101264,II,Government,LAO,Laos
555703744,5,0.0342308716781479,0.42857706144262,0.0353512816485991,0,0,2.55031178910917,105.961452629795,17.3407526270484,II,Government,LAO,Laos
555703745,42,0.395487657532211,0.425483679788274,0.0364280419204274,0,0,2.58176788065115,105.307516893178,17.9273227945204,II,Government,LAO,Laos
555703746,7,0.055723198560794,0.70409746862562,0.0763019446704893,0,0,2.30123479336972,102.195703345756,20.7493935030133,VI,Government,LAO,Laos
555703747,11,0.0861911558234968,0.582919798195692,0.036692635285152,0,0,0.896416709883888,103.843294634941,19.8290912406039,VI,Government,LAO,Laos
555703748,11,0.0877104645168848,0.496708102599983,0.0187700904320957,0,0,0.452416481912544,106.325402219279,16.9704182145578,VI,Government,LAO,Laos
555704125,32,0.105858633792761,0.265164628634419,0.0781713057447661,0,0,3.23039924647088,29.9545122258974,51.370733966379,Ia,Government,UKR,Ukraine
555704303,7,0.0416114989480915,0.0832375134139604,0.229191474831333,0,0,4.46073589089105,-72.9723002340212,46.7956718889791,II,Government,CAN,Canada
555704519,10,0.0484658145582848,0.309985836168441,0.272180150376488,0,0,4.38920294227536,-116.90148354636,49.311988088937,IV,Private/non-profit,CAN,Canada
555704857,9,0.036353333057632,0.338549489998865,0.0489884177205719,0,0,3.10809224386896,-132.844839938577,53.8738660952153,II,Government,CAN,Canada
555704860,121,0.561100237225723,0.527008743853291,0.0583362436451087,0,0,1.34162881187932,-126.235331181726,53.0432913344677,II,Government,CAN,Canada
555704861,31,0.144724099934939,0.659995117191912,0.185655671106432,0,0,5.4146897049281,-125.732566168179,49.6371516748366,II,Government,CAN,Canada
555705044,64,0.253558815260058,0.646706328431835,0.052894122180023,0,0,1.6794702729998,-76.7957509640653,51.0051625413441,II,Government,CAN,Canada
555705056,6,0.012620082843527,0.523932638562907,0.0132082622921959,0,0,0.131895656731871,-64.1666040403197,51.8747043507635,II,Government,CAN,Canada
555705067,17,0.0374170827387927,0.505996670555463,0.0827069389288053,0,0,2.14723897876148,-79.1520744159785,54.4576257326308,II,Government,CAN,Canada
555705068,30,0.0795681796660846,0.497310591214011,0.0430653399668848,0,0,0.957369242579089,-77.9428437460506,52.7711495056862,II,Government,CAN,Canada
555705069,7,0.0265238969057794,0.6303629707888,0.07846370724962,0,0,1.43299467835844,-76.4931509870606,49.5870058101929,II,Government,CAN,Canada
555705075,8,0.0214170898339301,0.2766774365462,0.0965719796121953,0,0,0.5768715573798,-59.3016543071225,50.8506196918274,II,Government,CAN,Canada
555705171,6,0.00925894536098097,0.865882416606323,0.100961802901311,0,0,2.87004599006084,-16.4194379036632,13.0103390208783,VI,Shared governance,SEN,Senegal
555705177,5,0.00828052559167979,0.608166917227798,0.0161078820125129,0,0,1.35979177497626,-4.81141260941107,9.7939974304881,IV,Not reported,BFA,Burkina Faso
555705202,35,0.203591350102346,0.458531529863129,0.00654893670842418,0,0,0.58913609770728,38.3093550590894,-16.5732898676226,II,Government,MOZ,Mozambique
555705204,30,0.0632583045230352,0.412653159670855,0.0214246933213231,0,0,1.54489739013897,39.7394190378913,8.03562299854789,II,Government,ETH,Ethiopia
555705215,12,0.133058259046249,0.433408176393571,0.00641318780868559,0,0,1.23716296121082,-62.3499194682286,6.91608060097581,VI,Government,VEN,Venezuela
555705237,33,0.150905662196548,0.576044405964829,0.0703999007618162,0,0,3.70170453392017,-69.924023129235,8.91193516880217,VI,Shared governance,VEN,Venezuela
555705282,5,0.0270922077089989,0.813679802997971,0.0087815984776326,0,0,0.406664346650297,-62.6928455641748,9.33135867691427,IV,Government,VEN,Venezuela
555705298,5,0.059138449278256,0.425134330203729,0.00979232235679463,0,0,2.68901116267533,-77.727317657915,8.46831818772227,V,Government,PAN,Panama
555705313,25,0.157507148204443,0.490945258299696,0.00663285802173472,0,0,1.06127694239216,13.8897194319223,-2.44917811016639,II,Government,COG,Congo - Brazzaville
555705344,277,1.01450570902464,0.470829540130638,0.00331096661984618,0,0,0.311013213616453,36.9335323926757,-12.2948183888635,VI,Shared governance,MOZ,Mozambique
555705345,22,0.109785776139068,0.768945998723032,0.0425874976230136,0,0,4.4149829267547,33.1396187303876,-19.7958031033257,VI,Government,MOZ,Mozambique
555705633,5,0.0470964707831218,0.416725768857038,0.0326625047433046,0,0,3.98084995370289,117.571092844208,4.82122998473451,Ia,Government,MYS,Malaysia
555705634,8,0.0733401938577733,0.369270557486293,0.0237421879141461,0,0,4.42450399138093,117.163050070065,4.94327806961112,Ia,Government,MYS,Malaysia
555705678,18,0.186653663831266,0.424063108383465,0.050587068220299,0,0,4.89133601404944,117.869723838198,4.99220144603443,Ia,Government,MYS,Malaysia
555705696,10,0.0974526088328028,0.423397161301538,0.0305475077199146,0,0,4.83706077048394,117.39557038656,5.15244462470138,Ib,Government,MYS,Malaysia
555705733,5,0.0535295043243295,0.366547736805495,0.00296157092095947,0,0,2.38755986208026,102.862938638898,4.38547026261529,Ib,Government,MYS,Malaysia
555705759,33,0.353281680869415,0.352467405913809,0.0112902353745407,0,0,3.26121045154104,102.418620458603,4.58887951947033,II,Government,MYS,Malaysia
555705760,5,0.0497481695743411,0.460993124257608,0.00566814820589277,0,0,1.85608934855443,102.492166193997,4.84967149302783,II,Government,MYS,Malaysia
555705761,6,0.0520511976555493,0.396290825554856,0.0120008389090689,0,0,4.67070156925191,102.852706667752,4.82100981010394,II,Government,MYS,Malaysia
555705763,11,0.102376312654087,0.596423117322282,0.115674202884626,0,0,5.95500808871755,101.804221786744,3.42644031392504,II,Government,MYS,Malaysia
555705776,10,0.0986750267651989,0.45231555292547,0.0100399626045748,0,0,2.89395617702699,101.498651578973,5.73921410645802,II,Government,MYS,Malaysia
555705798,5,0.039255272153612,0.688066894428701,0.0196791832593049,0,0,1.86842153399768,102.859865779838,3.26694451067878,VI,Government,MYS,Malaysia
555705806,10,0.10439551457675,0.420621993090342,0.0173921337800374,0,0,3.43905229412464,103.27384907256,2.48265823413265,VI,Government,MYS,Malaysia
555705844,24,0.0338434045758119,0.0129601756945615,0.0446091766619954,0,0,3.06939135059337,122.099987535353,-32.0686063472153,VI,Community/Indigenous,AUS,Australia
555705860,8,0.0199657426740125,0.224208530836737,0.039634570952719,0,0,3.8572855603437,70.3386273513292,52.9981605400052,II,Government,KAZ,Kazakhstan
555705861,31,0.0641608305479873,0.406787087509299,0.0138201987319019,0,0,2.41967783330582,85.964193695656,49.3525055254984,II,Government,KAZ,Kazakhstan
555705864,18,0.0434074816715536,0.397949471288832,0.0133009934587216,0,0,1.71557046052003,80.6997568691781,45.3961284100332,II,Government,KAZ,Kazakhstan
555705870,13,0.0157849767925937,0.127580775293882,0.00585150969421928,0,0,0.127712268608694,78.9742021590552,51.8783600567479,VI,Government,KAZ,Kazakhstan
555705871,7,0.00604269394232654,0.282929623875057,0.00758450359270508,0,0,0.380046721613004,80.3490800786715,50.7824590089321,VI,Government,KAZ,Kazakhstan
555707301,21,0.0724541442042374,0.468895339534399,0.00162753297057814,0,0,1.09762833020164,128.780186953783,53.7621536923192,IV,Government,RUS,Russia
555707303,7,0.0190766912834443,0.334525384435824,0.00255489942722488,0,0,1.79432243166797,125.389298849391,53.3162828439448,IV,Government,RUS,Russia
555707304,14,0.0338538081435874,0.191640400164962,0.0111868900348503,0,0,2.83268603574083,126.997797886596,51.3681064953592,IV,Government,RUS,Russia
555707364,13,0.0418911705256474,0.324490141048143,0.117078496501247,0,0,6.62215377881325,34.985613067121,57.8723868983076,IV,Government,RUS,Russia
555707395,6,0.0157320624721738,0.227404655260794,0.00137186544326342,0,0,0,63.411100594871,59.6777028973526,IV,Government,RUS,Russia
555707555,8,0.0166342068764116,0.454391022565042,0.0212683102085773,0,0,5.07364898930375,85.9570060821469,50.6119405727833,II,Government,RUS,Russia
555707653,13,0.0202225991254097,0.807780015848079,0.00220304425543901,0,0,1.60883874375009,113.136411651905,50.9220463675436,II,Government,RUS,Russia
555707814,9,0.0315061394820303,0.269715389940384,0.00247324005154248,0,0,0.992568856382832,142.464685994091,52.0376871152045,IV,Government,RUS,Russia
555707830,13,0.0569301629578651,0.00700571247102827,0.00100919675574343,0,0,0.332234457794172,93.6869308720614,58.5875289825384,IV,Government,RUS,Russia
555707831,8,0.0289556513744071,0.195998242858253,0.00179444336284241,0,0,0.827089220079613,94.8126827700585,57.841675936294,IV,Government,RUS,Russia
555707879,33,0.120736665030386,0.12012802100318,0.000543966101101386,0,0,0.0741522428888315,96.9031420102467,59.2446966707379,IV,Government,RUS,Russia
555707905,62,0.365760379995342,0.071384799356104,0.00630182965508921,0,0,2.81850376128858,88.5352254554829,52.6315690420719,II,Government,RUS,Russia
555707934,128,0.517633730842479,0.911189896938332,0.00102648342082756,0,0,0.699728982834599,122.242764209212,58.6827587965912,Ia,Government,RUS,Russia
555707945,5,0.00980333220731771,0.143276286643119,0.00451957377948204,0,0,0.806502712682223,80.1113132491819,55.0017917852549,IV,Government,RUS,Russia
555708017,5,0.0148358424857939,0.231029892218122,0.00359317697204799,0,0,1.35501740386855,109.251126344145,52.2706989105716,IV,Government,RUS,Russia
555708057,16,0.0479303671650892,0.576788691472073,0.00556965870788873,0,0,2.32258976980472,136.665034476631,52.0615201491527,IV,Government,RUS,Russia
555708059,35,0.150927925082564,0.465588328023493,0.00271968702545791,0,0,1.30396471641311,134.769619448243,50.9119418345965,IV,Government,RUS,Russia
555708060,56,0.297976359709523,0.0668953558563798,0.00581453792841747,0,0,1.78368884042174,137.13717660391,49.1752776574871,Ib,Government,RUS,Russia
555708061,12,0.0602712299139082,0.159823869586133,0.0099801563086359,0,0,4.69863310811532,127.099612150112,54.0685611898156,Ia,Government,RUS,Russia
555708063,8,0.0343422776824591,0.0928830575827775,0.0573509168874353,0,0,4.45513113789616,135.206003006361,48.2666102853215,IV,Government,RUS,Russia
555708151,5,0.00998634424621081,0.0820533563418984,0.0152804002442174,0,0,2.47779149825677,65.874358356073,55.7577680322019,IV,Government,RUS,Russia
555708176,5,0.0158931060447106,0.190275513807342,0.0921248479896128,0,0,4.40226888817926,39.5235057881789,52.2999396556584,IV,Government,RUS,Russia
555708280,7,0.0191529483677997,0.340732663122925,0.02073369749393,0,0,3.4135369141456,84.2032536904803,54.2369960724561,IV,Government,RUS,Russia
555708295,11,0.0350911925946401,0.385787665807252,0.00104332125184565,0,0,0.873594723005107,122.109847443825,54.33176160914,IV,Government,RUS,Russia
555708385,17,0.0693023743634182,0.316004198079401,0.00181628073951826,0,0,0.987003032327537,107.565754952274,55.5814552427954,IV,Government,RUS,Russia
555708390,8,0.0342535871916053,0.369355297209582,0.00197999467174631,0,0,1.41762774421674,106.536580294196,56.5288073068731,IV,Government,RUS,Russia
555708474,6,0.0270131129837006,0.0834388788956866,0.0244688502213923,0,0,5.41222228320757,84.9410792502343,54.6867641691749,IV,Government,RUS,Russia
555708477,9,0.0515523657441326,0.0370340983387963,0.0247860641754526,0,0,4.59832622783548,134.274632227938,43.575579444558,II,Government,RUS,Russia
555708526,35,0.144471919359146,0.588361046018225,0.00177255845671181,0,0,0.578250064099709,137.264552811189,51.5869613502686,IV,Government,RUS,Russia
555708530,5,0.0216567064653458,0.344574305765326,0.000950980847869526,0,0,0.320875433961403,132.402648941469,53.9643930182062,IV,Government,RUS,Russia
555708543,40,0.188287785933791,0.345180787646705,0.00302606769592436,0,0,0.929144660731213,137.828763415959,49.9522474625411,IV,Government,RUS,Russia
555708602,12,0.0517833020150983,0.060246190268358,0.0136510714816021,0,0,2.38850360779175,84.5731873205299,56.1312236862346,IV,Government,RUS,Russia
555708603,7,0.0214320147821149,0.0247363934455585,0.00869593395750981,0,0,1.62967670853616,84.1375399661211,56.0930034708445,IV,Government,RUS,Russia
555708668,5,0.023155734714452,0.0129104116016693,0.00346318869764152,0,0,1.18715955521862,85.4236036335129,57.290996909448,IV,Government,RUS,Russia
555708682,5,0.0122449998600619,0.169768981727348,0.0058877146148299,0,0,1.17366222093895,84.2161440558526,57.7123812527678,IV,Government,RUS,Russia
555708838,5,0.0178356232159642,0.110712053825345,0.0120050248095629,0,0,2.40321517186027,83.9439880487097,52.571018090209,IV,Government,RUS,Russia
555708856,5,0.0260754067354992,0.411338274720192,0.00855751199748581,0,0,3.31998294077077,57.4990832691999,55.2620623687868,IV,Government,RUS,Russia
555708870,13,0.0510369249784988,0.954441851444509,0.00290309370461787,0,0,2.55144629444576,156.970524111379,52.4780047491831,IV,Government,RUS,Russia
555708874,7,0.0218095770301496,0.1721247259136,0.0063595390228744,0,0,1.98806294227058,83.7908026685202,56.7636419703313,IV,Government,RUS,Russia
555708880,24,0.150741946969803,0.100436982318336,0.00229267840196279,0,0,1.48505062421507,136.776199725726,47.446169276764,IV,Government,RUS,Russia
555708881,13,0.0741046876591447,0.00894289402496101,0.00760238438876419,0,0,1.3164683916425,135.563095693293,47.1244327575159,IV,Government,RUS,Russia
555708885,5,0.018161085078783,0.00433380334650932,0.00100306762321592,0,0,0.285511616348622,58.4732874825714,59.783486503549,IV,Government,RUS,Russia
555708930,6,0.0260512495431311,0.0468260256313518,0.00976935277560533,0,0,3.21809915588066,56.9974362716601,54.0561964190634,II,Government,RUS,Russia
555708937,6,0.0174492561182011,0.118194846105688,0.0157871266484851,0,0,0.96330561185277,56.4892817163171,56.7806695701916,IV,Government,RUS,Russia
555708963,28,0.082587480092143,0.929192310205287,0.000896242258717363,0,0,0.111247871373837,129.610359190181,59.9733652620286,VI,Government,RUS,Russia
555708979,6,0.0312231207133836,0.842615573049466,0.00203592428149795,0,0,0.550011676477323,138.859370546792,49.1695475786218,IV,Government,RUS,Russia
555708988,9,0.0275132027264662,0.692044426078811,0.00192378859356028,0,0,1.50245045943075,139.381818476626,53.1577285541223,IV,Government,RUS,Russia
555708991,19,0.0819926806248333,0.768856931899,0.00268975902364684,0,0,1.97581651314846,132.986442621032,50.736933599406,IV,Government,RUS,Russia
555709007,6,0.0238836583976476,0.586355689042792,0.0144842500810167,0,0,4.3062016053673,139.953895380693,51.420510979959,IV,Government,RUS,Russia
555709014,5,0.0183396510865849,0.101436053638056,0.00586519378658323,0,0,2.88631082623262,58.7110830254498,59.9642419178793,IV,Government,RUS,Russia
555709020,12,0.0364492713630324,0.312470859465508,0.000782868883798124,0,0,0.18803633321409,88.5095233173311,59.0992932399971,IV,Government,RUS,Russia
555709053,12,0.0514472447696564,0.893428066003995,0.00117816411331952,0,0,1.49228219102157,156.920160223339,54.357157856831,IV,Government,RUS,Russia
555709158,89,0.321976572212926,0.456557570806332,0.00239477422749392,0,0,1.43649721343487,110.040994690152,49.9653133094147,Ib,Government,RUS,Russia
555709167,133,0.841667396793945,0.137423708065647,0.00290377584189277,0,0,1.51635843663674,136.906903454493,46.691118733104,Ib,Government,RUS,Russia
555709187,41,0.14186689154121,0.191133737671987,0.00216755173298815,0,0,1.93613750294242,130.373483017449,52.1247051141175,IV,Government,RUS,Russia
555709191,6,0.0367333481582165,0.00628467704831265,0.012896772453165,0,0,3.109862811953,134.64482788561,47.1985526877508,IV,Government,RUS,Russia
555709197,14,0.053837149879084,0.124808193317184,0.000872458290437018,0,0,0.122028371555001,78.8731408546235,58.5463749814479,IV,Government,RUS,Russia
555709215,5,0.00580626108357049,0.116254383000304,0.00830935391260215,0,0,2.69451136005024,135.939935590249,48.4650822295038,IV,Government,RUS,Russia
555709218,5,0.00619358613712849,0.78424253685609,0.000715501283472749,0,0,0.177526547180519,143.065582902256,59.8983456138033,IV,Government,RUS,Russia
555709265,11,0.0361551492164455,0.108894606246369,0.00947846053535919,0,0,2.29390498991142,83.0207176011084,55.6670784936349,IV,Government,RUS,Russia
555709303,5,0.0161663983729131,0.149510176442759,0.00177456572738922,0,0,1.00921442618736,89.8596105790693,56.8473857176512,IV,Government,RUS,Russia
555709310,11,0.0429256893982314,0.614166364827817,0.00721059933423453,0,0,2.19360223950609,137.492168263317,51.0312844187854,IV,Government,RUS,Russia
555709321,37,0.13183267794339,0.593044305907925,0.00169500660537289,0,0,0.632210077059896,141.499203096296,58.9522496031996,IV,Government,RUS,Russia
555709373,5,0.0186509125382519,0.0906813760588035,0.0707058383356604,0,0,5.39462186784355,48.5997863496075,53.901267778184,II,Government,RUS,Russia
555709376,30,0.14421549182986,0.222724224147173,0.0733013004561185,0,0,4.45199669965513,131.330084812969,43.2691016462621,II,Government,RUS,Russia
555709438,5,0.0112853931303417,0.226226245248092,0.010728152445928,0,0,0.544285067712796,51.7770016091415,56.4976483812236,IV,Government,RUS,Russia
555709441,6,0.0268270436491655,0.156147806156414,0.00166521477482905,0,0,0.649255372512198,87.8460466023554,57.691382647352,IV,Government,RUS,Russia
555709450,6,0.0236281630442322,0.149019943704788,0.00712840857891588,0,0,2.19516193701904,47.1399675547452,59.9944149481178,IV,Government,RUS,Russia
555709475,5,0.0213884283091263,0.262611311274653,0.00678547826528492,0,0,0.286338589550918,53.675634406626,58.2856501495202,IV,Government,RUS,Russia
555709496,7,0.0250091586117168,0.220241098879919,0.00734799502046386,0,0,0.604270811957363,52.7203613166961,57.6072422327307,IV,Government,RUS,Russia
555709506,6,0.0206633313559243,0.138201655874597,0.0226064382941556,0,0,2.12972682739788,64.1440900904595,57.0737891722831,II,Government,RUS,Russia
555709528,5,0.0216336928476988,0.203187172662333,0.00403406428565962,0,0,0.150623020153479,52.4636450341381,58.3677090214622,IV,Government,RUS,Russia
555709536,9,0.0346897124701983,0.0673433147006259,0.00389882386892807,0,0,0.270778919214199,51.3208366685599,57.3600702339231,IV,Government,RUS,Russia
555709571,5,0.0115028218195314,0.919595541068763,0.172379067027906,0,0,5.70837499799695,42.791499693286,43.7324247557124,IV,Government,RUS,Russia
555709744,7,0.0282931762172264,0.137977652649229,0.140942910875345,0,0,5.29906674918587,36.9893845482625,54.9902228174838,IV,Government,RUS,Russia
555709800,7,0.0221227726462158,0.225698542229228,0.0099635689098912,0,0,1.2839826936233,63.3376497930385,56.8154883491672,IV,Government,RUS,Russia
555709804,5,0.0171566979228816,0.208651825883328,0.0148376928337185,0,0,3.86007154229142,83.3413331536356,51.05,IV,Government,RUS,Russia
555709865,6,0.0309485136348806,0.140757410388829,0.00813397221289954,0,0,2.12732254057903,132.638288353844,48.7767280075136,IV,Government,RUS,Russia
555709866,11,0.0251890735783779,0.415095592193563,0.0830556086085963,0,0,4.12825288193234,131.34759051943,43.9561860659864,IV,Government,RUS,Russia
555709892,8,0.0313725598944994,0.081706254311204,0.0443912660847702,0,0,2.98241120414556,134.043312742135,46.5628996828862,IV,Government,RUS,Russia
555709994,6,0.0118966050427065,0.577332677866336,0.00244891926464304,0,0,1.64473174438389,160.923125544941,58.8068346056912,III,Government,RUS,Russia
555710003,10,0.0270991079429013,0.111229288215027,0.0010173091834187,0,0,0.125888922003478,90.0887395044861,59.0847350730696,IV,Government,RUS,Russia
555710117,8,0.0139220085379408,0.520347351659774,0.0398645209446193,0,0,2.86428562919289,61.7492430689785,56.7863998580769,IV,Government,RUS,Russia
555710119,9,0.0303817346855601,0.188210675174656,0.00437235553008208,0,0,0.109300843594029,62.5332740002136,57.6838304933696,IV,Government,RUS,Russia
555710202,35,0.143465876093291,0.166838221222043,0.00242035536654012,0,0,0.01382864941882,62.8200123801872,58.7586414268636,IV,Government,RUS,Russia
555710211,8,0.0244885140956891,0.00816167412907734,0.00551167090812283,0,0,1.46064796034214,67.3247230102942,57.1503504470265,IV,Government,RUS,Russia
555710251,15,0.0242806146500148,0.0878290015745361,0.00560563269835291,0,0,0.956118784921395,70.1177213364552,56.9448972347461,IV,Government,RUS,Russia
555710256,19,0.0504613413913223,0.0840675034254587,0.00238442808867442,0,0,1.65807233067415,129.102897197063,52.3029276259521,IV,Government,RUS,Russia
555710271,13,0.0198794624001207,0.337935183543136,0.000990624778617244,0,0,0.328633303909271,67.622164430684,58.9206594475478,IV,Government,RUS,Russia
555710317,47,0.182984222570914,0.129538073959754,0.0217506288447246,0,0,3.91672946412858,92.6567749785116,55.8795650665294,IV,Government,RUS,Russia
555710376,8,0.0269361121619599,0.479422605909169,0.00187254613188011,0,0,0.561547386438283,101.197954815629,54.8351125405653,IV,Government,RUS,Russia
555710393,16,0.056611323382712,0.13709992091619,0.000534388955542242,0,0,0.153780826301595,95.3872437213539,59.4748139772334,IV,Government,RUS,Russia
555710400,5,0.00750061192584467,0.259069218106936,0.00764026331149606,0,0,1.12613903624852,90.0627749844577,56.4335156056733,IV,Government,RUS,Russia
555710429,6,0.00903436288333471,0.179215288870729,0.0456677779965056,0,0,3.5924232717641,50.7079726019831,55.4881673198459,IV,Government,RUS,Russia
555710481,11,0.0418320637150745,0.0971831500248231,0.00491675076763418,0,0,1.27721342174897,91.7184757394712,56.3749256334463,IV,Government,RUS,Russia
555710490,12,0.0281159254445698,0.471339838942544,0.0192163802268595,0,0,2.40782041014292,93.2432774338667,56.7993724114372,IV,Government,RUS,Russia
555710543,47,0.17298444901721,0.0587582269844133,0.0064450939157072,0,0,3.49809702533743,93.2252472331823,52.741454408558,II,Government,RUS,Russia
555710799,16,0.0713618864125985,0.136924976999156,0.00572210312981388,0,0,2.44542868168252,127.688687045985,53.9167326372376,IV,Government,RUS,Russia
555710800,9,0.0422589858001483,0.168030307123742,0.00270301923130552,0,0,1.43499872834904,130.582045400177,49.7908642889508,IV,Government,RUS,Russia
555710831,16,0.0709912861795305,0.296235913479864,0.00530558469597722,0,0,1.82890803928733,130.273395726399,50.0439066172435,II,Government,RUS,Russia
555710832,11,0.0470663529686296,0.539545970742856,0.0013476665928862,0,0,1.06298853074846,132.057213316066,52.6535811199083,IV,Government,RUS,Russia
555710898,8,0.0253168997942237,0.182934171245807,0.0846264107174268,0,0,5.49594015981258,42.3540422148381,55.8940350588908,IV,Government,RUS,Russia
555710919,32,0.0891848995268514,0.152394267292423,0.00328376701627521,0,0,1.9713090873179,130.244588797713,52.6615864536784,Ia,Government,RUS,Russia
555710939,6,0.0158105888240767,0.165522847268814,0.00409870729872468,0,0,0.765960442913587,128.683527418826,51.7776028042301,IV,Government,RUS,Russia
555710940,7,0.0329064510695185,0.0314046631229541,0.00355842452388663,0,0,2.39958560057295,130.826160744978,49.53581727859,IV,Government,RUS,Russia
555710942,20,0.071121538243107,0.420619836131347,0.00146888273259804,0,0,1.43699902110811,125.313599929529,54.2580551285372,IV,Government,RUS,Russia
555710944,19,0.0650382202279357,0.0825837453995542,0.00131302821575691,0,0,0.81454726082711,130.242638266037,51.7574340364371,IV,Government,RUS,Russia
555710945,12,0.0297149593721161,0.0888712400205405,0.00490677767091846,0,0,2.03517929629353,127.837852270387,52.7475124227815,IV,Government,RUS,Russia
555710947,14,0.0430871035330536,0.090948117887295,0.00168430442121362,0,0,1.19435690453434,130.081233269147,50.9554099163474,IV,Government,RUS,Russia
555710950,7,0.0268822303139675,0.519333806245709,0.00567586096717328,0,0,2.39772126017056,123.666149658008,53.5762222090192,IV,Government,RUS,Russia
555710954,14,0.0423600833684121,0.249533191162952,0.00276325289177172,0,0,1.36722336445,125.873722127108,53.6462812165268,IV,Government,RUS,Russia
555710956,16,0.0485991896281327,0.970147195233439,0.000667616502442782,0,0,0.0254702985122083,122.304381168137,55.6398008370252,IV,Government,RUS,Russia
555711022,12,0.0313605303015319,0.0715085105718243,0.00584741892880284,0,0,2.5473276421479,89.4612228386162,51.7243719000684,IV,Government,RUS,Russia
555711047,11,0.0423603259245627,0.123896628313986,0.0175204468924394,0,0,3.16561830316291,59.1050557821153,57.5822338264418,II,Government,RUS,Russia
555711050,6,0.0186587803211663,0.224869719985316,0.0213567800213442,0,0,2.72416182965282,61.0213192643072,57.3337198819522,IV,Government,RUS,Russia
555711059,5,0.0114378962368351,0.504822058851019,0.100434617505354,0,0,4.68333977272459,45.9464399211908,42.2319720581369,IV,Government,RUS,Russia
555711061,6,0.0191332243265747,0.207587539550272,0.0432749632382436,0,0,5.23711220697232,60.6948768365525,56.4186792398956,II,Government,RUS,Russia
555711072,6,0.0155699806920336,0.475784502095846,0.0833209129893307,0,0,4.11347217490583,46.375936161145,42.2336416079024,IV,Government,RUS,Russia
555711079,8,0.0286009972580077,0.229475876965637,0.000922720136483432,0,0,0.240205412190143,101.931485128054,57.4257041434353,IV,Government,RUS,Russia
555711084,21,0.0704386590486011,0.267790019561384,0.0010669419385317,0,0,1.16868707297005,108.365601412119,56.1309758701053,IV,Government,RUS,Russia
555711120,9,0.0348309340999567,0.657531845018466,0.00145784531145677,0,0,1.07754074497169,100.81748137963,53.7543560050492,IV,Government,RUS,Russia
555711154,15,0.0638944925864609,0.1695165811036,0.00719814009177513,0,0,1.69649661111927,90.6935684358326,55.5348798489923,IV,Government,RUS,Russia
555711155,6,0.0272104081589037,0.222991824561784,0.000997791586408509,0,0,1.27644893203565,96.0968248866343,54.6849440627735,IV,Government,RUS,Russia
555711184,16,0.0626510238805924,0.112660972867666,0.00255088156361597,0,0,2.89326342968978,96.9505134885796,52.4700061847889,Ia,Government,RUS,Russia
555711223,8,0.0214410914615228,0.229229392598441,0.0177085335154002,0,0,0.785779681142975,34.8588107578138,55.9166213131043,II,Government,RUS,Russia
555711241,25,0.0781855219024967,0.23856850848576,0.000744308943322705,0,0,0.316708495734568,90.4261603010754,58.3467945999344,IV,Government,RUS,Russia
555711243,10,0.040905863645166,0.0622169782314539,0.0286165582518817,0,0,6.25691597497209,43.9972021557683,58.7221808048853,Ia,Government,RUS,Russia
555711315,14,0.0534301502425571,0.198576860313804,0.00398959084314324,0,0,2.35402937060903,94.6683762809229,52.6220402968743,IV,Government,RUS,Russia
555711317,15,0.0505455207090243,0.117162642218857,0.00585061140689016,0,0,2.95799772166224,94.9642428427892,51.9238957482383,IV,Government,RUS,Russia
555711318,7,0.0139154804868473,0.376957420981549,0.0112025958810294,0,0,3.99832684676234,93.4236958555496,51.3435329006872,IV,Government,RUS,Russia
555711325,14,0.0657927069659208,0.128017771322613,0.0204073216092352,0,0,5.240050584222,59.0365078019233,54.7609114893232,II,Government,RUS,Russia
555711326,34,0.16816874131837,0.15918301152124,0.00734474166100523,0,0,2.04657066436501,58.06194596394,54.3383873639435,Ia,Government,RUS,Russia
555711371,6,0.010788895641629,0.764277377998311,0.000955349324820226,0,0,0.670140465646902,114.648254985087,52.2858055344304,IV,Government,RUS,Russia
555711431,9,0.0420185199203438,0.139176795251137,0.0273001075849549,0,0,3.47211591585947,59.8541315957437,55.3659067382218,II,Government,RUS,Russia
555711511,16,0.0928880274660234,0.32423719930711,0.148730095162246,0,0,4.94620268889818,39.6328120840906,43.8416845852822,II,Government,RUS,Russia
555711512,5,0.0329768045464812,0.204590092420658,0.103313343054922,0,0,5.48828402996441,38.9728678531385,44.5149824241764,IV,Government,RUS,Russia
555711550,5,0.0180956927447093,0.0535386470494204,0.0727735349718377,0,0,3.71635942174465,48.4390285280582,56.1276559013718,II,Government,RUS,Russia
555711560,5,0.0168777059709194,0.119982913928381,0.00984202015527971,0,0,1.9364054770233,83.9435609586435,54.7128551382199,IV,Government,RUS,Russia
555711578,7,0.0262722287240948,0.240862585742467,0.0122935965907717,0,0,2.8697393298286,57.952792551282,53.4272034905766,Ia,Government,RUS,Russia
555711594,61,0.141554884359692,0.450766466836205,0.00121138836724119,0,0,0.712468131374068,146.362053784666,59.6216662210373,IV,Government,RUS,Russia
555711615,6,0.00992440915235249,0.867358094556964,0.00126340710886049,0,0,1.9617116516747,114.218313318648,52.3805148815727,IV,Government,RUS,Russia
555711622,8,0.0350296233101942,0.22085121347978,0.00149500199233699,0,0,1.06885431684092,109.412621947722,50.8828848600324,IV,Government,RUS,Russia
555711623,18,0.0554707356770159,0.350917285594477,0.00134365641527668,0,0,1.13978994371324,112.31831373708,50.7592370035572,IV,Government,RUS,Russia
555711626,7,0.0126869268272654,0.538778256540544,0.00110221889448092,0,0,1.46070785566918,118.169147356349,51.8399909549779,IV,Government,RUS,Russia
555711629,12,0.0267103950644261,0.791302193553271,0.00114306794811381,0,0,1.65599145134857,114.355896851985,52.6612221249611,IV,Government,RUS,Russia
555711662,6,0.0211977100615846,0.134693718073172,0.0139989362773917,0,0,2.05987615434382,84.6691193793072,52.5354935239806,IV,Government,RUS,Russia
555711714,6,0.0210713686752929,0.016066207241669,0.00860977165286432,0,0,1.14324024513834,136.240526351562,47.7849358433025,IV,Government,RUS,Russia
555711732,13,0.0505706937602973,0.0656462969303244,0.00704261967509699,0,0,2.82729350153354,50.144344886629,59.8366220018107,II,Government,RUS,Russia
555711801,7,0.0235874465208904,0.841020459037023,0.00207878374053118,0,0,2.13487906261003,157.583497580598,53.9242229299239,IV,Government,RUS,Russia
555711817,8,0.0275996763512075,0.911610289299312,0.00364255842351267,0,0,2.91130282437198,157.641500373084,52.4891461959019,IV,Government,RUS,Russia
555711818,12,0.0534136740128688,0.218044110972619,0.0142511345335313,0,0,0.715923641521454,131.277089968108,44.8057565091538,IV,Government,RUS,Russia
555711823,5,0.0105209845480155,0.646479588603714,0.00152680230779577,0,0,1.22346352535698,112.547207394429,50.4102563715023,IV,Government,RUS,Russia
555711844,6,0.0241629544760871,0.307866144290099,0.0245194107352035,0,0,2.81348659953861,147.285327240723,44.7414179109544,IV,Government,RUS,Russia
555711873,58,0.133986869804964,0.655083710398638,0.00120532524059577,0,0,1.42587375183043,148.533161561651,59.7646853864886,Ia,Government,RUS,Russia
555711908,75,0.246270656476201,0.117722242699501,0.00184829918958858,0,0,1.81101069483966,74.6864691609589,59.7540321997352,Ia,Government,RUS,Russia
555711910,58,0.268379267450596,0.16519448195399,0.00416702438171002,0,0,3.05100126358766,88.3324995704543,54.5561813280707,Ia,Government,RUS,Russia
555711911,30,0.125553072199546,0.0726699439665967,0.00366858766269412,0,0,2.69443781567002,89.0840804794688,52.0221340918315,Ia,Government,RUS,Russia
555711916,20,0.0684141184824578,0.0847574151526907,0.00147234942838295,0,0,1.83844892510825,96.0054766479821,54.3910431485886,IV,Government,RUS,Russia
555711921,26,0.0735315524314641,0.211827905537977,0.00221118464023069,0,0,2.42207013521588,111.405634251812,55.0956781994601,Ia,Government,RUS,Russia
555711924,13,0.0446257678341364,0.103768522904896,0.0373491741477491,0,0,2.73680554233029,52.0536967030807,53.029875219128,II,Government,RUS,Russia
555711926,15,0.0521829561766241,0.288370720451014,0.0361432168559556,0,0,2.58279479759959,38.5164887839944,59.9373780831089,II,Government,RUS,Russia
555711928,7,0.0209973809841765,0.152703982733997,0.0973581743059081,0,0,5.97935449554592,45.3930070070704,54.8185487804601,II,Government,RUS,Russia
555711930,5,0.0151513096374087,0.148725763617193,0.0245406558349618,0,0,5.52123536179669,91.5104088068526,52.7671280847066,II,Government,RUS,Russia
555711931,5,0.0110645889059431,0.152742253508425,0.0152972612349527,0,0,4.88953011723983,107.279708879473,50.8865810443696,IV,Government,RUS,Russia
555711933,5,0.00867564541565317,0.0611431005195195,0.00796458803700048,0,0,1.24880294149355,72.8309030742214,56.1209908718138,IV,Government,RUS,Russia
555711936,5,0.0175669914949232,0.13780092100329,0.0046738993697424,0,0,2.32063460719794,105.034636771774,52.5183422457818,IV,Government,RUS,Russia
555711937,13,0.0472529641730935,0.660814127359015,0.0839853590707005,0,0,4.10924759415141,45.7197876890307,42.685645455245,IV,Government,RUS,Russia
555711940,8,0.0231842702571525,0.148165340896624,0.0107112087907168,0,0,1.21192273502214,65.1155422851044,57.500050386404,IV,Government,RUS,Russia
555711990,132,0.36894259739113,0.984888271054922,0.00079443388658462,0,0,0.210072512672882,125.747171394063,59.7428889661796,VI,Government,RUS,Russia
555711991,44,0.112475692695684,0.614533286723656,0.00175986819105646,0,0,0.65678478861116,121.281154099404,57.969173132427,VI,Government,RUS,Russia
555712016,47,0.13600588816791,0.628145580093414,0.00133372338657698,0,0,0.413715195248368,123.892848949716,57.0399218339244,VI,Government,RUS,Russia
555712019,70,0.148710553152212,0.405952086702058,0.000761927070388975,0,0,0.0576353105116949,128.660795541396,57.2858520633202,VI,Government,RUS,Russia
555712020,44,0.162743496588585,0.407218734914049,0.00104130847929273,0,0,0.270772592500438,131.869181696776,58.6000148714894,VI,Government,RUS,Russia
555712021,25,0.0664114145802114,0.938252330843172,0.00131365388293335,0,0,0.340932812071664,128.117363654339,59.9314679773558,VI,Government,RUS,Russia
555712022,14,0.0440091908287187,0.967199240589201,0.00101172705883745,0,0,0.0524673363234006,128.693648885559,59.9547180169184,VI,Government,RUS,Russia
555712023,40,0.0571188155992677,0.7041322401693,0.00210110961297974,0,0,1.02087143387697,125.825706475503,57.9728038830775,VI,Government,RUS,Russia
555712024,44,0.122531424529836,0.958161698172309,0.000804564956170747,0,0,0.230738137857976,123.526411503728,58.4459088834214,VI,Government,RUS,Russia
555712025,31,0.0943533227297172,0.966987670354873,0.00155399752636843,0,0,0.245316574410622,124.437543667996,58.7633607213458,VI,Government,RUS,Russia
555712029,20,0.0380855726711989,0.34552736878631,0.00106557204869246,0,0,0.268429639323498,130.647156466928,57.1048658813722,VI,Government,RUS,Russia
555712037,104,0.319151794513787,0.401081793687119,0.00100351460889146,0,0,0.155268597878311,129.347334832371,55.9430053762597,VI,Government,RUS,Russia
555712038,37,0.0656237442076731,0.644471484351794,0.0020252750491716,0,0,0.96357085430037,125.761084500964,57.2861735812983,VI,Government,RUS,Russia
555712164,9,0.0100820631295558,0.904230429625516,0.00457400017667274,0,0,1.98526909095919,112.709531863161,52.1298495762612,II,Government,RUS,Russia
555712198,5,0.0159351669460579,0.336974395521305,0.00447803076424648,0,0,2.79779334217657,114.965079194987,56.5761574666936,IV,Government,RUS,Russia
555712261,7,0.0202170207438183,0.324869835001586,0.0200397321282542,0,0,3.16582848753518,45.1219742000496,57.4750051358053,IV,Government,RUS,Russia
555712387,20,0.0802175266834422,0.898176594296389,0.00146061365236879,0,0,0.981825787578177,156.728707918618,53.8595835860331,IV,Government,RUS,Russia
555712412,11,0.0487647866944078,0.0750803728327451,0.0138221015650051,0,0,2.80997353748788,133.013357710456,49.0383206754439,Ia,Government,RUS,Russia
555712413,45,0.18323281508148,0.448019861412631,0.00368250039610581,0,0,3.25411212915538,134.611415920568,51.8996390571844,Ia,Government,RUS,Russia
555712444,6,0.0262405484477201,0.10677331111954,0.0202192091539747,0,0,3.48825382114364,59.3315837799808,56.4528138197952,IV,Government,RUS,Russia
555712453,17,0.0574459368719226,0.137446520267872,0.0914212684961428,0,0,4.54900767573998,36.1500419055253,56.4082068863946,II,Government,RUS,Russia
555712592,20,0.105005317556757,0.506416524456236,0.00528948125551961,0,0,1.71216120339922,140.226238056684,49.7662773833103,IV,Government,RUS,Russia
555712607,5,0.0226509418340421,0.400219993472114,0.0801723164065919,0,0,4.64231506427981,42.001320721381,43.5787547388099,Ib,Government,RUS,Russia
555712667,15,0.0628336221261929,0.253187451389031,0.0099348895064673,0,0,3.78416958660356,142.730344374284,54.1393512529289,IV,Government,RUS,Russia
555712710,5,0.0196539041631364,0.13918431735457,0.0663876989067153,0,0,5.37208068850265,42.3687019677146,56.3202929683875,IV,Government,RUS,Russia
555712731,6,0.015260273999333,0.545568194696183,0.00265390896356608,0,0,2.29182195063771,152.107461212363,59.0646403765439,IV,Government,RUS,Russia
555712732,22,0.0557658965653056,0.544018996071422,0.00202659055873235,0,0,2.3359147129615,147.863427256071,59.556618433528,IV,Government,RUS,Russia
555712746,33,0.199274551744048,0.479115478929648,0.00342269119904646,0,0,2.30991694810654,139.137585577646,48.1151170404878,Ia,Government,RUS,Russia
555712749,7,0.022934983771473,0.116192271032443,0.0122399473473127,0,0,2.63410077526827,132.643654471144,48.2164100323383,IV,Government,RUS,Russia
555712843,8,0.0414499169958828,0.0900628397984811,0.00992626276930902,0,0,3.10734447701356,143.510539927598,50.6233480351955,IV,Government,RUS,Russia
555712856,6,0.0260769657990637,0.615441621573451,0.00885229560719728,0,0,1.73878037975622,59.246217472349,54.5808767580833,IV,Government,RUS,Russia
555712925,14,0.0754341205984604,0.154586542368697,0.065598608589141,0,0,5.64501328026618,133.936196438466,43.1221490820385,Ia,Government,RUS,Russia
555712993,14,0.0528255291352675,0.224303500551772,0.00328286618624804,0,0,0.898411183686939,142.127266389931,52.400232812242,IV,Government,RUS,Russia
555713248,5,0.00882550071569121,0.924487336310104,0.0421713181121586,0,0,6.21971967010031,83.0654815746911,51.2403303982332,IV,Government,RUS,Russia
555713365,5,0.0147990048571434,0.135027442337196,0.0295984951133262,0,0,1.63935801334405,33.0437215136179,55.8813876471602,IV,Government,RUS,Russia
555713375,5,0.0185161490124657,0.0586141037898906,0.0236888315464796,0,0,2.11358591579492,33.4560325310385,57.4860558448894,IV,Government,RUS,Russia
555713395,7,0.0198584898133988,0.115394481821162,0.0352150855159479,0,0,2.21506091571727,32.3813232696995,55.9467398039511,IV,Government,RUS,Russia
555713452,9,0.0261071324132887,0.188370839883675,0.00136151562973978,0,0,1.43010727437854,104.747163994055,53.657152145086,IV,Government,RUS,Russia
555713501,13,0.0448475851649044,0.178760193808647,0.0174099392058077,0,0,2.65751095806518,89.808834652283,56.0815092742292,IV,Government,RUS,Russia
555713635,7,0.0241877691488875,0.965291041596442,0.0250753331526386,0,0,6.20820830381881,158.6275213732,54.6100241306127,IV,Government,RUS,Russia
555713685,5,0.00765420598965655,0.214480356554422,0.00606122364943719,0,0,1.96398548337868,75.9085094612971,56.2913498259176,IV,Government,RUS,Russia
555713694,5,0.0149047864585362,0.0966718698536473,0.00278504550852231,0,0,1.23468230321506,69.6919953255419,57.4304787570021,IV,Government,RUS,Russia
555713695,8,0.0235965593875758,0.860000241351696,0.00284271951235808,0,0,2.52687379794291,158.290480846842,53.7959693417627,IV,Government,RUS,Russia
555713707,15,0.0374097173484044,0.164104987718767,0.00446836265858546,0,0,1.53889698024369,71.489924289055,57.1531525666972,IV,Government,RUS,Russia
555713731,19,0.0776064232242661,0.177854810849001,0.172051068373957,0,0,7.56269359068941,40.291446797689,55.5498083836059,II,Government,RUS,Russia
555713738,23,0.0522406801046667,0.129473399168499,0.00583187797248097,0,0,1.28377960143989,71.7401393048714,56.5438938479302,IV,Government,RUS,Russia
555713757,7,0.0231884029301929,0.192814210054569,0.012431929870681,0,0,2.12338179143697,87.392773856725,56.0656986785118,IV,Government,RUS,Russia
555713774,11,0.0263336283713157,0.27489756797964,0.00168002619858508,0,0,0.570419421869815,76.865208697445,57.0295196826184,IV,Government,RUS,Russia
555713775,6,0.024342258332345,0.0924120577440337,0.0136695615192433,0,0,4.37585873287105,58.4618967146277,58.8698550287538,Ia,Government,RUS,Russia
555713783,7,0.0261873159752178,0.15935503559292,0.00301281528383217,0,0,1.60727142633484,131.46178662337,48.1749188542189,IV,Government,RUS,Russia
555713784,9,0.0447889049013942,0.00337829829686144,0.0105166543030477,0,0,2.67905039069206,86.6037394852283,55.5097762378004,IV,Government,RUS,Russia
555713818,9,0.0427976393805962,0.132713314655195,0.0128507073418264,0,0,3.64551931839021,86.9834644521388,54.6511458954473,IV,Government,RUS,Russia
555713823,11,0.042279612151603,0.0996571222484542,0.00350166212270821,0,0,2.19968706756951,88.7663238272195,53.8009409740109,IV,Government,RUS,Russia
555713826,5,0.0156459162412991,0.19784929354076,0.0107351508265147,0,0,1.76701118385503,85.948000266825,56.326605852078,IV,Government,RUS,Russia
555713856,6,0.0113537570310176,0.425026299112998,0.0210286048617971,0,0,4.06401922827527,90.6981558680847,54.1652403458667,IV,Government,RUS,Russia
555713860,7,0.017739557313068,0.161060031581034,0.00323525087182909,0,0,1.82009266572337,129.579523305734,51.2737385228695,IV,Government,RUS,Russia
555713888,12,0.0447105001458268,0.250547840639606,0.0991099104294509,0,0,4.63630948019246,28.4156356529056,56.1384478688881,II,Government,RUS,Russia
555713889,9,0.0141099026240942,0.381349448874123,0.0202032826866594,0,0,2.38923683668055,60.1025521205709,53.1747177131274,III,Government,RUS,Russia
555713907,24,0.0631099739835497,0.407862298486484,0.000851478368403637,0,0,0.826627338301189,116.995093889052,53.5490859598378,IV,Government,RUS,Russia
555713958,7,0.0198023065274324,0.561413324967323,0.00276486194793108,0,0,2.13411485181767,158.674504666873,55.278432443297,IV,Government,RUS,Russia
555714030,5,0.0115497573190248,0.309029614477066,0.0135820752343992,0,0,4.36385777965046,94.5758027764979,50.9682326297081,IV,Government,RUS,Russia
555714062,28,0.104213480854916,0.156913279455387,0.00363914972107075,0,0,2.62513933362461,87.0051631077948,50.8735846640036,IV,Government,RUS,Russia
555714063,16,0.0511460296326521,0.245135707586085,0.0214391834777189,0,0,4.39381399573605,86.9433656782948,50.2746582588103,IV,Government,RUS,Russia
555714179,17,0.0732236590848857,0.134189850158451,0.010812694543486,0,0,2.27204551325368,82.5366001013612,53.8570939643697,IV,Government,RUS,Russia
555714199,9,0.0295890073660753,0.26725688323318,0.00805122005198098,0,0,2.94607472491472,89.8559671325707,53.9829830563447,IV,Government,RUS,Russia
555714203,5,0.00983049564216194,0.0765317112244598,0.00677503838275926,0,0,1.70659278527118,81.2804847496499,54.6696782930453,IV,Government,RUS,Russia
555714272,5,0.0179278334047639,0.112133992378792,0.00227079372236085,0,0,0.577636910853883,58.4939474726795,59.1356763364329,IV,Government,RUS,Russia
555714276,8,0.0352014460324089,0.149256961760551,0.014505724767865,0,0,2.8587266785039,56.6736870799964,53.6665062395267,IV,Government,RUS,Russia
555714293,5,0.0164391689901271,0.0218189004608866,0.0182337371928098,0,0,2.13141420935653,31.5724778215352,56.8938951318642,IV,Government,RUS,Russia
555714330,6,0.0160162952881407,0.40954302375214,0.00820814217087656,0,0,0.311372062385107,57.1319923738809,60.0161466480051,IV,Government,RUS,Russia
555714414,87,0.31759077886865,0.374311387737968,0.000646761262419453,0,0,0.16154184705446,109.955472328899,59.4650886595315,IV,Government,RUS,Russia
555714425,8,0.0285802933070415,0.0216194893200771,0.0121961940776021,0,0,2.50497569426655,65.0898443065834,56.2982736921374,IV,Government,RUS,Russia
555714441,6,0.0136960550988692,0.670063823522124,0.00797831906325231,0,0,2.06514270191403,94.8734468225997,56.9829732479358,IV,Government,RUS,Russia
555714451,6,0.0224960470283879,0.181335708822257,0.0721214409315108,0,0,4.64013319010293,35.4061293574817,53.3378400424482,II,Government,RUS,Russia
555714464,6,0.0316591716499099,0.209765387005979,0.0115237958194212,0,0,4.58141054490056,57.7900123343201,54.7837421840486,IV,Government,RUS,Russia
555714539,12,0.055259540948558,0.0879172005914461,0.00369950548237463,0,0,3.01546682680587,88.3750020538947,52.0520226793382,II,Government,RUS,Russia
555714606,5,0.0147498778991295,0.138396619046043,0.00903432312257754,0,0,0.67431677363304,54.7079038767555,56.5960070840008,IV,Government,RUS,Russia
555714649,5,0.0199012442752875,0.052998279496085,0.00540182356328222,0,0,0.999250674070341,84.2247890864674,52.7813309357885,IV,Government,RUS,Russia
555714667,6,0.0130980894821935,0.747371257737922,0.100097101091293,0,0,4.86940675882023,41.273347321928,57.6822399161946,IV,Government,RUS,Russia
555714693,5,0.00733677539782951,0.69538167405268,0.000809098292728396,0,0,0.910662760634612,113.413648437368,53.3639373929624,IV,Government,RUS,Russia
555714742,5,0.0135222848691329,0.326377184139759,0.00253566503695032,0,0,1.30361737816369,129.96649533447,50.4332581637868,IV,Government,RUS,Russia
555714807,6,0.02432951139952,0.173187750920797,0.00929240140686163,0,0,2.8391584213103,46.1749184968624,56.9796158120301,IV,Government,RUS,Russia
555714961,78,0.180117767507873,0.15962495100764,0.00103847642407743,0,0,0.308856671743306,80.62530383564,56.5698134254819,Ia,Government,RUS,Russia
555714972,25,0.130023383852925,0.0936798408299686,0.00619839583161204,0,0,2.14635775271284,86.579531271229,53.374234080026,II,Government,RUS,Russia
555715047,5,0.0286756813155925,0.931434776211319,0.0332567787865741,0,0,1.65962983192342,120.889125187119,13.0449990767691,Not reported,Government,PHL,Philippines
555715061,6,0.0467540474015012,0.815091414842078,0.200141879435608,0,0,5.54536008651389,125.300402691146,6.95886934556205,II,Government,PHL,Philippines
555715063,5,0.0322956353530193,0.636359203235595,0.10772282977024,0,0,4.32783910605664,124.849452980549,8.13088508042797,Not reported,Government,PHL,Philippines
555715672,9,0.0374109169309991,0.88444414621529,0.0980459328859608,0,0,5.63050634597165,-37.7499106842821,-12.0608172979984,V,Government,BRA,Brazil
555715741,5,0.0193192463130283,0.123929174957993,0.0282618946503671,0,0,1.21688911298662,-122.526578240681,55.7910532101974,II,Government,CAN,Canada
555715771,28,0.066462733142357,0.546288964540072,0.0152287324405461,0,0,0,-106.776245154978,59.7492781686873,Ib,Government,CAN,Canada
555715773,8,0.0149722758489414,0.289075883096767,0.018906504446569,0,0,0.374665836892979,-108.88503933252,59.9099033959747,Ib,Government,CAN,Canada
555715987,27,0.117205761064787,0.53054570994155,0.0222889779428388,0,0,0.135141948189705,-68.9226953945932,51.8789016890815,Not reported,Government,CAN,Canada
555715998,5,0.0192882940579564,0.974157727869505,0.017115727188438,0,0,0.647301575622373,-72.9057917555419,50.6171078001301,II,Government,CAN,Canada
555719282,12,0.0187546182405907,0.261453309135744,0.153875455815279,0,0,4.00439915620218,31.9980297613246,49.5078353229695,Not reported,Government,UKR,Ukraine
555719283,6,0.00851048328447673,0.281444807090883,0.210208008025039,0,0,5.49767819980277,31.0868525507286,50.0039040295809,Not reported,Government,UKR,Ukraine
555719284,5,0.0116170786976762,0.402437199406313,0.159340961125854,0,0,4.0327833489617,25.7803866065407,50.8889988505127,Not reported,Government,UKR,Ukraine
555719293,6,0.0145440975139495,0.56474126386559,0.157701855694929,0,0,3.7685909176272,23.6856801155295,50.0180948908385,Not reported,Government,UKR,Ukraine
555719299,9,0.0436599605162592,0.296906787706315,0.255027293329893,0,0,7.26301627488415,34.1735401671364,44.6781558599511,Not reported,Government,UKR,Ukraine
555719300,15,0.0620772075123804,0.50329101879808,0.20119972476806,0,0,6.08609858167784,34.6711148628389,44.9188517663272,Not reported,Government,UKR,Ukraine
555719304,5,0.0180978556768908,0.32900933581776,0.406644360331334,0,0,8.54962302447321,33.8245642848114,44.4853740949004,Not reported,Government,UKR,Ukraine
555719319,6,0.0113852992690422,0.450543984762127,0.102262098181217,0,0,3.84736353553606,33.1340192937364,51.7910379803451,Not reported,Government,UKR,Ukraine
555719345,11,0.0294744068814629,0.3777343636632,0.0908164826983913,0,0,3.55391545623552,28.5385592039972,51.1985221196755,Not reported,Government,UKR,Ukraine
555719492,7,0.00945705285229863,0.414871424201295,0.122274570366009,0,0,4.1253651768642,32.6311093628559,51.548798684751,Not reported,Government,UKR,Ukraine
555719496,9,0.0163506662682861,0.558208067212546,0.233131662780686,0,0,7.09570770669295,33.5526699971845,52.1929093775962,Not reported,Government,UKR,Ukraine
555719732,12,0.00991239285747927,0.953832916359609,0.275935837756261,0,0,6.62179683393873,7.22530968897513,58.9765489850225,Not reported,Government,NOR,Norway
555719785,5,0.00586101790325068,0.929648312498941,0.422954742801465,0,0,7.13610492529682,6.26677042131287,59.9896887643355,Not reported,Government,NOR,Norway
555720134,15,0.0287025327300198,0.263022346321115,0.147223023753375,0,0,4.13585335123128,34.7510226988891,50.7981883672625,Not reported,Government,UKR,Ukraine
555720147,6,0.0108213028488866,0.291865477890659,0.157615035355628,0,0,4.87911766903347,36.7362420326321,49.878600402429,Not reported,Government,UKR,Ukraine
555720188,6,0.00918049015193865,0.459373000112311,0.119967004357936,0,0,4.59076215723519,31.8967037574038,51.9283881815399,Not reported,Government,UKR,Ukraine
555720617,6,0.0373281953745223,0.675635788484935,0.28495351613223,0,0,6.36537507423029,138.090258830679,36.850949558782,II,Government,JPN,Japan
555720618,7,0.0459886359922137,0.440342427152515,0.268701097278852,0,0,6.45307545999594,135.655519476586,35.2817423339906,V,Government,JPN,Japan
555720809,15,0.107137701519822,0.474363354173728,0.332070449132025,0,0,7.61403016490787,138.194279639954,35.5680143583571,Not reported,Not reported,JPN,Japan
555721609,8,0.0323820411905684,0.50671233387779,0.0110294650579738,0,0,0.364690563645365,34.8199885188454,9.28947709187207,II,Government,ETH,Ethiopia
555721610,7,0.0185459976162947,0.765737904503596,0.00706534806325333,0,0,0.396624566330116,36.9379361501325,9.45743469450038,II,Government,ETH,Ethiopia
555721640,13,0.0428058904320175,0.285675150605006,0.00185418813394394,0,0,0,35.8428920578308,11.613720601577,II,Government,ETH,Ethiopia
555721641,20,0.0803206411264766,0.752385763435923,0.00334303598218685,0,0,0.183225827966555,35.9536633028798,9.64458221982076,II,Government,ETH,Ethiopia
555721645,21,0.0918185996653497,0.281974766129536,0.00422523104077396,0,0,0.0419662455373088,34.3026646591308,9.16107120547916,II,Government,ETH,Ethiopia
555721646,121,1.39321564390984,0.176080681352198,0.00815790776658976,0,0,1.46575029219095,-77.751007167786,-3.72299563076329,VI,Community/Indigenous,PER,Peru
555721684,49,0.123835961919798,0.568431021102302,0.0344196582466109,0,0,1.7853996826617,-11.2788092888267,11.5038469686007,Not reported,Not reported,GIN,Guinea
555733876,12,0.0403341126445344,0.681349690719459,0.0640348148141196,0,0,3.69805341097807,44.9328078371549,42.4044152660063,V,Government,GEO,Georgia
555738134,12,0.03799612084698,0.861785532938384,0.856730088639777,0,0,9.49163299229674,6.76293238749513,47.2211439026139,V,Government,FRA,France
555744493,16,0.0746705103929025,0.218434188662559,0.0954442505542402,0,0,3.2887608887731,-63.269833831264,49.5449782631346,III,Government,CAN,Canada
555744510,7,0.0156256990326303,0.471663617910009,0.0283887084578485,0,0,0.137273989811815,-70.9769123445197,54.0234234101772,II,Government,CAN,Canada
555744512,40,0.0915961517801935,0.645106461743135,0.0192188443819865,0,0,0.300888345626266,-73.223214241518,52.7921289533484,II,Government,CAN,Canada
555744513,13,0.0304279189792848,0.609334252294541,0.0286993751672644,0,0,0.235359567579894,-74.9273572318943,52.7526220313168,II,Government,CAN,Canada
555744515,6,0.0224049970323073,0.392646088212758,0.0241280503073858,0,0,0.652389987542935,-78.2066312740215,51.9673379046061,II,Government,CAN,Canada
555744517,21,0.0636907621829008,0.608955727398184,0.0398467792091031,0,0,1.06361865055011,-78.3191638384886,51.5753080901046,II,Government,CAN,Canada
555744518,22,0.0914989895456259,0.498607371693189,0.0601908352947449,0,0,1.89194626043646,-79.2651487802706,51.2766094527962,II,Government,CAN,Canada
555744519,5,0.0116040641288783,0.421083155175564,0.0475750701807252,0,0,1.55047286497615,-79.2879802853497,50.629309246021,II,Government,CAN,Canada
555744522,11,0.0355793557010335,0.573357217605061,0.0335927442182744,0,0,1.45607773466706,-78.3015795748174,51.0780015706665,II,Government,CAN,Canada
555744526,8,0.0296341500981078,0.831977352674194,0.101143948710256,0,0,1.52605290088533,-75.3518819000699,51.2087546872987,II,Government,CAN,Canada
555744528,13,0.0570983188831698,0.625216052463346,0.0180736944478898,0,0,1.19147653041449,-72.6443293402017,51.6224040774743,II,Government,CAN,Canada
555744530,37,0.153591702923435,0.578807286464067,0.0253143303106746,0,0,1.14731544509321,-78.3772820231322,50.5495360584668,II,Government,CAN,Canada
555744551,11,0.0432863534192784,0.529611789007291,0.0209223967383584,0,0,0.285664775821553,-66.3312445089036,51.0327498351276,II,Government,CAN,Canada
555744554,8,0.0192947820995539,0.661896059375652,0.0454976207480798,0,0,0.572432042462321,-67.5180491647856,51.9345973086293,Not reported,Government,CAN,Canada
555744558,7,0.0183076031715544,0.426595194128108,0.0162543369858865,0,0,1.24357674412385,-68.1598897153299,53.9797712111874,Not reported,Government,CAN,Canada
555744560,22,0.110847438450107,0.367260735626537,0.0208375487474899,0,0,0.322819212586508,-62.6410281454679,51.1595249292765,Not reported,Government,CAN,Canada
555744561,7,0.0293435398844487,0.520383206283333,0.0197991818149544,0,0,0.237569719416533,-62.1877990309341,51.8065240553245,Not reported,Government,CAN,Canada
555744562,39,0.194428219685702,0.653142697497225,0.0211093757708644,0,0,0.307669550870844,-60.9588714705725,51.6537287616267,Not reported,Government,CAN,Canada
555744568,92,0.341126252715992,0.517461961995508,0.0191377328680667,0,0,0.28523673393342,-69.8161648032923,51.3592052316434,Ib,Government,CAN,Canada
555745130,5,0.0317403723704352,0.450049577114148,0.0869267496509148,0,0,7.76067263267701,-77.9537319541368,-0.688492633990106,II,Government,ECU,Ecuador
555745214,6,0.0142219318910835,0.342041772914407,0.129887370539471,0,0,5.9502961574308,31.8870249167113,-26.2122186651913,Not reported,Shared governance,SWZ,Eswatini
555745258,5,0.0229203684633206,0.62385904580445,0.143761293706528,0,0,6.01909263021281,-95.3079606028634,16.7833639151991,VI,Private/non-profit,MEX,Mexico
555745295,6,0.0369291487531532,0.393613206491386,0.0131930071229346,0,0,2.03531041422559,-72.9156905052967,-12.855297041442,VI,Government,PER,Peru
555745300,11,0.115847859533428,0.0237852305717373,0.00166674790536013,0,0,1.1679162868293,-73.6413036519719,-8.51732477831764,VI,Government,PER,Peru
555756391,108,0.784201551402817,0.40331027573682,0.0107823306022734,0,0,1.45563198835265,14.8322856572417,-7.71772514199863,Not reported,Not reported,AGO,Angola
555756395,5,0.0333322186840884,0.525404116292604,0.0284366441196184,0,0,1.67050733005768,103.96639413434,19.0750301803952,Not reported,Government,LAO,Laos
555756497,6,0.0322498922432278,0.0778237682844455,0.0039794659512547,0,0,0.481084580679667,31.8544665110692,-3.91576139849528,Not reported,Government,TZA,Tanzania
555756498,8,0.0351274850890681,0.443136242488768,0.00365772890709605,0,0,0.181415580852768,32.0715552620231,-5.40100285537461,Not reported,Government,TZA,Tanzania
555756502,10,0.0306601811127546,0.217031257246734,0.00643835164391569,0,0,1.3130058800131,31.28354187936,-2.47221000617113,Not reported,Government,TZA,Tanzania
555756859,13,0.0581421936396865,0.759390549528053,0.134805895659603,0,0,4.28604996417537,22.8112580934377,43.3835315098272,Not reported,Government,BGR,Bulgaria
555756878,6,0.0223067267644667,0.725377990874899,0.189429960503537,0,0,5.73393608032525,25.8450768834578,41.4807056109942,Not reported,Government,BGR,Bulgaria
555758147,5,0.0260689640866044,0.272492836635736,0.123177217163932,0,0,2.16844071256322,-83.5654892144982,49.364911761846,IV,Private/non-profit,CAN,Canada
555758148,10,0.0557810554959523,0.571067582322918,0.0633432160346555,0,0,1.43524987416045,-84.3546545442396,49.5422558038527,IV,Private/non-profit,CAN,Canada
555758890,9,0.0183397837819724,0.761547612201436,0.0173725435011599,0,0,1.16104567887195,-54.9407957304386,-23.7017103605267,V,Government,BRA,Brazil
555758916,10,0.02485349308759,0.69945881267042,0.0165505940039719,0,0,1.84589536813896,-56.234648805184,-21.9806621362965,V,Government,BRA,Brazil
555758989,17,0.181005183503082,0.458383724512527,0.00156532797580822,0,0,1.21316555485976,-61.1313176374944,0.385223661957207,II,Government,BRA,Brazil
555759051,22,0.235373775353622,0.458260765391227,0.00127467042340146,0,0,0.933283530317616,-61.4557410398568,0.105480254352888,VI,Government,BRA,Brazil
555759055,73,0.691886029978097,0.497037778283978,0.00324190400610396,0,0,1.4563308136158,-61.9916818137235,0.15986277604706,VI,Government,BRA,Brazil
555759266,36,0.0489943772380388,0.787567488142043,0.0600569136994828,0,0,3.21175061907967,143.142167121833,-15.2272825858453,VI,Community/Indigenous,AUS,Australia
555759399,12,0.0262917812151791,0.802684925439633,0.126693773633535,0,0,3.62607827140251,141.786565257747,-13.5711038973073,IV,Community/Indigenous,AUS,Australia
555759400,9,0.0302673761013151,0.734518182258953,0.109163754952241,0,0,5.24233538224791,142.831629616221,-11.8965540631683,VI,Community/Indigenous,AUS,Australia
555759504,9,0.026178479424819,0.380232593297919,0.00268598786245536,0,0,0.565867310369374,40.8768781583707,-1.55373316697465,Not reported,Government,KEN,Kenya
555771594,5,0.0044490751355251,0.755280727476398,0.943363275400975,0,0,9.3435184761115,-2.04299916833704,48.4729207372594,V,Government,FRA,France
555781112,6,0.068293092319427,0.252422180471862,0.00228103298135723,0,0,0.126947338438377,22.7785444327705,0.218344917045654,Not reported,Government,COD,Congo - Kinshasa
555781113,111,1.23166721815909,0.366175023159841,0.00258768538266574,0,0,0.21295334888305,19.3337487932875,-3.10099040958254,Not reported,Government,COD,Congo - Kinshasa
555781114,32,0.180408288496276,0.41256311803458,0.00220507296950181,0,0,0.0823230453438289,22.2204253161211,-9.20198835659978,Not reported,Government,COD,Congo - Kinshasa
555781115,22,0.125141444440193,0.168397423991432,0.0145217167197519,0,0,1.98855538014848,25.8318013991709,-9.48887517889044,IV,Government,COD,Congo - Kinshasa
555781116,8,0.0373521667287818,0.111951873107192,0.00953985914156355,0,0,0.455135393529784,26.6623043108131,-10.577801908804,IV,Government,COD,Congo - Kinshasa
555781117,12,0.0738360571496764,0.504809385884961,0.0052422039004674,0,0,0.766816930261863,29.9553941198635,4.02587222725003,VI,Government,COD,Congo - Kinshasa
555781118,30,0.210756385437391,0.150573293851985,0.00437270231936382,0,0,0.566212323993171,28.92745767872,4.04701670124526,VI,Government,COD,Congo - Kinshasa
555781119,26,0.036465008356631,0.125389214317381,0.00790859745102594,0,0,0.257870683218086,18.2742777003337,10.3663361614056,IV,Not reported,TCD,Chad
555781120,168,1.07050078529649,0.417589986134831,0.000893986086978802,0,0,0.24904092856346,23.9507469751415,6.09406891858622,Not reported,Government,CAF,Central African Republic
555782796,10,0.0418215369882956,0.541305638053774,0.394658442556993,0,0,7.36681035314495,127.976986957842,36.2952257974525,IV,Government,KOR,South Korea
555782800,54,0.187220722691381,0.701464972477261,0.525553874551083,0,0,7.46316656893573,127.855731952886,36.9742965092907,IV,Government,KOR,South Korea
555783071,7,0.0323169434193347,0.95424461426842,0.162331799586433,0,0,6.90981593192657,-75.8247733710534,6.68402698253984,VI,Government,COL,Colombia
555783076,10,0.0405826857119785,0.780661491237804,0.0878237851988994,0,0,4.26641900290374,-73.7450618165216,9.24248017376899,VI,Government,COL,Colombia
555783603,8,0.0128253994279119,0.76617013299064,0.0259118642029715,0,0,3.3270247324234,-53.1614001471383,-18.6700523049581,V,Government,BRA,Brazil
555783613,12,0.140664821452903,0.798194500123317,0.00281998269979014,0,0,1.45482377284873,-63.8673535634032,-9.62863746763285,V,Government,BRA,Brazil
555783615,6,0.0193380719352206,0.976531511802582,0.191972499503425,0,0,6.15408647929031,-38.4166820399993,-12.6914678599388,V,Government,BRA,Brazil
555783786,32,0.186040177217626,0.612991155952225,0.0737310380306227,0,0,3.68532289816427,-100.538342851845,17.6594830879217,VI,Government,MEX,Mexico
555783838,17,0.141476127698651,0.601587156058181,0.092836134980986,0,0,5.59193462637983,-94.5352342491587,16.9226141452779,VI,Private/non-profit,MEX,Mexico
555784001,6,0.0343803966473432,0.653584176476952,0.127970888900867,0,0,5.10919628567598,41.9434392325929,41.7034552502877,Not reported,Not reported,GEO,Georgia
555784006,9,0.0331253380697431,0.63496757466846,0.0581947546155676,0,0,2.48471483575329,54.4925880478851,37.0948272535413,Not reported,Not reported,AZE;IRN,AZE;IRN
555784008,10,0.0564737504293676,0.69199414797783,0.0693401102529724,0,0,4.83484862395419,99.4841812074665,12.8950966538548,Not reported,Not reported,THA,Thailand
555784010,6,0.0437000407665375,0.447985004965003,0.0756411677089961,0,0,4.92033216763571,-44.6207915938367,-23.096290172915,Not reported,Not reported,BRA,Brazil
555784094,21,0.131629224442532,0.775494036572049,0.0312800829299262,0,0,2.50273810285567,-7.1321075400849,5.66837202036789,IV,Government,CIV,Côte d’Ivoire
555785282,5,0.0274462514336153,0.168343341706068,0.153715702175624,0,0,2.4524599201551,-66.0506399806708,48.4403900572128,Not reported,Government,CAN,Canada
555786023,12,0.0534624701518501,0.473939408448195,0.00862556659622218,0,0,0.4407814749796,-60.1942283044649,-23.9643365361021,Not reported,Not reported,PRY,Paraguay
555786026,73,0.240508788694361,0.942078668038985,0.0508808050091893,0,0,2.5370923114849,-54.7708993196337,-24.4203657301757,Not reported,Not reported,PRY,Paraguay
555786918,7,0.0107977994185149,0.583282849591155,0.0597008706654723,0,0,2.93417236162779,33.6195750909972,52.0180656448881,Not reported,Government,UKR,Ukraine
555786921,5,0.0109196441598796,0.284589324681844,0.108286208515618,0,0,3.04889499029069,34.8149764594463,50.3703158505564,Not reported,Government,UKR,Ukraine
555786922,5,0.00836859923126087,0.306206143889557,0.103070919973748,0,0,3.77197591916639,33.5132228878527,51.6156721953243,Not reported,Government,UKR,Ukraine
555786947,6,0.016451660037878,0.757435464446304,0.220542656042324,0,0,4.29118310562141,23.1807155467745,49.2925584326263,Not reported,Government,UKR,Ukraine
555787148,7,0.0214773750672021,0.915222479410354,0.299593148858592,0,0,5.36974626635416,20.6684579571219,41.6616025319624,Not reported,Government,MKD,North Macedonia
555787158,8,0.0217350660608294,0.900131383631925,0.251943802482925,0,0,4.78541741754429,21.371865482752,41.7504374804035,Not reported,Government,MKD,North Macedonia
555787243,10,0.0496149197301835,0.519677878092945,0.0742766986824325,0,0,3.13095373017638,46.7052317561715,41.6509288200611,Not reported,Government,AZE,Azerbaijan
555787244,16,0.0609470500139222,0.665540288750885,0.0668053123497174,0,0,2.76321263384176,48.1310186521377,41.0618938754083,Not reported,Government,AZE,Azerbaijan
555787245,18,0.0846766581913695,0.701589690708886,0.0945091733203049,0,0,3.90690868568456,48.6093901986557,38.6945235503439,Not reported,Government,AZE,Azerbaijan
555787259,5,0.0186990097432116,0.889789068163877,0.27347619430309,0,0,5.20065710542928,19.7639436164448,42.5325935682555,Not reported,Government,ALB,Albania
555787281,6,0.0134739555611513,0.479931725533279,0.0724120545219322,0,0,3.28785173940725,32.5186399241833,52.0999129047782,Not reported,Government,UKR,Ukraine
555787287,7,0.0112248635123929,0.526807657365935,0.0838443380848148,0,0,2.61716336315714,25.610566349499,51.6553941850848,Not reported,Government,UKR,Ukraine
555787343,6,0.0259679682820731,0.501411490710658,0.299694047028893,0,0,6.48547470276338,23.234927737894,48.5558387910276,Not reported,Government,UKR,Ukraine
555787379,5,0.011857663265247,0.8595292497173,0.186193232076536,0,0,4.35720580778524,18.3144051455726,43.4262985676032,Not reported,Government,BIH,Bosnia & Herzegovina
555787389,8,0.0176100936002139,0.877783181153393,0.341206278358868,0,0,4.72493519517124,20.8766602663287,42.1653392027324,Not reported,Government,SRB,Serbia
555787417,12,0.0329831224158391,0.762726189398121,0.32756978545961,0,0,4.61198352352599,20.3425117255218,42.7708558206489,Not reported,Government,SRB,Serbia
555787424,11,0.0534436761932738,0.615598296190404,0.152762671796178,0,0,5.00335163623612,21.7393288752004,44.0264484650107,Not reported,Government,SRB,Serbia
555787431,6,0.0248033311710112,0.679106717740709,0.13324554315578,0,0,3.99063337717368,21.4729335954475,43.0076750699229,Not reported,Government,SRB,Serbia
555787456,11,0.0517235983208465,0.761851560774571,0.275078645445799,0,0,5.15410341336937,20.3736153772716,43.3935449771983,Not reported,Government,SRB,Serbia
555787468,7,0.0261037215586793,0.8151123618324,0.19150090064154,0,0,5.32586417765576,22.5970933739722,43.3411366302711,Not reported,Government,SRB,Serbia
555787569,6,0.0248390921093217,0.443448952635816,0.08364062542129,0,0,4.10353679373305,45.4631716325492,41.8263441123653,Not reported,Government,GEO,Georgia
555787606,9,0.0429885234755673,0.435074310344463,0.0414414050916859,0,0,2.47657733187036,42.4175556631601,42.6617122831816,Not reported,Government,GEO,Georgia
555787608,6,0.0175702849983901,0.304254278941107,0.0504455323253299,0,0,3.62306363868828,43.354596984122,42.7341182458378,Not reported,Government,GEO,Georgia
555787617,9,0.0219493675121639,0.450838387606801,0.0436965577533324,0,0,2.61291104180616,45.4313273520249,42.3295396981044,Not reported,Government,GEO,Georgia
555787619,15,0.0731403018384019,0.52612439618501,0.0844783609069373,0,0,3.70566060511198,43.2237450020839,41.867549715055,Not reported,Government,GEO,Georgia
555787706,40,0.149975897124655,0.582273396535904,0.897422134544134,0,0,9.72555986669851,1.94154737923127,47.5552973136767,Not reported,Government,FRA,France
555787736,5,0.0129886409585631,0.672443280752609,0.838237967520545,0,0,10.1690477730349,6.01663811107883,47.0678200410845,Not reported,Government,FRA,France
555788389,5,0.00871926613514066,0.850408314401931,0.860089749849959,0,0,9.80879837691365,4.60626482575802,46.4240832139542,Not reported,Government,FRA,France
555789423,10,0.0587994576389083,0.478517956861477,0.140639418890019,0,0,4.66939270071742,23.7812645307667,45.6218166531831,Not reported,Government,ROU,Romania
555789441,11,0.0563497632946335,0.602207143743276,0.146799641535273,0,0,4.8673747952402,24.7306830883317,45.5608571804063,Not reported,Government,ROU,Romania
555789444,5,0.027683460759054,0.563294646982884,0.147628182137982,0,0,4.88389744175847,23.1303788884002,45.2140383092138,Not reported,Government,ROU,Romania
555790184,5,0.0358322677224258,0.678686614027286,0.0722811626791371,0,0,4.69702029727958,-55.6600754711813,-26.4145356355895,II,Not reported,PRY,Paraguay
555790231,8,0.0561697009637937,0.724205424931302,0.0182246042926849,0,0,1.84703426294344,47.0478585007554,-24.2904466118536,Not reported,Government,MDG,Madagascar
555790232,11,0.0234187513725227,0.355629270624105,0.017988316226621,0,0,2.97467387438008,46.3719604389308,-16.6860655924904,Not reported,Government,MDG,Madagascar
555790608,7,0.0601253674796868,0.613556808890761,0.0209922106230815,0,0,2.92339649472586,-75.1238373075198,7.37473482014351,VI,Government,COL,Colombia
555790783,5,0.0118931503748149,0.857441359803138,0.213498001792846,0,0,5.26372477644107,25.8844453834602,46.5147286313263,Not reported,Government,ROU,Romania
555791008,31,0.216258787973293,0.279245150203564,0.0592813861049623,0,0,4.61487157633618,142.821641960791,42.576823859756,II,Government,JPN,Japan
555791358,6,0.0470245434106694,0.779668033075822,0.207540407840186,0,0,5.38187980064165,131.437362931765,32.7758999753588,V,Government,JPN,Japan
555791366,12,0.128339511536053,0.0462213073646006,0.00208723829024966,0,0,0.630934297219176,-72.1340166067544,-2.60670236455965,Not reported,Government,PER,Peru
555793950,8,0.0154746548423065,0.334373975857659,0.181255948757505,0,0,5.3032846579576,30.7803879209292,51.012939995435,Not reported,Government,UKR,Ukraine
555795273,97,1.1239714219854,0.162119017708265,0.00145191857440417,0,0,0.717056348982231,-67.4212570551931,-5.37761217026165,VI,Not reported,BRA,Brazil
555799974,5,0.0484321650009639,0.0717184305198216,0.00107561007387489,0,0,0.0867459039454734,-70.682634922788,-2.58421709524435,VI,Government,PER,Peru
