SITE_ID,n_forest_cells,total_protected_forest_area_mha,mean_FLII,mean_pest_record_probability,obs_occurrence,mean_sampling_effort,mean_carbon_percentile,IUCN_group,governance_group,ISO3,country
30,117,1.19387725543069,8.74904093187837,0.00643082659496816,0,1.17318890646871,0.326060275711288,Not reported,Government,BOL,Bolivia
31,114,1.10502001624831,9.59275423665633,0.00794867726121143,0,2.61126460460834,0.268908151417227,Not reported,Government,BOL,Bolivia
35,62,0.665029117510378,9.43613206998845,0.00637008517120857,0,1.30881748643576,0.175272525364349,Not reported,Government,BOL,Bolivia
42,9,0.0422134685914723,9.16898341451116,0.00305465347488392,0,1.47986048682528,0.546020503291398,Ia,Government,BRA,Brazil
43,6,0.060193680435298,9.60479735620082,0.00464280547397323,0,2.06906304161586,0.179227615410274,Ia,Government,BRA,Brazil
44,9,0.0958192148248713,9.48343946453725,0.00182810025811634,0,0.905387641866938,0.338221435336885,Ia,Government,BRA,Brazil
54,30,0.340389746003343,9.83534436323823,0.002539546186133,0,1.48411032407014,0.233062506357881,II,Government,BRA,Brazil
55,38,0.450538535927061,9.71905507962343,0.0015450235480137,0,0.600866941867901,0.0692974446061625,II,Government,BRA,Brazil
60,19,0.137394474751131,8.32641067812659,0.0607949215456925,0,4.91708605965653,0.569620878336146,II,Government,BRA,Brazil
83,71,0.265443534833038,9.96725517364406,0.00645880087408352,0,0.899579807461367,0.514869571075068,Not reported,Not reported,CHL,Chile
120,15,0.0326395599308456,9.47498111222098,0.028740623391646,0,3.32219296329076,0.508884393854206,Not reported,Not reported,CHL,Chile
130,51,0.543848798646082,8.34302291538057,0.00737594858387457,0,2.2408741328392,0.450637614820574,II,Government,COL,Colombia
131,41,0.428633413640995,8.70370199641818,0.0171323835447289,0,2.33249875551792,0.443068490700092,II,Government,COL,Colombia
132,31,0.226010766543913,8.16672568699195,0.0745539663559631,0,4.35064136961393,0.636120899572643,II,Government,COL,Colombia
133,11,0.0885926256786589,9.51164907328301,0.026695754432814,0,2.45354660315597,0.654057330038151,II,Government,COL,Colombia
134,17,0.178019214018362,8.4783440194763,0.00911308144358124,0,1.89483054702459,0.461891381479047,II,Government,COL,Colombia
135,23,0.245369615760925,9.93084486464052,0.00915344142294176,0,3.36611482214925,0.0641915144221357,II,Government,COL,Colombia
136,5,0.028071251552819,8.98286879290619,0.0295876508585734,0,2.7926987817346,0.647236084834383,II,Government,COL,Colombia
137,5,0.0376002341599485,9.80021597718711,0.0349484122662271,0,5.09078346442888,0.509641426131276,II,Government,COL,Colombia
138,20,0.191523661290081,9.48687556883776,0.0883159488793525,0,5.4176221896498,0.50042183104129,II,Government,COL,Colombia
139,5,0.0250824378652007,9.09744444924073,0.0678330891144545,0,4.0592447089875,0.704775728842045,II,Government,COL,Colombia
141,5,0.0336915173815372,9.37759142551512,0.0676567764478912,0,4.71804409415371,0.517170419295245,II,Government,COL,Colombia
143,6,0.0267415513183971,9.26439724925063,0.116986850829561,0,6.40816766394243,0.699608764455442,II,Government,COL,Colombia
183,17,0.16244068501134,9.42637600637266,0.0279656119837943,0,4.45683106792497,0.395180709387908,II,Government,ECU,Ecuador
186,90,1.04185778064908,9.80655605252421,0.0128998182563038,0,3.70290011016219,0.0797573765859514,II,Government,ECU,Ecuador
188,23,0.187668594189028,9.66237950829293,0.0191765949328994,0,4.22576533686919,0.477692884094392,II,Government,ECU,Ecuador
236,33,0.351814039943348,9.36349299352095,0.0163498799739121,0,4.51415588527361,0.415453560921992,II,Government,PAN,Panama
249,177,2.01867465408858,9.69296240652248,0.0054257318605113,0,1.53910655855931,0.303278538615707,VI,Government,PER,Peru
257,140,1.58644048263467,9.82806555417748,0.00239947582513369,0,1.63257915591104,0.159738209663362,II,Government,PER,Peru
259,9,0.0579609625916185,9.51806397861024,0.0376579539520804,0,4.12024569270616,0.393086662610362,II,Government,PER,Peru
317,8,0.0746429203880003,9.77897744000684,0.0062808566221129,0,2.48116756766312,0.470390310260223,II,Government,VEN,Venezuela
318,13,0.141148606885099,8.453195740163,0.0118323500874488,0,1.59898390941324,0.534419421964009,II,Government,VEN,Venezuela
321,7,0.0555134378319573,9.13012178511465,0.113008401601797,0,5.22559139896468,0.731483459665267,II,Government,VEN,Venezuela
322,7,0.0537053908638848,8.08146723863226,0.095780672408556,0,4.40532923413793,0.794322989178956,II,Government,VEN,Venezuela
350,19,0.058469478728536,8.90280951559126,0.00959044592690128,0,0.968355421859205,0.674375395189489,II,Not reported,AGO,Angola
361,11,0.0502849387386678,9.1143204557434,0.35815511012013,0,7.35057276675577,0.718203195651521,Ib,Government,AUS,Australia
403,14,0.0338128419312582,9.51727347141077,0.167938419920819,0,4.83125090682066,0.155611997707624,II,Government,AUS,Australia
407,6,0.029113698608038,9.10152005745635,0.439314123136401,0,6.853969293872,0.734337388866455,II,Government,AUS,Australia
607,5,0.0129615032318384,8.70994935028802,0.020109467035644,0,2.98866712933442,0.673563053066481,II,Government,CMR,Cameroon
617,45,0.212563722100031,9.50008238415323,0.103752810833901,0,3.11317526236702,0.365793558037218,II,Government,CAN,Canada
618,35,0.176425889379,9.38363233693505,0.19109588264618,0,3.10337631491208,0.921641063543775,II,Government,CAN,Canada
619,9,0.0289293143058993,9.3763672961167,0.316574792409875,0,5.51893225346526,0.596575268124694,II,Government,CAN,Canada
620,22,0.12815828361119,9.77187342945476,0.0882889882977183,0,2.60777445766699,0.16226780744799,II,Government,CAN,Canada
622,7,0.0245820239035132,8.3811398100059,0.351541792378782,0,5.88178686573319,0.323791328533158,II,Government,CAN,Canada
624,9,0.0394186360742388,9.27192858229468,0.483917830868313,0,6.6768512488198,0.823930649075917,II,Government,CAN,Canada
639,98,0.36548130887145,9.88979091689568,0.00152722037253218,0,0.114036095316076,0.662614380246358,II,Not reported,CAF,Central African Republic
666,22,0.193202948214817,9.52025783254605,0.0172881132395302,0,2.81230424375447,0.349213731890516,Not reported,Government,GAB,Gabon
670,12,0.0320672204157854,9.65387646966495,0.0105354014661108,0,1.00106219326605,0.0840456718763243,II,Government,GHA,Ghana
722,5,0.0188930546659264,1.67141195607655,0.0510695041406526,0,2.20416955141417,0.454995329373671,II,Government,CIV,Côte d’Ivoire
726,26,0.174414192036958,8.57437383241778,0.0875331788071668,0,5.38532169250161,0.121942072044584,II,Government,JPN,Japan
727,29,0.202415890044259,8.34180366724111,0.17284019538761,0,5.35878021849852,0.491905256204651,II,Government,JPN,Japan
729,23,0.13893349314238,8.62915621703099,0.31770750240276,0,7.33363845126334,0.605161430824541,II,Government,JPN,Japan
732,17,0.127787921610735,6.75211619581044,0.485687935402355,0,8.07763407868812,0.468169160178292,V,Government,JPN,Japan
733,10,0.0601260769284895,7.91453138493518,0.197866540448987,0,5.83459430864737,0.220308152827357,II,Government,JPN,Japan
734,7,0.0384462908003782,7.91645646613008,0.128302174301413,0,5.68689483461836,0.340360693519563,II,Government,JPN,Japan
735,13,0.0959838323158725,7.84714337814174,0.212729926945532,0,6.4414829842484,0.368028461971922,II,Government,JPN,Japan
736,6,0.0253981085548845,3.43161630246883,0.429206382879626,0,6.10634835749726,0.950830493653204,V,Government,JPN,Japan
787,9,0.0889295467042089,9.27996037947394,0.0258570735885724,0,6.5056521903999,0.311444095682929,II,Government,MYS,Malaysia
799,7,0.0147463509294435,9.54214395538333,0.00889493306039764,0,0.951346728713709,0.504251496776021,II,Shared governance,MOZ,Mozambique
800,6,0.0165383015990896,9.13860262032846,0.0120402322486513,0,2.07586204631081,0.720369260464045,II,Shared governance,MOZ,Mozambique
801,63,0.276298219166445,7.07471668192256,0.0334063687721333,0,3.01874586021152,0.385224406387428,VI,Shared governance,MOZ,Mozambique
805,14,0.0680448454360044,7.53557929055609,0.120742059446778,0,4.69975896763168,0.485456141819773,II,Government,NPL,Nepal
903,142,0.528681051145093,9.80326091341709,0.00252449752202236,0,0.0536178294382953,0.09846245424017,II,Government,SSD,South Sudan
917,20,0.0695228284969049,9.72540591055604,0.00195486509069839,0,0.436038005639084,0.108323038492608,II,Government,TZA,Tanzania
919,14,0.0753079551629818,8.4533748876662,0.0134555649532417,0,2.3331098505627,0.499239976004007,II,Government,TZA,Tanzania
921,15,0.0541703204343939,9.3332761531072,0.0067696986006167,0,1.47330386872333,0.205626524524944,II,Government,TZA,Tanzania
922,9,0.0417589187844886,7.76308797413465,0.112599047958254,0,4.92200789467821,0.695786082496237,II,Government,TZA,Tanzania
930,6,0.0365024559074165,9.37555109214601,0.0815667752392261,0,3.48885947666348,0.510314692605657,II,Government,THA,Thailand
956,23,0.10782157849675,9.13598870164044,0.0112020981329543,0,2.41854926884842,0.309300312022718,II,Government,UGA,Uganda
960,5,0.00896619146492838,0.85197230552941,0.701609589965785,0,9.80591616034674,0.776895850392929,V,Government,GBR,United Kingdom
977,5,0.0208371748926883,9.53174519259373,0.436727975529783,0,4.8525150027031,0.178868538299652,V,Government,USA,United States
984,12,0.0502768273587568,7.7788175832723,0.624960308357341,0,7.90762105196634,0.771004911149366,II,Government,USA,United States
989,10,0.0662509300691854,7.6009674311365,0.790920683254792,0,7.86853630466723,0.258931281299042,II,Government,USA,United States
990,7,0.0460659208709506,6.30806716175212,0.564369452644362,0,6.63579438761949,0.925742884495791,II,Government,USA,United States
1009,24,0.0553385510945612,9.78761773354085,0.0243389939015634,0,0.624756903070829,0.888459838153267,II,Government,USA,United States
1080,88,1.01890173600469,9.85413788877063,0.00112582736349705,0,0.168448064604467,0.147554271941426,II,Not reported,COD,Congo - Kinshasa
1082,54,0.588270389148792,8.84693002900778,0.00554873364196158,0,1.3522812745584,0.178162221292691,II,Not reported,COD,Congo - Kinshasa
1085,61,0.184040328116815,9.55217524932818,0.00947002648994959,0,0.600010815226634,0.166152070171024,II,Government,ZMB,Zambia
1086,31,0.0987385333185501,9.66598969348961,0.00826236551411442,0,1.4106734354544,0.136895102864004,II,Government,ZMB,Zambia
1088,20,0.0773006816425704,9.10972307454856,0.00752137561148885,0,2.15965866917368,0.307202385460502,II,Government,ZMB,Zambia
1090,13,0.058100318078514,8.74432275903834,0.00684239483259728,0,1.0069913594714,0.158835516949654,II,Government,ZMB,Zambia
1091,11,0.0327931768481475,9.42818881026674,0.00452101192195301,0,0.119875228649799,0.0876425813720512,II,Government,ZMB,Zambia
1092,14,0.0668867282792805,9.73080090503758,0.00935846976292553,0,2.36391000449819,0.234942828578777,II,Government,ZMB,Zambia
1093,7,0.0430935659175337,9.78361226760835,0.00329902054604661,0,0.276885889800529,0.189235593404351,II,Government,ZMB,Zambia
1094,8,0.0303352010682195,9.59361576457608,0.0127282074876409,0,1.51419125205109,0.859958386582587,II,Government,ZMB,Zambia
1095,6,0.0321982338367856,9.71671488198213,0.00439212978648005,0,0.457072843032676,0.0375407342086159,II,Government,ZMB,Zambia
1130,7,0.0249609568278021,9.25166542412478,0.393426476447396,0,7.16522885964323,0.635247026718936,Ia,Shared governance,AUS,Australia
1242,19,0.193522824400388,9.60007244733294,0.019952388826947,0,4.45157944644468,0.213494545492372,II,Government,CMR,Cameroon
1256,11,0.103620529971627,8.21767291518013,0.0304274451491176,0,3.34344719963765,0.401595528738146,II,Government,IDN,Indonesia
1259,8,0.0761975886829844,8.35536931872918,0.00981879328948308,0,1.30080098086145,0.523867941406301,IV,Government,IDN,Indonesia
1293,6,0.0159274897383309,6.62301718846773,0.0211624504257474,0,1.44701703313324,0.368206048697426,Ia,Government,CIV,Côte d’Ivoire
1300,11,0.1171624988859,9.66442311951186,0.0127270537443413,0,2.91443824780518,0.258952012911857,Ia,Government,MYS,Malaysia
1308,10,0.0524304315781701,8.77108724948907,0.0441082222956471,0,2.98499654923763,0.383986262600934,II,Government,NPL,Nepal
1337,7,0.0541219858016718,7.22361514904375,0.0293248159931523,0,2.56667314757743,0.774703729211964,II,Government,PHL,Philippines
1338,7,0.0226965881915628,1.58387796550985,0.854836752945619,0,8.43108802605468,0.916893746817459,V,Government,PRT,Portugal
1371,37,0.105436595907035,9.57789907435424,0.00477078209527155,0,0.110902994085213,0.218097227222714,II,Government,SSD,South Sudan
1406,13,0.0722999673605281,8.47768769709946,0.0406790148598065,0,2.51371723796738,0.765670211457641,Ia,Government,THA,Thailand
1408,11,0.0683550032363673,9.5451068805407,0.0718246362231468,0,3.35056108486022,0.563366827811922,Ia,Government,THA,Thailand
1411,10,0.0644234182639344,8.19617189871738,0.13011032629096,0,5.27410892642395,0.482129264849964,Ia,Government,THA,Thailand
1413,6,0.0248809845884989,8.29298112126475,0.0826770164850961,0,4.41208838888282,0.667220469992237,Ia,Government,THA,Thailand
1414,8,0.0384226710287934,9.1653311846671,0.0666943099703595,0,3.42342464909234,0.703417315355033,Ia,Government,THA,Thailand
1416,5,0.0379466537486931,8.39480507836069,0.050935573891215,0,2.95267896022736,0.547487772079565,II,Government,THA,Thailand
1496,7,0.0495261562164844,7.35109460922561,0.149567175834578,0,5.73753121282233,0.68347646384589,II,Government,IDN,Indonesia
1499,15,0.13116667168897,9.27813135327798,0.0917151594026679,0,5.18033613058753,0.229892199255478,II,Government,IDN,Indonesia
1678,16,0.0503518201332796,2.34221060747908,0.205256502149533,0,5.11376329061144,0.255741389468366,II,Government,LVA,Latvia
1683,5,0.0155884576643375,4.2124117167379,0.242517293769648,0,6.56806059232294,0.459993928498428,II,Government,LTU,Lithuania
1899,104,1.1031900937359,9.64375568406068,0.00865082637130293,0,0.965277935115408,0.194213137931082,II,Government,IDN,Indonesia
2008,14,0.0608168352186489,5.95539571257516,0.246136847735039,0,6.69713400506839,0.0991505039852716,Not reported,Not reported,BLR;POL,BLR;POL
2010,6,0.0262520625921995,8.62463048755688,0.0568720920088451,0,4.30481276900041,0.520898421152663,Not reported,Not reported,TZA,Tanzania
2011,6,0.0292696910185451,9.49968691868029,0.481329813519143,0,6.89618920649669,0.517807925453821,Not reported,Not reported,USA,United States
2013,56,0.229949785524052,8.83678479044656,0.290572730567753,0,4.87717174693643,0.84763204811061,Not reported,Not reported,USA,United States
2018,50,0.149907705725643,9.92872082155067,0.0527912777964979,0,1.67000342183084,0.538503732706926,Not reported,Not reported,CAN;USA,CAN;USA
2037,30,0.330618925971725,8.82969169363241,0.00907141747178746,0,2.29407879618811,0.286584938493208,Not reported,Not reported,BOL,Bolivia
2164,152,0.977477664937842,9.07395322291796,0.0150003009711495,0,2.62409390160697,0.0681807393652913,Not reported,Shared governance,RUS,Russia
2172,21,0.242875073247904,8.43343466707372,0.00479600950651058,0,2.08581823524414,0.303478733222199,Not reported,Not reported,COD,Congo - Kinshasa
2257,10,0.0282539200481825,9.72642077180169,0.00272499844426459,0,0.30906377593231,0.684184235642817,IV,Not reported,CAF,Central African Republic
2259,106,0.556113657554027,9.94445610928218,0.000856051876741774,0,0.0273880231719103,0.27338912941274,IV,Not reported,CAF,Central African Republic
2260,14,0.0381535050049061,9.98005247227415,0.00101288691633778,0,0,0.250994267852079,IV,Not reported,CAF,Central African Republic
2261,15,0.0400265658562219,9.90589455519238,0.00147799141509221,0,0.107135216154725,0.364548210799009,IV,Not reported,CAF,Central African Republic
2262,19,0.0887107105277159,9.85887626635745,0.00168641202625493,0,0.029117488324675,0.509571319539233,IV,Not reported,CAF,Central African Republic
2264,18,0.0687694872481683,9.83180442441953,0.00236989953917668,0,0.181139896213342,0.539015156682327,IV,Not reported,CAF,Central African Republic
2265,6,0.0275622602230994,9.92549813867224,0.0021169013281466,0,0.561437015769174,0.0394021523819988,IV,Not reported,CAF,Central African Republic
2266,21,0.0713105069661647,8.82113303927845,0.00591958254888758,0,1.34400211546105,0.634504729573031,IV,Government,COG,Congo - Brazzaville
2280,7,0.0170279875287174,8.18397154863009,0.00253503343685835,0,0.398328203892799,0.28187896982898,II,Government,ETH,Ethiopia
2281,5,0.0479110065379693,7.70743572464728,0.0152017865495098,0,2.82436911757438,0.367224096888999,II,Government,ETH,Ethiopia
2340,9,0.0292717116406185,9.54782200606163,0.0326280173227615,0,3.78940408758271,0.556249270572798,II,Government,TGO,Togo
2499,11,0.112000450724228,9.36250885514382,0.00883400619439439,0,2.67914475292529,0.0886498073730013,VI,Government,ECU,Ecuador
2572,5,0.0105776522777348,9.15016271177081,0.140464373614626,0,6.20185674271486,0.631763058216079,Not reported,Not reported,AUS,Australia
2606,9,0.058994914825023,8.6458211896083,0.473038304033766,0,7.38169287070582,0.342426761831904,Ib,Government,AUS,Australia
3012,52,0.533024978491197,9.75641024585201,0.00714248866624757,0,2.96116091263591,0.076715393378982,Not reported,Not reported,CMR,Cameroon
3014,24,0.109415996978414,9.56323378191882,0.0340561866494168,0,3.13539062056223,0.206304507741023,Not reported,Not reported,CHN,China
3036,12,0.0860681040849369,8.48739182254529,0.246525433864917,0,6.89887321651262,0.777328177504571,Not reported,Not reported,JPN,Japan
3051,12,0.0631206857746745,7.83168663243113,0.0303666064947191,0,4.86342906316982,0.471911152920968,Not reported,Not reported,UGA,Uganda
3066,22,0.0954436069151885,8.14296455827479,0.00501401167901716,0,0.264161396189061,0.274468332552437,IV,Not reported,AGO,Angola
3092,7,0.0376908401277492,5.28898721088201,0.620905245454714,0,7.89963867561566,0.446798398185813,V,Government,JPN,Japan
3095,5,0.0293522119019304,5.90306354485863,0.608207948814482,0,8.78040799688989,0.649607148939475,V,Government,JPN,Japan
3108,9,0.0687833784932186,8.7718444365745,0.135198566638344,0,5.33298641427373,0.56569227369693,II,Government,JPN,Japan
3109,14,0.0975323569995903,8.02813071829048,0.197148630693021,0,6.32544008510758,0.396474571740947,II,Government,JPN,Japan
3149,6,0.0567792950846592,8.05712268311242,0.0344759563084639,0,4.91483211175127,0.490774429220061,Ia,Government,MYS,Malaysia
3237,17,0.158721967343608,8.21670161720927,0.0933962199036482,0,5.23324522361606,0.461314356762551,II,Government,IDN,Indonesia
3266,11,0.0706017479331515,6.82441980725715,0.32664869500558,0,6.91007122890939,0.564564368735186,V,Government,JPN,Japan
3275,9,0.0554887088349199,4.97714022471816,0.314976028377746,0,5.34671233511404,0.805683486686834,V,Government,JPN,Japan
3370,14,0.13575929379993,9.46863057864384,0.0263102708620314,0,6.12607694092769,0.236549857445767,VI,Government,PER,Peru
3468,6,0.0495740500991801,6.76017125709199,0.0502281911584347,0,3.41011644605942,0.514008527503196,Ia,Government,MYS,Malaysia
3702,6,0.0561173005261024,8.15933628377099,0.0200388800961211,0,2.70812780684729,0.537467001079901,VI,Government,MYS,Malaysia
4081,20,0.0356582124402549,7.72178944351508,0.00808476546473985,0,0.548817388217468,0.207059860272881,VI,Shared governance,ZMB,Zambia
4082,31,0.124489628507559,9.25991947863131,0.00518287116576548,0,0.291034392476972,0.190228701041427,VI,Shared governance,ZMB,Zambia
4083,14,0.0766814125217316,9.71334194277803,0.00433369761919626,0,0.354657782053791,0.102857215796608,VI,Shared governance,ZMB,Zambia
4084,35,0.200731480193859,9.63023610631958,0.00384983434225019,0,0.472699738874188,0.362453658118518,VI,Shared governance,ZMB,Zambia
4085,28,0.195695442464239,9.76074535264063,0.00529707696526003,0,0.63934026919416,0.2228078178603,VI,Shared governance,ZMB,Zambia
4087,72,0.392621683395034,9.64681020114679,0.00404815220294739,0,0.097856271573242,0.229786270463004,VI,Shared governance,ZMB,Zambia
4093,5,0.0141849129203239,5.49658801642448,0.00914714979462497,0,0.546416067822566,0.155919060608918,VI,Shared governance,ZMB,Zambia
4094,19,0.0621427973924278,8.25077184821199,0.0124555948735986,0,1.08067186485081,0.0603866613534441,VI,Shared governance,ZMB,Zambia
4095,29,0.0772005191207701,8.91911517342953,0.00898028351534724,0,0.460282559277555,0.296707233767566,VI,Shared governance,ZMB,Zambia
4097,24,0.0733646154573202,9.69043042421459,0.00666449598960608,0,0.241384255589684,0.359806477499917,VI,Shared governance,ZMB,Zambia
4098,16,0.0484441872240413,9.60117617711382,0.00535070842955881,0,0.445597530393126,0.381716095934499,VI,Shared governance,ZMB,Zambia
4099,7,0.0222031881081741,8.8863673353147,0.00792581220099398,0,0,0.501080165444963,VI,Shared governance,ZMB,Zambia
4100,21,0.0609612855952913,8.74682430782836,0.0129688300643842,0,1.64750178596591,0.159505988390913,VI,Shared governance,ZMB,Zambia
4101,11,0.0335685472120253,8.03942579577917,0.00740711616231865,0,0.336608310823516,0.204307217262683,VI,Shared governance,ZMB,Zambia
4102,76,0.261476252567376,9.1941991710423,0.00673481071517434,0,0.520627262625848,0.381491350573667,VI,Shared governance,ZMB,Zambia
4103,5,0.0227358958941472,8.24945147423294,0.00567288543397742,0,0.306291890356721,0.226632140792365,VI,Shared governance,ZMB,Zambia
4104,14,0.0609083475090963,9.7363112503169,0.00381700934439086,0,0.733106344319779,0.180483435886022,VI,Shared governance,ZMB,Zambia
4105,22,0.0782511561552713,7.69959077945751,0.0177437890258392,0,1.94038055797753,0.60508868405631,VI,Shared governance,ZMB,Zambia
4106,11,0.0455821098201706,9.02354077649517,0.00833876297575318,0,0.804277859615342,0.744448417177814,VI,Shared governance,ZMB,Zambia
4108,6,0.0184350932237883,7.08114684237729,0.00712890491589152,0,0,0.273629576064393,VI,Shared governance,ZMB,Zambia
4110,19,0.0833778393391584,8.71882988553571,0.0130712783634617,0,1.84940011062078,0.239866551580647,VI,Shared governance,ZMB,Zambia
4111,15,0.0625043270887673,9.49281687316414,0.00535887770958889,0,0,0.197239800499552,VI,Shared governance,ZMB,Zambia
4162,24,0.0742800091907582,9.9967445500868,0.0210911021933758,0,0.43994396222871,0.490073951348593,Ib,Government,CAN,Canada
4166,16,0.0983294231020826,9.30416518172949,0.331360981613265,0,5.06412620559527,0.0659146502867117,II,Government,CAN,Canada
4168,10,0.0352307243207198,9.27678136668342,0.159869147733198,0,2.79724172313232,0.302594575849751,II,Government,CAN,Canada
4170,5,0.0149808996628711,7.93026959778629,0.0535838979115111,0,1.46770826774402,0.736740173307906,II,Government,CAN,Canada
4176,68,0.219936393456713,9.96498976599432,0.0165990408260779,0,0.71994397380027,0.664320517904776,II,Government,CAN,Canada
4177,46,0.201297977741535,9.592586806976,0.139761502209455,0,2.99057268051918,0.124979606673373,II,Government,CAN,Canada
4178,8,0.0221907651226772,9.96188059272406,0.0546236103772994,0,2.74166924278895,0.274566294939863,II,Government,CAN,Canada
4179,12,0.0378158265470836,9.45403465113375,0.202272414440204,0,4.44897911507835,0.689507057540864,II,Government,CAN,Canada
4180,7,0.0184924659302899,9.97225519170187,0.0185216619938752,0,0.648649818133249,0.310703770962968,Ib,Government,CAN,Canada
4181,28,0.104980275312208,9.32027282967303,0.0341960239342601,0,1.89223424771969,0.417497655759123,Ib,Government,CAN,Canada
4183,5,0.0154723528588307,9.98721362659578,0.0334061726243991,0,2.83433611521812,0.744268960965792,Ib,Government,CAN,Canada
4184,7,0.0214781905008551,9.57465730888683,0.166422694569997,0,4.48864902696137,0.260724605702718,II,Government,CAN,Canada
4200,29,0.180298839029073,9.64937746491545,0.0998888006078839,0,3.10880300388783,0.452701482952628,Not reported,Community/Indigenous,PNG,Papua New Guinea
4325,8,0.0463532548286288,7.27470703271523,0.578080824591638,0,7.74916373431315,0.738017558395162,Not reported,Not reported,USA,United States
4327,56,0.338930712276494,9.61118603828775,0.0063434442812206,0,1.62708681493683,0.328311840673501,Not reported,Not reported,COD,Congo - Kinshasa
4652,5,0.0128911520896184,8.91340398369419,0.0675214101942433,0,5.00929115234561,0.49162988529458,II,Shared governance,MOZ,Mozambique
4840,12,0.0497542657413447,7.49356734501244,0.867089980873781,0,8.56562781154194,0.966871720088021,V,Government,ESP,Spain
4904,28,0.206825267586083,7.57972426029292,0.109921803368138,0,6.32211219334662,0.53698930100256,II,Government,BRA,Brazil
5000,9,0.0485213480803357,9.23043376158668,0.291152318680616,0,6.48089524471275,0.697091401065686,Not reported,Not reported,AUS,Australia
5005,101,0.497145552972551,9.49668003919411,0.00328374792528516,0,0.877156384334471,0.412201230012866,Not reported,Not reported,TZA,Tanzania
5066,9,0.0566619005204264,9.07802356171369,0.127527878812967,0,5.16139636449124,0.564610049940753,II,Government,BTN,Bhutan
5081,13,0.0298635453250546,8.07677444695752,0.00601647428741488,0,0.70460941248742,0.695264901337331,II,Not reported,AGO,Angola
5083,14,0.114442310047576,4.57702891755638,0.186762460665726,0,8.52748267688088,0.760159302848111,Not reported,Not reported,CRI,Costa Rica
5118,12,0.0727006705294325,8.99140696414605,0.0573027514893846,0,2.96678281028436,0.734357365388535,II,Government,THA,Thailand
5126,28,0.272238676689613,9.61579591251633,0.00121305636183887,0,0.433085218357055,0.454592926433807,Ia,Government,BRA,Brazil
5188,7,0.0167552126446145,9.66242067371699,0.0201928008217746,0,2.01142896372929,0.343886009486585,Not reported,Government,CIV,Côte d’Ivoire
5196,71,0.438503780850066,7.36529840071977,0.110453420630753,0,4.48928628404923,0.984749247490528,Not reported,Not reported,CHL,Chile
5394,9,0.0521246998776255,8.83790902878128,0.716181677878609,0,8.44606438283592,0.190324506908325,II,Government,MEX,Mexico
6010,7,0.0313221930465196,5.72787612431574,0.334352244979538,0,6.19901839996389,0.46400361468493,IV,Government,ITA,Italy
6258,9,0.0461222493287195,2.67238637921412,0.886760607922943,0,8.82444280862595,0.562991901947197,V,Government,FRA,France
6259,5,0.012477960574328,3.98329706514949,0.869314254909523,0,8.7357224519021,0.418075129574144,V,Government,FRA,France
6260,16,0.0594450903254803,2.41314243058131,0.780043328204282,0,10.0769661438447,0.758118936673256,V,Government,FRA,France
6307,7,0.0282493494035624,4.88285236207635,0.873543612030343,0,9.07541188170082,0.285023077332827,V,Government,FRA,France
6308,19,0.0545725977727341,2.44996541051462,0.792608393447829,0,10.4103103797228,0.900514913762866,V,Government,FRA,France
6313,6,0.0289830283307419,4.68521653280118,0.692306769718285,0,10.5008436204162,0.741392499665065,V,Government,FRA,France
6927,5,0.0178756921248586,4.88678699151523,0.471771830200273,0,7.78061440032563,0.589485798751907,V,Government,SWE,Sweden
6956,12,0.0344388715320149,9.41424456972849,0.0704170234216976,0,6.34503260187673,0.56345646933828,Not reported,Not reported,BEN,Benin
7403,5,0.0162665134862305,7.30724710335185,0.00269063434264337,0,0.261112580761787,0.462711695448191,IV,Government,ETH,Ethiopia
7409,12,0.0848260854126598,9.56276789354102,0.0211229240300787,0,3.73327999826054,0.197307449661336,Not reported,Government,LBR,Liberia
7417,5,0.0210930324999955,8.51254874649413,0.0307229234079541,0,1.88672864424566,0.599202503582761,II,Not reported,SLE,Sierra Leone
7425,116,1.36520947460378,9.84453513158393,0.00341755566168691,0,1.30119284462388,0.0666268472692182,Not reported,Not reported,COG,Congo - Brazzaville
7438,5,0.0167830458001509,9.74742282344311,0.00405955691069838,0,1.12194443463278,0.246696133815694,IV,Government,TZA,Tanzania
7461,20,0.184890407997302,9.35422505301184,0.00429640808017495,0,0.841356961175516,0.306672468189236,II,Government,PER,Peru
7465,8,0.0382088436634598,6.45495886616088,0.073236459264382,0,3.842810087684,0.362544399733936,Not reported,Government,NGA,Nigeria
7521,6,0.033566510452623,9.40203625236722,0.0212168091359555,0,2.77831575360669,0.276623501845624,II,Government,TZA,Tanzania
7873,31,0.144981442457032,9.5583321054833,0.00813795939469613,0,0.913000595203806,0.375779904263619,II,Government,NGA,Nigeria
7912,10,0.0836707527888587,9.61094835113218,0.0608512269109755,0,7.25888482391741,0.379590349992361,II,Government,ECU,Ecuador
7938,10,0.0340003330523291,6.82225040506302,0.00712370275979021,0,0.606082462331354,0.170835644716153,IV,Government,MOZ,Mozambique
7962,19,0.0556667101201969,9.10880640311957,0.00587121572566446,0,0.320774943585973,0.545786207518013,II,Government,ZMB,Zambia
7996,9,0.0591022900130569,9.03343420344651,0.051437958216893,0,3.03612245312618,0.625415971721223,II,Government,BTN,Bhutan
8027,9,0.0525645371108918,7.45656586054721,0.0725749666367386,0,3.15853282403264,0.481314992005325,II,Government,MMR,Myanmar (Burma)
8067,22,0.205079652051715,9.27567229934962,0.06401238341131,0,0.863837350136433,0.255937218654911,Ia,Government,IDN,Indonesia
8068,7,0.0783823267369648,9.75166842431977,0.0338740387758433,0,0.79061533260309,0.245998073527115,Ia,Government,IDN,Indonesia
8073,64,0.672057885512151,8.96837484494642,0.0276550332328795,0,0.708142677603582,0.234733558992389,Not reported,Government,IDN,Indonesia
8074,141,1.42952987142306,9.77055982683705,0.0107834715664654,0,0.694660538493479,0.21317473676121,Not reported,Government,IDN,Indonesia
8101,5,0.0411929016745436,9.17590866485775,0.0638993810182596,0,4.00384000101725,0.277641267972371,Ia,Government,IDN,Indonesia
8103,29,0.290364324944473,9.36084551760703,0.0191414502523564,0,1.76793371690253,0.163704140417846,IV,Government,IDN,Indonesia
8104,6,0.0568445091443351,8.95046854493574,0.136400314312154,0,5.83501052022448,0.382889292250441,Ia,Government,IDN,Indonesia
8106,9,0.0922010595523644,9.71142105870089,0.00593411050476415,0,0.0937148477035776,0.0898186053448896,Ia,Government,IDN,Indonesia
8114,5,0.0351514559666795,9.65805690382484,0.0152546164890795,0,2.58831559399176,0.185642487681327,Ia,Government,IDN,Indonesia
8117,9,0.0684851122321115,9.25070379562737,0.0663192510856467,0,2.20430975336871,0.273421906672953,Ia,Government,IDN,Indonesia
8552,6,0.0308719558063295,2.28653404418882,0.0357133055697707,0,2.25753350001169,0.558143908591675,IV,Government,IDN,Indonesia
8673,73,0.771172866456178,9.78555992338961,0.00346448017742087,0,0.85112139325006,0.176268612575535,II,Government,IDN,Indonesia
8795,9,0.0912934417062491,8.81921691523534,0.037373366139976,0,3.98788944408481,0.416770732959113,Ia,Government,MYS,Malaysia
8796,5,0.0314744207792103,6.67903191987414,0.0652203572607248,0,5.18569461542368,0.489251549147251,II,Government,MYS,Malaysia
8810,10,0.10511011048185,7.88356754437385,0.0176030429517322,0,4.20590615527855,0.289161705434474,Ia,Government,MYS,Malaysia
8841,5,0.0433549518533247,7.89645598654583,0.0281191194517159,0,1.24834740029426,0.467720027124181,Ia,Government,IDN,Indonesia
8877,7,0.0538818851833489,8.41458133473647,0.0388316412309762,0,2.27026772943301,0.371729242525128,IV,Government,IDN,Indonesia
8945,5,0.0471198773164255,9.54314265971185,0.0288200711389687,0,3.29735990617381,0.137336419879672,Ia,Government,IDN,Indonesia
8950,11,0.107757092397102,8.48255730083858,0.018579500689985,0,2.15234060462774,0.503703788453817,IV,Government,IDN,Indonesia
8953,5,0.045341557311378,5.61678341352672,0.00802123702785471,0,0.215301010366841,0.562632659989624,IV,Government,IDN,Indonesia
9035,45,0.198753115250638,8.14930407414271,0.00786812103989025,0,1.1575342530461,0.517471742444537,V,Government,MOZ,Mozambique
9170,8,0.0570287372479853,8.78390864875676,0.0358334494259226,0,2.26584788623249,0.569418453259117,Not reported,Government,LBR,Liberia
9171,7,0.0633634494263781,8.94698347812867,0.0226060800699465,0,2.57383890968522,0.417336256195752,Not reported,Government,LBR,Liberia
9301,6,0.0553031121088619,9.5507498760764,0.0185648701288646,0,0.885680140190098,0.31981973128136,Ia,Government,IDN,Indonesia
9400,38,0.413340001007348,9.31832534525551,0.0042425506588892,0,1.5720706648916,0.119893539170028,II,Government,COL,Colombia
9409,10,0.0424711386283302,2.65237206977266,0.7065672212494,0,9.30021449538123,0.311339084507856,V,Government,AUT,Austria
9424,13,0.0481898389542412,9.39965157149477,0.017291665835617,0,2.80350901547726,0.66150577704787,Not reported,Not reported,CHL,Chile
9445,65,0.266661333794035,9.99154625365734,0.00489691810198078,0,0.498970803191763,0.671842176195891,Not reported,Not reported,CHL,Chile
9452,16,0.0427151162106163,9.99286106753702,0.00552308038317553,0,0.0683205164441834,0.39683110549824,Not reported,Not reported,CHL,Chile
9779,42,0.424168755689053,8.75514525768144,0.023672619730503,0,3.53062312276077,0.292722902792057,Not reported,Government,BOL,Bolivia
9784,10,0.0599542232864104,8.93228281120677,0.0370739761426458,0,2.44045305010421,0.666744114174632,Ia,Government,THA,Thailand
10089,5,0.0247154113102414,8.62537973222208,0.110677608011658,0,4.13267212073764,0.557044299823361,IV,Government,NPL,Nepal
10091,7,0.0209615368698582,7.55331250601974,0.166882026553056,0,4.810250211342,0.893258637902834,VI,Private/non-profit,NPL,Nepal
10132,18,0.152233957380767,8.18367848007098,0.021180652456192,0,0.93197179041956,0.606138128960726,VI,Government,LAO,Laos
10192,13,0.0863401697621723,7.05018437809055,0.0403930904352529,0,1.76729416421572,0.664680599982658,VI,Government,LAO,Laos
10290,16,0.149890051472108,8.31109818803792,0.028214923088112,0,1.80666829585755,0.490335989014982,III,Government,IDN,Indonesia
10320,5,0.0326013163650412,2.14525777727664,0.0175958878094312,0,0.593025866913561,0.751766526365587,IV,Government,IDN,Indonesia
10380,7,0.0568407933811498,8.71222548077218,0.0742927486997562,0,3.82132979507795,0.458035490357625,II,Government,VNM,Vietnam
10700,12,0.012871655328999,9.99642553500569,0.00964258409825843,0,1.6774737177974,0.230531536166428,Not reported,Not reported,CHL,Chile
10707,11,0.034980106819567,6.81198780090649,0.327675254520077,0,6.97112456442201,0.689915754929499,Not reported,Not reported,CHL,Chile
10714,5,0.020572593501109,6.51795472694751,0.112808832709738,0,3.93403400757436,0.0505250874788817,Not reported,Shared governance,RUS,Russia
10718,81,0.307224867542639,9.45806986512782,0.00270502796875654,0,1.87113031535602,0.111547772461709,Not reported,Shared governance,RUS,Russia
10719,11,0.0253628726199273,9.60655167400526,0.00258518742240735,0,2.81263658124267,0.753548190016307,Not reported,Shared governance,RUS,Russia
10736,10,0.0259120966801304,9.94927684945612,0.00159096926935687,0,0.0765687283424224,0.165640303297612,VI,Government,SSD,South Sudan
10737,6,0.0394152120006456,9.51560535117479,0.00485549568343458,0,0.124445178879716,0.468330078820367,II,Government,SSD,South Sudan
10772,24,0.215915473895621,8.74524047151142,0.013181297973086,0,2.37045877834272,0.505054208586988,VI,Shared governance,VEN,Venezuela
10775,15,0.144184279194951,8.58358676581936,0.0518400568945035,0,4.31279513104457,0.676041151587497,VI,Government,VEN,Venezuela
10779,57,0.620101577919458,9.3033948521497,0.00723863021848312,0,1.36367154977699,0.250889933122723,VI,Government,VEN,Venezuela
10780,81,0.903508284981953,9.51283552889756,0.00452910449650585,0,1.60972239992257,0.335488809244654,II,Government,VEN,Venezuela
10781,52,0.535281681797392,9.02481959237086,0.0273955071166056,0,3.30214085530149,0.499827383718412,VI,Government,VEN,Venezuela
10782,6,0.0401772902633783,4.72573014077665,0.0145963860300981,0,0.479702115197737,0.941961294648061,VI,Government,VEN,Venezuela
10783,6,0.0296064690742144,4.92707483030221,0.0209974935216178,0,1.4079716789753,0.828993355882852,VI,Government,VEN,Venezuela
10786,5,0.041669182354735,8.78339135388468,0.021009820248609,0,1.5475324613167,0.381669770590876,VI,Government,VEN,Venezuela
10787,7,0.0700609011664676,9.43283110432595,0.00833647089705975,0,1.47941710148836,0.503613408744092,VI,Government,VEN,Venezuela
10795,15,0.147974618948767,4.59819095737459,0.00394224843714924,0,1.5582651572314,0.77073339858798,Ia,Government,BRA,Brazil
10801,88,0.96670782571384,9.89388456122276,0.00219016097652985,0,0.424986608530473,0.317960411210844,Not reported,Community/Indigenous,BRA,Brazil
10802,29,0.288973285691682,8.2856459989527,0.0139057472790482,0,2.91574513363835,0.270342719919721,VI,Government,BRA,Brazil
10803,20,0.207931626060602,9.87583665233277,0.00272379829585496,0,2.42446971134471,0.0401270879356867,VI,Government,BRA,Brazil
10815,11,0.093811573284143,8.49872194697553,0.0133572704850869,0,4.42855022489495,0.407647747219775,VI,Government,BRA,Brazil
10826,7,0.0605530947160243,9.68096391080694,0.00920801624316429,0,2.86960544005473,0.513836882025769,Ia,Government,BRA,Brazil
10830,17,0.184303216704959,9.97344872761072,0.00165900253358453,0,0.954922176188437,0.172860400505857,Ia,Government,BRA,Brazil
10845,15,0.16002366169064,9.85394141411736,0.00350289099156978,0,1.28827624247132,0.200354359382591,Ia,Government,BRA,Brazil
10902,441,1.55700697858767,9.83189284903907,0.0197241326658124,0,0.633793663021175,0.464564865610995,Not reported,Not reported,CAN,Canada
10903,11,0.120662088644517,8.44924265721145,0.0581211269828659,0,4.78868302365896,0.607728608898279,Not reported,Not reported,CRI;PAN,CRI;PAN
10906,306,3.67430775594531,9.70630510946116,0.00144448447693118,0,0.264027377708333,0.185720908712445,Not reported,Not reported,COD,Congo - Kinshasa
10907,12,0.0267286584146153,8.77555014488202,0.0400387930115934,0,2.92053842435366,0.407562097161311,Not reported,Not reported,ZWE,Zimbabwe
10908,18,0.0971153262236577,6.24094492082132,0.593611968950205,0,7.12732267852621,0.847052568585897,Not reported,Not reported,USA,United States
11597,8,0.0294992525580001,9.24142911635607,0.0094150699478206,0,0.746025765786463,0.869471139160926,IV,Government,NGA,Nigeria
11599,5,0.0112437712868187,5.86582397928474,0.0146312326942275,0,0.316949432915617,0.0571134036564301,Not reported,Government,NGA,Nigeria
11752,11,0.0676148594461629,9.4522820404381,0.0240275041083734,0,0.609054384547411,0.406900148789078,II,Government,MMR,Myanmar (Burma)
11873,39,0.417455376690488,9.77508072887916,0.0197211693480623,0,1.56720973192654,0.127274446785447,Ia,Government,IDN,Indonesia
12162,37,0.165693973627289,0.466444836400711,0.888981733202896,0,8.88521585105607,0.92016659726053,V,Government,FRA,France
12176,20,0.164175672116678,8.64609054568936,0.0281681248676824,0,2.13270359418556,0.217210413724027,VI,Government,LAO,Laos
12182,16,0.124497132236271,8.7379055442544,0.0204525916415235,0,0.57499542261892,0.486645133484277,VI,Government,LAO,Laos
12193,5,0.0442293394586923,9.94018969704277,0.00170436307423328,0,1.21624552484063,0.255513651776497,Not reported,Not reported,SUR,Suriname
12202,36,0.200278228307751,8.64376349461437,0.452362020860248,0,7.58057917800661,0.589050936051337,Not reported,Not reported,AUS,Australia
12213,10,0.0932040268509461,8.86358169005245,0.0504100851893951,0,7.26819586864114,0.36533770731435,II,Government,PER,Peru
12258,21,0.154525863908924,7.62221543012697,0.302733102029757,0,6.25006939041369,0.420878037119394,V,Government,JPN,Japan
12261,19,0.123994787100567,6.8712627396957,0.405127154830931,0,7.04163284188344,0.571292808048347,II,Government,JPN,Japan
12288,5,0.031029410163948,6.11865484740082,0.213031103131256,0,5.29579092092903,0.796337566217987,V,Government,JPN,Japan
12340,5,0.0163419456429471,2.13814373949279,0.798512100586906,0,11.1825496940515,0.251381581238511,V,Government,FRA,France
12396,27,0.109927418924477,1.87786917245977,0.828773878802481,0,9.71116274998893,0.551100323047009,V,Government,FRA,France
12397,21,0.100521330740198,4.46685444543453,0.832201339142553,0,10.0121177091014,0.695847234401013,V,Government,FRA,France
12463,6,0.0292736703917307,7.05070882289436,0.231766936245461,0,4.36376273141227,0.795358730977288,Not reported,Not reported,CUB,Cuba
12466,17,0.125473912102192,9.50733724657853,0.227725802115431,0,6.15242152263337,0.534244414812905,Not reported,Government,MEX,Mexico
12472,6,0.0578065843133814,7.67615374734235,0.00830842375305131,0,3.02296921538543,0.462508246816792,Not reported,Not reported,BOL,Bolivia
12684,6,0.050366805742974,8.4434155388579,0.0944225221127206,0,5.52160279369024,0.582167227915359,II,Government,PAN,Panama
13694,11,0.104860387142181,9.03844404151039,0.00829276283692839,0,2.15398257756179,0.150481620545306,Not reported,Government,COG,Congo - Brazzaville
13696,8,0.0563579127488169,3.14596993341053,0.296713570564934,0,8.9631246925789,0.893935646737241,Not reported,Not reported,CRI,Costa Rica
13755,8,0.0217911776010025,9.82616674501326,0.00526997078335474,0,0.99625574506781,0.102110576693364,VI,Government,ETH,Ethiopia
14089,7,0.0465705438430628,9.49685051819342,0.033589917496712,0,3.83248224474996,0.600958861752981,V,Government,SSD,South Sudan
15596,7,0.0339605358591192,4.53924529729823,0.350449581497588,0,5.71398671745138,0.68005090640846,II,Government,SRB,Serbia
16081,9,0.0581528843495079,6.81142150243564,0.0948717715427862,0,6.68340170219336,0.554046950150558,II,Government,BRA,Brazil
16105,5,0.034929500080143,6.10819541792249,0.338886721206779,0,7.08196831210171,0.572788306921265,V,Government,BRA,Brazil
16379,6,0.0210939813840404,9.88595032882438,0.207300637289491,0,5.61423972869305,0.435054790204852,II,Government,CAN,Canada
16792,90,0.326192407175794,9.84701799155042,0.00459524929637331,0,1.9186062872152,0.392035259847773,Not reported,Not reported,CAF,Central African Republic
16846,9,0.0407633262521752,9.54417625902368,0.0102093867458197,0,1.79970532901969,0.441274174665629,II,Government,ARG,Argentina
17185,8,0.0670376889840654,7.30949354388794,0.0772916903054802,0,5.9727552915457,0.629148952240366,V,Government,PAN,Panama
17757,35,0.221294999381862,8.7688440351763,0.413158267671067,0,7.3254789963002,0.672140538774845,Not reported,Not reported,AUS,Australia
17923,6,0.0289782400900598,5.74548708925645,0.0432856410307069,0,1.66136412494561,0.647262442736336,II,Government,IDN,Indonesia
17972,13,0.13274216586542,9.23148641218639,0.0156563373750651,0,1.82558291011805,0.39543610182516,II,Government,IDN,Indonesia
18243,11,0.0653907972764725,8.71217913743666,0.0890407246603262,0,2.07468003570333,0.120751721870035,Ib,Government,CAN,Canada
18440,36,0.192456181379948,9.16663071172473,0.00447223793345259,0,0.790979096517683,0.494407846610337,VI,Government,ETH,Ethiopia
18441,31,0.255230211944739,5.74084048106776,0.0165436188137533,0,1.77936301001739,0.724174238157409,VI,Government,ETH,Ethiopia
18445,14,0.0647417767797145,8.51517950132246,0.097428814824536,0,3.84955242864959,0.526359402943729,II,Government,THA,Thailand
18447,10,0.0573276338959047,7.80087889543163,0.129069306102496,0,4.16755785365263,0.704628529640659,II,Government,THA,Thailand
18480,7,0.0140659168899775,9.70262440427774,0.158354085633417,0,5.44789567898407,0.508759408303213,II,Government,CAN,Canada
18486,13,0.0550996751161708,9.35503629324785,0.0731525470824524,0,2.15430002337759,0.193080362048645,Ib,Government,CAN,Canada
18560,6,0.0322694460472305,9.50772268292574,0.354702258862119,0,4.25029187330047,0.230579619547711,Ib,Government,CAN,Canada
18561,60,0.250341427958621,9.84939229952984,0.0196296080886667,0,0.179263480318266,0.615081100167125,Ib,Government,CAN,Canada
18579,13,0.0438973285528826,9.8985796672369,0.0209859155397614,0,0.16476514715954,0.495805037786789,II,Government,CAN,Canada
18625,38,0.135190865826617,9.80609790610038,0.0991975155255358,0,3.1103055168127,0.198107542462222,Ib,Government,CAN,Canada
18638,6,0.016661240337165,9.9237297011669,0.0352282473399729,0,0.954312442441841,0.54301084530875,Ib,Government,CAN,Canada
18642,8,0.0280928462812659,9.67298625230389,0.0689451237078508,0,2.14666855367292,0.152532062157537,II,Government,CAN,Canada
18658,19,0.0653866017546579,9.86979324855671,0.0230983246480031,0,0.950959631559161,0.622334231265098,Ib,Government,CAN,Canada
18808,5,0.0306553280560546,6.11268989416359,0.0560352838933684,0,2.21256138486338,0.55127746123669,II,Government,HND,Honduras
18810,5,0.0315015166569793,6.11215991872781,0.10987914234877,0,4.91903036808082,0.678785067901739,II,Government,HND,Honduras
18866,10,0.0727481365956022,7.14604788623153,0.0213064565702018,0,0.61025716576269,0.462852085727224,VI,Government,LAO,Laos
18872,14,0.138785829988126,7.1010693181726,0.0121436574163074,0,0.917099450532247,0.210334084336453,VI,Government,LAO,Laos
18877,9,0.0504280663504339,8.87573825649104,0.0448276509769835,0,2.46243150405894,0.257592135221214,VI,Government,LAO,Laos
18887,9,0.0723683340410251,6.34933697879688,0.0509994269991596,0,3.99100659069757,0.269455360658055,VI,Government,LAO,Laos
18893,11,0.0556529608643705,7.39612303070113,0.0566598233238819,0,2.5411217487919,0.566465257004286,VI,Government,LAO,Laos
18896,14,0.126505707672358,8.10792603839285,0.0283038533008277,0,1.78688561537125,0.47091287476953,VI,Government,LAO,Laos
19178,5,0.0307021366520009,5.03048417399376,0.513682311029819,0,7.92483369600474,0.309873091734187,V,Government,AUT,Austria
19181,6,0.0338243240260192,4.463876181997,0.546057997874277,0,8.25052520527199,0.328825028784486,V,Government,AUT,Austria
19224,7,0.0328297186939415,4.35551442012893,0.690171565834018,0,9.07228252077649,0.690710724377245,V,Government,AUT,Austria
19275,18,0.205696772895301,9.32037906302791,0.00377956120246318,0,2.2313351784498,0.0908194992050855,II,Government,BRA,Brazil
19297,10,0.0719534468683046,9.41735765603013,0.023038815866805,0,5.28544753272807,0.501707457799521,II,Government,TZA,Tanzania
19447,10,0.0480059289770729,6.86503158573515,0.0623741426117549,0,7.2675689377482,0.622675315546214,II,Government,BRA,Brazil
19505,20,0.230500790125748,9.81703466403555,0.00113447686599852,0,0.257205830827339,0.216137151276222,Not reported,Community/Indigenous,BRA,Brazil
19506,5,0.0503618210327991,9.801953084738,0.00243882382670925,0,0.971123919710394,0.459897711096565,Not reported,Community/Indigenous,BRA,Brazil
19666,8,0.0448846544035304,8.76805670352136,0.117644175097259,0,4.54732279152752,0.561529457140393,II,Government,THA,Thailand
19667,7,0.036319958305912,8.77599421149087,0.0571135341382887,0,2.81016971894023,0.636359589150237,II,Government,THA,Thailand
19745,21,0.259094817561325,9.97670404228735,0.00151596772538634,0,1.79148668027045,0.0497832825146919,VI,Government,BRA,Brazil
19747,48,0.55394531860837,9.83251896135564,0.00073608355820401,0,0.254847010189229,0.096597660784686,VI,Government,BRA,Brazil
19769,57,0.550095889493003,9.75385030806542,0.00428576252550509,0,0.787459007391543,0.402713691848528,VI,Government,BRA,Brazil
19944,8,0.038195739091917,8.85138572030888,0.0692188895970688,0,1.93868983340722,0.389015204435508,II,Government,CAN,Canada
19950,6,0.0202031905716325,9.93092093310543,0.0206235341393078,0,0.605522992444509,0.802479538619695,II,Government,CAN,Canada
19951,5,0.0105462362157901,9.97186512438462,0.0329366978019678,0,0,0.450424347453204,II,Government,CAN,Canada
19984,357,4.24627208268816,9.91124430182771,0.00284419544961476,0,1.26684334880415,0.200087958413434,II,Government,COL,Colombia
19991,84,0.967807116002467,9.87710903163737,0.00197874456923948,0,0.993161366747683,0.275782728922947,Ia,Government,COL,Colombia
19992,71,0.810107073764799,9.74374466964231,0.00235202886821955,0,0.721950124699013,0.241753990455628,Ia,Government,COL,Colombia
19993,10,0.103114178979881,7.97282482116265,0.00875980252933963,0,0.896630112404174,0.548297947917918,II,Government,COL,Colombia
19995,7,0.0808542912942873,6.15444478872577,0.00989314128180227,0,3.64384420751537,0.494957571345866,II,Government,COL,Colombia
20002,40,0.453118463161692,9.98353837080284,0.0038129952590908,0,2.39457618726807,0.0754283113067923,II,Government,COL,Colombia
20037,53,0.537962857684162,8.566973734246,0.0297519558923856,0,4.02022175183385,0.372780917598819,Not reported,Government,BOL,Bolivia
20041,13,0.121392539526499,9.32794911836702,0.0228585717292631,0,2.54688253374127,0.498855879986042,Not reported,Government,BOL,Bolivia
20058,8,0.0626755196177274,9.56650935739923,0.0264357955107877,0,4.6489512488722,0.369976242079719,II,Government,CMR,Cameroon
20067,29,0.184313130755653,5.75995341261115,0.0327363000699052,0,2.09886017524594,0.659043839342528,VI,Government,VEN,Venezuela
20068,9,0.0395381688090504,5.04428776886582,0.0502402921806106,0,3.07467889969769,0.647301006287337,VI,Government,VEN,Venezuela
20069,8,0.0338486220131448,7.87161782782248,0.0328483047878797,0,2.51312521237753,0.745149800244327,VI,Government,VEN,Venezuela
20070,27,0.206205462971457,7.36234627104342,0.0733136665797405,0,3.76556582840073,0.65302183452378,VI,Government,VEN,Venezuela
20076,9,0.0447528463604714,5.42192408326653,0.0175544912068442,0,0.744939808551461,0.555177952191096,VI,Government,VEN,Venezuela
20077,27,0.187855675344087,7.48189917726495,0.0919907130308082,0,3.72606305033909,0.650354834776435,VI,Government,VEN,Venezuela
20081,7,0.0395469216281848,7.3147360095026,0.118383344798492,0,4.78065932940919,0.840998714889128,VI,Government,VEN,Venezuela
20088,11,0.079611938091318,7.3541749258182,0.103760626652098,0,4.22280783494008,0.88822895883844,VI,Shared governance,VEN,Venezuela
20166,38,0.271438485389415,9.82791295145662,0.00814943521579977,0,1.26489338987127,0.165456413055476,II,Government,CMR,Cameroon
20178,6,0.0424877005160942,8.98607958237997,0.0316809951433953,0,3.04143789250416,0.499360476695831,III,Government,PER,Peru
20182,12,0.108179254791379,8.70567954106453,0.0167060697414807,0,3.94189813679311,0.280725904202416,VI,Government,PER,Peru
20183,18,0.154160057881876,8.69836873040072,0.024304293341766,0,2.66967272409228,0.37644773399945,VI,Government,PER,Peru
20186,14,0.12814381253626,9.63023271844914,0.00590676295495842,0,2.16924958761422,0.30597240898686,III,Government,PER,Peru
20224,5,0.0371782840467428,7.91537471328532,0.165136531121563,0,5.05954078280758,0.469463794288239,IV,Not reported,BLZ,Belize
20267,14,0.142743101571231,9.52728229377801,0.0366291295925154,0,5.63558858342142,0.163265411418296,II,Not reported,GNQ,Equatorial Guinea
20268,6,0.0539231565098251,8.96207323100856,0.012844490413538,0,1.52465265444448,0.214484702865678,II,Not reported,GNQ,Equatorial Guinea
20272,19,0.120875476680069,6.05154328239365,0.0326641348642208,0,2.38526022368958,0.647639323163887,II,Government,MDG,Madagascar
20295,7,0.0152933919156037,9.68600069002638,0.00338710818130937,0,1.11105901935527,0.376515002431629,II,Shared governance,MOZ,Mozambique
20299,17,0.120892813143261,8.69759323623802,0.0305280020099005,0,3.71613946609011,0.483426551422048,II,Government,NGA,Nigeria
20324,294,2.62119310219949,9.26153477865278,0.00229196264644827,0,0.39028040431995,0.19227688332594,VI,Not reported,COD,Congo - Kinshasa
20327,19,0.127595678538369,7.5565607215479,0.008410288906172,0,1.30503605609022,0.220079305516753,VI,Government,COD,Congo - Kinshasa
20330,11,0.0988203283812811,7.5900138970019,0.00486165301836513,0,0.705089188268808,0.461235715144871,VI,Not reported,COD,Congo - Kinshasa
20445,5,0.0250318619153012,9.02184676829549,0.0590805922967667,0,2.05941657273301,0.679056027639369,II,Government,BTN,Bhutan
20642,32,0.165548564874333,4.08775871411917,0.877309457737438,0,9.3807280460307,0.603473846064768,V,Government,FRA,France
21217,8,0.0727196686346897,8.06621809892381,0.0543333003505421,0,5.36705775224146,0.477876826803821,II,Government,ARG,Argentina
21860,5,0.0335695908964081,9.17478970788391,0.284756107167011,0,5.79764918721919,0.0439667496673997,V,Government,USA,United States
26620,6,0.016363804878812,3.67694970921583,0.420652611977973,0,3.54397851809891,0.73569239053792,Not reported,Not reported,DZA,Algeria
26621,73,0.647976758878458,3.74659305805205,0.108653440092378,0,3.06361935510489,0.698150055266381,Not reported,Shared governance,GTM,Guatemala
26625,14,0.0399443914450724,9.60449683642768,0.033087205023751,0,2.14470271617899,0.522172162479979,II,Government,NGA,Nigeria
26653,34,0.104634709034243,7.3417916127149,0.0407332074833791,0,4.45113124266301,0.2646201560895,Not reported,Not reported,MDG,Madagascar
26689,127,0.434440516562454,8.91048178658572,0.253120231603293,0,4.5849962612352,0.226961195484249,Not reported,Not reported,CAN,Canada
26732,18,0.0764910987679353,6.48776236023553,0.00925954106782218,0,0.708345082887808,0.359372029758029,Not reported,Not reported,ZMB,Zambia
26938,6,0.0315895908449849,9.12503364019458,0.0068095434092327,0,0.863831690406061,0.0694993820364922,Not reported,Not reported,ZMB,Zambia
26940,17,0.076069020537423,5.64057072765193,0.0136350306251592,0,1.83090034180718,0.448673979488018,Not reported,Not reported,ZMB,Zambia
26946,9,0.0301093908764206,8.28778011736036,0.0110445465785109,0,0.789316966267639,0.549096221808292,Not reported,Not reported,ZMB,Zambia
26965,5,0.0242582452071573,9.30826874330151,0.00479544795729672,0,0.637112913183136,0.143786935724157,Not reported,Not reported,ZMB,Zambia
26967,16,0.0930786841009986,9.82028910503409,0.00354300871426716,0,0.638028147551301,0.144098472411583,Not reported,Not reported,ZMB,Zambia
26977,5,0.0236587524045627,7.22927505016261,0.0156159213625826,0,1.46123973900708,0.220828434842957,Not reported,Not reported,ZMB,Zambia
26984,5,0.0281527880858359,9.17055471186324,0.00499379870273682,0,1.35485718925401,0.0815486281677735,Not reported,Not reported,ZMB,Zambia
26994,18,0.0881771282886476,9.62385900007829,0.00510105410442459,0,0.686204591482557,0.258314055978438,Not reported,Not reported,ZMB,Zambia
27020,7,0.0240646357626088,8.5704314135196,0.00546506441662114,0,0.108406548836454,0.860461158221892,Not reported,Not reported,ZMB,Zambia
27089,6,0.0240160649738869,8.07312729989295,0.0064726284021265,0,0.350631278661029,0.0723400532381894,Not reported,Not reported,ZMB,Zambia
27097,8,0.0410215956641166,6.31539402291689,0.00764522577834766,0,0.589660236065414,0.358491810586232,Not reported,Not reported,ZMB,Zambia
27158,12,0.0860169631604012,9.44655840938297,0.10210753075814,0,3.56072743487024,0.790737000297722,Not reported,Not reported,CHN,China
28844,22,0.228647270359331,9.43592845908319,0.0423753894541726,0,5.04884154596915,0.0764116789079144,Not reported,Government,GAB,Gabon
29066,8,0.0543608777858984,6.34019839389374,0.0697175501233164,0,4.54245072899515,0.59426540362228,Not reported,Not reported,GIN,Guinea
29074,11,0.0415763224500948,7.14502594678688,0.00761538208509272,0,1.37425820623719,0.760692344528625,Not reported,Not reported,ETH,Ethiopia
29083,24,0.157944296875938,9.32747944462274,0.00433984523921662,0,1.25414484170846,0.254556433271277,Not reported,Not reported,ETH,Ethiopia
29084,6,0.0585260333260191,7.05348981312612,0.0218677701765814,0,2.98567424559439,0.685457882628519,Not reported,Not reported,ETH,Ethiopia
29086,19,0.131505141614147,7.07846349814139,0.0200748605582967,0,1.77505901627721,0.690069050493604,Not reported,Not reported,ETH,Ethiopia
29088,10,0.0589123284450946,7.08340554086156,0.0271441988578874,0,3.79911479277339,0.850291491610197,Not reported,Not reported,ETH,Ethiopia
29089,5,0.023754469972004,4.24379667575524,0.0161272295006795,0,1.88993016315439,0.754612541221385,Not reported,Not reported,ETH,Ethiopia
29090,5,0.025698723603723,5.34250906883038,0.0114706427188374,0,0.96504781667305,0.558063507944709,Not reported,Not reported,ETH,Ethiopia
29091,7,0.0627785450875131,8.77058280379357,0.00567856396668377,0,2.1662376911028,0.57821713994199,Not reported,Not reported,ETH,Ethiopia
29092,19,0.183990360055298,9.0120092499613,0.00473918980526821,0,0.767838661454851,0.501870113760314,Not reported,Not reported,ETH,Ethiopia
29104,6,0.0220755261199994,5.54079183980891,0.0137908134005339,0,2.7181338480721,0.693801887506542,Not reported,Not reported,ETH,Ethiopia
29105,15,0.0720937203112656,6.63915902863633,0.0219127027344723,0,2.40638691494824,0.736318009726833,Not reported,Not reported,ETH,Ethiopia
29109,12,0.0712873790903558,7.50627441445088,0.0168628582127368,0,1.5321506365681,0.3846375240193,Not reported,Not reported,ETH,Ethiopia
29118,5,0.0202382372927746,7.52933610503228,0.0173519712534258,0,2.57427072211526,0.487232748731575,Not reported,Not reported,ETH,Ethiopia
29119,15,0.106197130522034,7.15535139661839,0.0191680963026584,0,2.06383646111978,0.524548696417974,Not reported,Not reported,ETH,Ethiopia
29120,5,0.0403156401706165,7.40263117438502,0.00937969830044518,0,2.05374419933701,0.600292997306225,Not reported,Not reported,ETH,Ethiopia
29421,5,0.0198715612815187,9.38470297658774,0.0132493066178871,0,0.939289741639799,0.747154139752997,Not reported,Not reported,GIN,Guinea
29496,10,0.0549569590481075,3.48356327217974,0.0274085340110928,0,1.60192850941609,0.655488719140763,Not reported,Not reported,CIV,Côte d’Ivoire
29504,7,0.0328406415390881,1.33910342463684,0.0276086346984084,0,0.758739181263537,0.767187921124313,Not reported,Not reported,CIV,Côte d’Ivoire
29583,5,0.0195627700469884,2.86343530229861,0.04059798283397,0,1.66621892668489,0.744414608385094,Not reported,Not reported,CIV,Côte d’Ivoire
29596,10,0.0546732061244781,3.3524602533046,0.035065178273103,0,1.3560051351917,0.901288764422451,Not reported,Not reported,CIV,Côte d’Ivoire
29629,8,0.0309341245906748,2.24349843661801,0.0506959085958656,0,2.40961490519399,0.636855282279864,Not reported,Not reported,CIV,Côte d’Ivoire
29635,7,0.0349276847793068,2.78392715456426,0.0433413766023565,0,2.86273845914579,0.835511055300874,Not reported,Not reported,CIV,Côte d’Ivoire
29636,8,0.047883217986324,2.48398751159219,0.0222065344991283,0,1.31973235612206,0.950675754779318,Not reported,Not reported,CIV,Côte d’Ivoire
29638,12,0.0609344912608752,4.43760236004325,0.0192206456169109,0,0.22138575015719,0.922298078700974,Not reported,Not reported,CIV,Côte d’Ivoire
29685,51,0.582770407745759,9.56519025547842,0.00138952532098952,0,0.454405669802674,0.323986506073916,VI,Not reported,COD,Congo - Kinshasa
30028,11,0.103293625556868,9.85931815903449,0.00752653269698842,0,1.24448491737757,0.379189990583984,VI,Government,VEN,Venezuela
30029,135,1.62878978039015,9.80003504854367,0.00218985200241964,0,1.53778222403618,0.256392777528175,VI,Government,VEN,Venezuela
30605,8,0.0770526962220734,5.57889638789779,0.109838213715801,0,3.83725722072673,0.48166146798019,II,Private/non-profit,GTM,Guatemala
30618,25,0.179041518087397,1.8048540924668,0.108875810223858,0,2.80032722453489,0.828203966050877,II,Government,GTM,Guatemala
30659,9,0.0302832159506811,6.37544493608424,0.0174104633970173,0,1.12892266117038,0.580996217270883,VI,Government,VEN,Venezuela
30660,13,0.0373814340188669,7.56372775981474,0.0214654995099761,0,0.846444453160712,0.2503719909751,VI,Government,VEN,Venezuela
30674,26,0.27849407346243,9.99191697820733,0.00117955235374813,0,0.212829728933187,0.00928017124847176,II,Government,CMR,Cameroon
31259,8,0.0595837214478488,8.20027671162026,0.040960019804082,0,3.11259597315366,0.643200367307933,Ia,Government,THA,Thailand
31459,23,0.236234200916665,9.60804224559566,0.00716854274990308,0,2.51245383209219,0.229097689654497,VI,Not reported,CAF,Central African Republic
31551,5,0.0185903788670932,3.88334047471376,0.270089580548335,0,7.10856334980084,0.336041300153245,II,Government,LTU,Lithuania
31752,32,0.326137637410716,9.92872027486385,0.00187810680907323,0,0.886075017265137,0.15434066491141,Ia,Government,BRA,Brazil
31759,5,0.0584375906856966,9.98969843044941,0.000879663836546051,0,0.509226755001553,0.321754961843652,VI,Government,BRA,Brazil
31763,22,0.254779691596317,9.92810802183525,0.00139913252379583,0,1.24510655323976,0.00819950374476955,VI,Government,BRA,Brazil
31769,18,0.194544176321149,9.29779814574564,0.00691305527450837,0,2.37474417908606,0.176820627822006,VI,Government,BRA,Brazil
31770,6,0.0669488957919196,8.3850525846276,0.00097197928223206,0,0,0.62710596401768,VI,Government,BRA,Brazil
31774,17,0.199026841138954,9.0493881565215,0.00534824827485459,0,2.26069900427313,0.147213064994189,VI,Government,BRA,Brazil
31775,30,0.301720620357272,7.00215084367356,0.00481760532806387,0,1.14307845584105,0.331726596017692,VI,Government,BRA,Brazil
31776,16,0.149920128491005,8.5941537902081,0.00572935458513458,0,2.00512595380346,0.349443588975697,VI,Government,BRA,Brazil
32712,5,0.0139951047101583,3.83704726101743,0.472177263224703,0,7.10159868753333,0.36934862836051,IV,Government,ITA,Italy
32735,7,0.0542386956864708,5.14735176564995,0.021846936196697,0,2.07977844913653,0.611169960486776,VI,Shared governance,VEN,Venezuela
32788,7,0.0317337439502963,9.39793164286774,0.00598832692743517,0,1.8583511144778,0.11612852837201,VI,Government,TZA,Tanzania
32987,5,0.047689519100108,8.86999629170837,0.0173847545840703,0,2.30755232835841,0.566846634483675,Not reported,Not reported,ETH,Ethiopia
33050,8,0.030521881462277,8.38291467544938,0.0278002502981675,0,0.830681532993382,0.529919102505025,Not reported,Not reported,GNB,Guinea-Bissau
33149,6,0.0245248410512552,1.94175872276154,0.107930487852867,0,3.60726785311525,0.576498192409568,Not reported,Government,NGA,Nigeria
33154,5,0.0156491990563872,7.14458340887875,0.0193025577377123,0,1.3685916357496,0.734343722661891,VI,Government,MWI,Malawi
33499,5,0.0418202934872102,6.26411205429707,0.0187848867214689,0,3.63710660382208,0.76559044746589,Not reported,Government,KEN,Kenya
33522,14,0.140503579359717,7.9026321224422,0.00972455735814319,0,3.60937076554838,0.339941338321023,V,Government,BRA,Brazil
33524,6,0.0199894331849967,7.15600670367726,0.0184621317814066,0,2.0150960442161,0.619221317573955,V,Government,BRA,Brazil
33612,6,0.0638616700246276,8.21714646753152,0.00616313280371542,0,4.49613343654565,0.317957833306518,II,Government,BRA,Brazil
33613,14,0.0838670050000451,9.40465496284379,0.00128841668274952,0,0.422349974386612,0.545449988140003,II,Government,BRA,Brazil
33712,5,0.0514778353940454,9.63189923107594,0.0010574671313056,0,0.32968156430706,0.3212286284489,Ia,Government,BRA,Brazil
33716,13,0.152735665189026,9.71248708287032,0.0020733486822958,0,2.24137136621332,0.131368950003115,VI,Government,BRA,Brazil
33732,6,0.0694077806336729,9.9806472831205,0.000760808724126246,0,0.106205962336869,0.000417430974651376,Not reported,Community/Indigenous,BRA,Brazil
33733,6,0.0731841148839605,9.93937066613685,0.000711505216431595,0,0,0.00143172073441112,Not reported,Community/Indigenous,BRA,Brazil
33734,7,0.0814155114354232,9.84611613451516,0.000841602639549913,0,0.222629843654903,0.00428925593542501,Not reported,Community/Indigenous,BRA,Brazil
33745,5,0.0593142930497924,9.62888761237439,0.00198536894960808,0,0.28464027441919,0.153448362244011,Not reported,Community/Indigenous,BRA,Brazil
33811,13,0.127107816049583,9.39395318584173,0.00607115131588994,0,1.9907683964561,0.166603784852221,Not reported,Community/Indigenous,BRA,Brazil
33812,10,0.12304829089779,9.73902710157195,0.00245688201908207,0,1.41630489027484,0.122722432274156,Not reported,Community/Indigenous,BRA,Brazil
33846,29,0.314651525016543,9.62470768244147,0.0020261179457676,0,0.978866330139334,0.184689112636839,Not reported,Community/Indigenous,BRA,Brazil
33848,66,0.791233998944059,9.96113307445846,0.000788125082866381,0,0.165421957410053,0.081800973879003,Not reported,Community/Indigenous,BRA,Brazil
33872,6,0.0619734866143406,8.68570775811977,0.00195563271030434,0,0.36332161380198,0.168082621574402,Not reported,Community/Indigenous,BRA,Brazil
33874,42,0.482484183625455,9.93102028563598,0.000703011161970018,0,0.118459120172392,0.0376900763817331,Not reported,Community/Indigenous,BRA,Brazil
33889,32,0.387030655024695,9.93201428544219,0.000770520403035757,0,0.372799878509034,0.0517727823225426,Not reported,Community/Indigenous,BRA,Brazil
33890,6,0.0694880057193603,9.61482469727456,0.00381293888024752,0,1.48970327123141,0.278079122948106,Not reported,Community/Indigenous,BRA,Brazil
33895,6,0.0725073321875078,9.51039498634291,0.00145809382547164,0,0.31787034368946,0.304322122737728,Not reported,Community/Indigenous,BRA,Brazil
33897,54,0.651847293901886,9.98115187557688,0.0006402143314662,0,0.134430324946129,0.0890595256908849,Not reported,Community/Indigenous,BRA,Brazil
33904,12,0.122338508813103,9.49144154134385,0.00287951354859656,0,1.5596384012177,0.325437113795224,Not reported,Community/Indigenous,BRA,Brazil
33909,29,0.305472285283776,9.41838858547098,0.00205847505193193,0,0.591771721225693,0.161879245592919,Not reported,Community/Indigenous,BRA,Brazil
33912,8,0.0839605964824312,9.92475392292561,0.000924149835473265,0,0.409912901797408,0.0876686412902994,Not reported,Community/Indigenous,BRA,Brazil
33920,380,4.59346160959366,9.96714753926118,0.000725306636014074,0,0.0927340797787667,0.026787399770085,Not reported,Community/Indigenous,BRA,Brazil
33922,55,0.64944659761595,9.83518119685123,0.00193601168616317,0,1.18046440134668,0.175007771261282,Not reported,Community/Indigenous,BRA,Brazil
33925,10,0.113122434728446,9.90550120348902,0.000912820447419017,0,0.557083529012546,0.0568494604033346,Not reported,Community/Indigenous,BRA,Brazil
33926,21,0.239850690608443,7.51743709924044,0.00325357346351763,0,1.11648291649217,0.522336081380362,Not reported,Community/Indigenous,BRA,Brazil
33927,23,0.232024097657248,6.11200336405176,0.0027531262700259,0,0.22448693029882,0.766457801621298,Not reported,Community/Indigenous,BRA,Brazil
33930,12,0.0940921064820536,4.67266648518455,0.00694089012482801,0,1.48741445478228,0.904398267194929,Not reported,Community/Indigenous,BRA,Brazil
33935,9,0.0510273507083373,7.67026192492628,0.00574282786169176,0,1.05333844221417,0.869832218834001,Not reported,Community/Indigenous,BRA,Brazil
33942,6,0.0564929778253119,7.94307019457693,0.00113255752416519,0,0.169416563882456,0.652017606081292,Not reported,Community/Indigenous,BRA,Brazil
33946,16,0.0909312106899081,7.74602879943494,0.00427509386647264,0,2.03183787988092,0.793456284133717,Not reported,Community/Indigenous,BRA,Brazil
33951,33,0.352460274327711,8.89155805031287,0.0017306634142223,0,0.681961717216234,0.517408345793334,Not reported,Community/Indigenous,BRA,Brazil
33952,5,0.0381843034734,8.52808971669491,0.00171442110368003,0,0.134739544784813,0.637801091797395,Not reported,Community/Indigenous,BRA,Brazil
33953,8,0.0810066867854669,9.46731142627064,0.00148767572460698,0,0.476567165366624,0.434480065332748,Not reported,Community/Indigenous,BRA,Brazil
33958,12,0.109133650350543,8.83282777958351,0.00215717477224192,0,0.251242510033137,0.528680505625304,Not reported,Community/Indigenous,BRA,Brazil
33965,81,0.772305900619044,9.46053016402443,0.00202966876646648,0,0.618275843666224,0.81365689482168,Not reported,Community/Indigenous,BRA,Brazil
33966,15,0.063997261254404,8.61565767973951,0.00441085886588358,0,0.409118582374313,0.787195505464057,Not reported,Community/Indigenous,BRA,Brazil
33967,5,0.0188162848683609,9.5129387399652,0.00277019689104816,0,0.358883065392739,0.7952724369129,Not reported,Community/Indigenous,BRA,Brazil
33969,17,0.0850401490367192,9.31954656264684,0.0020733601563712,0,0.786744004453356,0.807364184274727,Not reported,Community/Indigenous,BRA,Brazil
33976,5,0.0208047134029291,7.90043465039126,0.00486510784479911,0,0.628709702554063,0.821268962716214,Not reported,Community/Indigenous,BRA,Brazil
33986,7,0.0414580860370179,9.07819068739636,0.00318524139075259,0,0.592791546206388,0.906384046404109,Not reported,Community/Indigenous,BRA,Brazil
33988,20,0.123678961249037,9.20563788200059,0.00279922417064552,0,0.40246626558827,0.890853038418569,Not reported,Community/Indigenous,BRA,Brazil
33989,18,0.136974696258271,7.97154260893462,0.00679401202634944,0,1.69709516024239,0.549885026253636,Not reported,Community/Indigenous,BRA,Brazil
33990,15,0.153776561574946,9.00648573687825,0.00121742870860059,0,0.153963572854216,0.473933257425033,Not reported,Community/Indigenous,BRA,Brazil
33991,15,0.150558543285675,3.06871601409111,0.00407696064138131,0,0.413948150691314,0.807807623591272,Not reported,Community/Indigenous,BRA,Brazil
33994,22,0.255960659012449,9.07468902871895,0.00132656936683984,0,0.398366909209372,0.129016003072345,Not reported,Community/Indigenous,BRA,Brazil
33995,25,0.287690902240758,7.58853479135779,0.00157185727676694,0,0.151282630581752,0.579627746190001,Not reported,Community/Indigenous,BRA,Brazil
33998,24,0.285887773642908,9.88401744773979,0.00125770182759285,0,0.360510062643158,0.29529827632067,Not reported,Community/Indigenous,BRA,Brazil
34000,39,0.464122510140234,9.81731705304509,0.000748034011535258,0,0.0762638531591434,0.299385844423725,Not reported,Community/Indigenous,BRA,Brazil
34001,19,0.205336221631662,8.02037177370678,0.002007909440197,0,1.80798823940278,0.610416852275266,Not reported,Community/Indigenous,BRA,Brazil
34004,136,1.45936264263336,8.84449009206413,0.00131927982010243,0,0.532983435112423,0.612311218513441,Not reported,Community/Indigenous,BRA,Brazil
34010,89,0.988558840936473,9.58737832005129,0.00156962456049976,0,0.420053563670694,0.456040976037782,Not reported,Community/Indigenous,BRA,Brazil
34013,10,0.101625394505119,8.60166393192073,0.00206243694899902,0,0.942626312372579,0.426912132105651,Not reported,Community/Indigenous,BRA,Brazil
34015,5,0.0438797427758841,8.8258011560932,0.00481802912585519,0,0.690317598377486,0.379060240925134,Not reported,Community/Indigenous,BRA,Brazil
34019,9,0.0348030663884582,8.24231667336452,0.00744272355732604,0,1.49576896429403,0.981701097925035,Not reported,Community/Indigenous,BRA,Brazil
34021,13,0.037970247580191,9.14457458645076,0.00431532501218513,0,2.14573342149928,0.860252976028021,Not reported,Community/Indigenous,BRA,Brazil
34023,13,0.0590526502334522,7.81264634770179,0.00353896934633725,0,1.40967623715028,0.959196041817014,Not reported,Community/Indigenous,BRA,Brazil
34026,9,0.0903360281327915,8.35821339271266,0.00556543807435069,0,2.03034548646338,0.362183222122136,VI,Government,BRA,Brazil
34030,8,0.0617464256950469,7.56744968954823,0.00569027626897027,0,2.15854780559218,0.558998592202023,Not reported,Community/Indigenous,BRA,Brazil
34037,12,0.121598790374465,9.15068461608913,0.00314607453073658,0,0.662561762134409,0.344076360452238,Not reported,Community/Indigenous,BRA,Brazil
34039,5,0.0469197470603992,8.1335389325462,0.00821394828757832,0,2.77744162517514,0.348931566701834,Not reported,Community/Indigenous,BRA,Brazil
34041,6,0.0646255908848326,8.64089783355504,0.00129846605058493,0,0,0.494272227752198,Not reported,Community/Indigenous,BRA,Brazil
34044,7,0.0460998789759266,8.26328160712812,0.00467393659693317,0,1.44161488296582,0.724533078290023,Not reported,Community/Indigenous,BRA,Brazil
34045,59,0.623355887834587,9.31602963789587,0.00260345956150559,0,0.92898528285698,0.311882477134176,Not reported,Community/Indigenous,BRA,Brazil
34059,8,0.0663947997417193,9.35396437354899,0.00289289984974248,0,0.753574631384005,0.507922403752717,Not reported,Community/Indigenous,BRA,Brazil
34075,21,0.147173601984823,9.01074362674405,0.0125444289050273,0,2.8129100314629,0.566825156168188,Not reported,Community/Indigenous,BRA,Brazil
34084,7,0.0808302709385569,9.65303071190525,0.00127161784318884,0,0.265122773855252,0.158251695404558,Not reported,Community/Indigenous,BRA,Brazil
34842,73,0.878863871514921,9.78904982395212,0.0012028827058933,0,0.187670383945912,0.236015362648488,Not reported,Community/Indigenous,BRA,Brazil
34843,16,0.17743968812706,8.13228915812819,0.0017301433835172,0,0.28431867059453,0.394618666504474,Not reported,Community/Indigenous,BRA,Brazil
34845,231,2.71916305368867,9.75733699404129,0.000909993804703212,0,0.213785646313748,0.4394434419854,Not reported,Community/Indigenous,BRA,Brazil
34849,23,0.281621520619944,9.98490333309402,0.00084359120677597,0,0.0787452387153503,0.286503576884046,Not reported,Community/Indigenous,BRA,Brazil
36026,5,0.0454006097009356,9.02397686242386,0.0396781958400475,0,3.81905190186349,0.198491780796186,Not reported,Government,LBR,Liberia
36820,15,0.0739620182006795,7.05240047677777,0.052181998047425,0,3.09780863689935,0.529828856349846,Not reported,Government,NGA,Nigeria
36971,7,0.0278924486538322,6.3916698498686,0.0209123885108044,0,0.815728334612489,0.713331561413487,Not reported,Government,NGA,Nigeria
36977,8,0.0406401925854926,6.23863773274962,0.0273681840544811,0,1.40493258601564,0.453499371939357,Not reported,Government,NGA,Nigeria
37013,5,0.0256556295539098,6.77399431839083,0.045002632394876,0,3.22238821423616,0.580604522519135,Not reported,Government,NGA,Nigeria
40764,5,0.0242236191681937,3.6802902537653,0.0472269850948106,0,2.33270153801995,0.67464344362809,III,Government,GHA,Ghana
40811,8,0.0493781632625668,5.75826946740379,0.0757276942185024,0,3.40242420401745,0.707817472322317,VI,Government,GHA,Ghana
40875,6,0.0136712363444802,4.53075052107501,0.0726020088355216,0,3.35979329073041,0.789483117952424,IV,Government,GHA,Ghana
41013,9,0.0813487299783234,3.63498707129502,0.0186726555805467,0,0.818552414226969,0.430375756598134,VI,Government,HND,Honduras
41014,18,0.164449978148078,4.94049697073831,0.0197786391180242,0,1.71994488550318,0.656936209472171,VI,Government,HND,Honduras
41049,51,0.556611208561548,9.94025420646413,0.00339158909725777,0,1.99530656334716,0.268196850850026,VI,Government,GUY,Guyana
41053,46,0.537388617530616,9.96593674627513,0.00324345156362351,0,2.32298004833635,0.115104108325335,VI,Community/Indigenous,GUY,Guyana
41057,6,0.0489515727393874,9.64464291105962,0.00342618346563382,0,0.106831530165721,0.353206486779631,VI,Government,GUY,Guyana
41093,40,0.439693975118674,9.54273424314194,0.00137200329171373,0,0.530621922427866,0.477326797330197,Not reported,Community/Indigenous,BRA,Brazil
61074,9,0.0790125745633461,1.0572853613692,0.0219936258289738,0,1.21882544187928,0.895180179579875,IV,Government,NIC,Nicaragua
61401,134,1.42346933438176,8.93202118666092,0.0693928389988445,0,3.89823349697316,0.343372443620809,Not reported,Government,MEX,Mexico
61403,17,0.106925571508832,8.06334642193033,0.0845973254822012,0,2.52037065736168,0.591969165673074,Not reported,Not reported,CHN,China
61407,6,0.05872957965532,7.81944078436348,0.177083848725115,0,6.82857086126918,0.634534137296845,Not reported,Government,MEX,Mexico
61497,6,0.0467993475321473,7.18801543324365,0.0347458778375671,0,0.955190166235577,0.55767290478578,VI,Government,LAO,Laos
61501,14,0.0880193923714747,7.66440867275247,0.0437180097968786,0,2.0052521335919,0.553449915035267,VI,Government,LAO,Laos
61596,9,0.0519794690870532,8.44791115369719,0.192701350148781,0,4.56597665107981,0.117663505448566,II,Government,CAN,Canada
61612,39,0.330370134447899,9.4358664563421,0.0160217241979368,0,3.27400417740189,0.557881362067423,Not reported,Not reported,VEN,Venezuela
61767,7,0.0658625648872336,9.9619010245086,0.00189665155286582,0,1.14425129223049,0.0167400462123476,VI,Government,PER,Peru
62095,9,0.027174842095947,9.01210866584137,0.00787345109789508,0,0.937476648024445,0.401151689828211,VI,Shared governance,ZMB,Zambia
62493,10,0.072026147010333,5.40280124786461,0.0277886336453116,0,1.87061771713988,0.725449343684935,VI,Government,IDN,Indonesia
62580,10,0.0338077658565532,8.1104605036282,0.153784026684841,0,5.52673050376633,0.579283726318242,IV,Government,KAZ,Kazakhstan
62621,21,0.212931746197582,8.79910361295859,0.0496926983080566,0,3.24327165181703,0.404444704658263,II,Government,IDN,Indonesia
62941,18,0.101172444313748,8.79799758954032,0.448405588589467,0,7.34571785078367,0.457362542560202,II,Government,AUS,Australia
63052,17,0.0893133455085957,4.88394060196196,0.22302954239409,0,5.51198774860551,0.356168539468783,II,Government,ITA,Italy
63623,17,0.0794895056966352,7.49206815042668,0.240104988944369,0,5.31965852972325,0.55464717012486,V,Government,ROU,Romania
63641,5,0.0189190199880199,5.69895622875593,0.287600140073657,0,6.34256868629367,0.0337306745353914,II,Government,ITA,Italy
63863,11,0.063276986733763,8.73216408002807,0.433070736213463,0,7.96031230466335,0.521808581079187,II,Government,AUS,Australia
64415,5,0.0244421066887188,9.51405529862108,0.0773414480415303,0,3.58301245775377,0.872182347678763,IV,Government,BTN,Bhutan
65177,7,0.0344387550420468,8.66807723114921,0.301690756731944,0,5.27575378181526,0.404788017625818,II,Government,CAN,Canada
65785,10,0.0626983265922547,9.41593755902347,0.215590490701523,0,4.45485435798892,0.376543404405395,Ib,Government,CAN,Canada
66395,45,0.23386255136389,9.1186003689885,0.177861025640148,0,3.07760805532042,0.353637448098017,Ib,Government,CAN,Canada
66607,18,0.113979571422892,9.07651138198217,0.280253212784486,0,4.38188680551963,0.0891217557855069,II,Government,CAN,Canada
66710,39,0.159476168080341,9.39683179235412,0.0293246949511147,0,0.525294666732145,0.500590679468567,II,Government,CAN,Canada
67060,5,0.0125913238201483,9.09501390467412,0.285312110163082,0,6.03880089058,0.190651195205916,II,Government,CAN,Canada
67729,23,0.197661469376351,9.70473430717421,0.0337843102989787,0,2.46103670260765,0.606844457165084,Not reported,Not reported,THA,Thailand
67744,11,0.0832657815734099,3.89845933394261,0.166776378380526,0,4.67737023423307,0.785284517023179,Not reported,Shared governance,GTM,Guatemala
67755,5,0.0283552928287991,7.74360461619341,0.758855028612412,0,7.21631959509817,0.759869995085451,Not reported,Not reported,USA,United States
67924,6,0.0185413192453441,4.14098196989479,0.876704515120104,0,9.39764902149894,0.172308466168229,Not reported,Not reported,FRA,France
67932,10,0.0820631563318491,9.70425850119583,0.0338360169194127,0,4.21189833930263,0.16209650095622,II,Not reported,GAB,Gabon
67933,5,0.0398466680762753,8.80905320327159,0.0446658686151516,0,5.99207168887682,0.36161779439667,VI,Not reported,GAB,Gabon
67985,36,0.124064693560681,3.24522997215172,0.0677969782299603,0,1.33494501438402,0.796589155906991,Not reported,Not reported,GIN,Guinea
67986,29,0.110648789598711,2.02016538949645,0.0414340086362808,0,0.732650416788888,0.893833647637199,Not reported,Not reported,GIN,Guinea
68011,11,0.114891629335017,7.51218482177053,0.0131619411164311,0,1.12604859283015,0.350015765465243,Not reported,Not reported,IDN,Indonesia
68168,5,0.0102533313353642,7.74912167162522,0.0776092967095387,0,5.72924480802219,0.444523225228123,II,Not reported,ZAF,South Africa
68313,14,0.0844966884574784,6.27618915886434,0.436719574041058,0,4.15239603992092,0.627393215935578,Not reported,Not reported,USA,United States
68316,5,0.0200236404216637,6.03047553079289,0.929690762538176,0,7.54299967253433,0.249216627208728,Not reported,Not reported,USA,United States
68404,15,0.0380957813954386,9.997515731769,0.0349124656580216,0,1.53732532223576,0.502754564175023,V,Government,USA,United States
68632,5,0.0227942489893513,9.38488036102403,0.10759500578012,0,4.71627832515157,0.298535002594328,Ib,Government,JPN,Japan
68862,6,0.0417657671458935,7.50572299324283,0.0227398352867776,0,1.15158382799777,0.277356044986655,II,Government,KHM,Cambodia
71252,21,0.192796480237478,6.49897334453916,0.051951927442489,0,2.81672484593828,0.592730792242366,VI,Government,LAO,Laos
71253,12,0.10444834531337,7.12126282353633,0.0134936863114363,0,0.466530735920697,0.52111350500841,VI,Government,LAO,Laos
71261,9,0.0791354462161942,8.69513471807148,0.0170567044926741,0,1.90280920649214,0.465497134490664,VI,Government,LAO,Laos
72312,50,0.478524358869118,7.7882987091974,0.0088319746166124,0,1.49281950798912,0.455682645975449,Not reported,Not reported,COD,Congo - Kinshasa
72324,62,0.633389370260205,9.96327014312774,0.00250396952533673,0,1.02088713596564,0.0919601261672186,II,Government,GAB,Gabon
81072,16,0.167921526993856,9.76101899446246,0.0218534310815074,0,5.30586054350044,0.385230403084309,II,Government,ECU,Ecuador
93295,39,0.178080867923566,7.13173091180136,0.399298552578472,0,5.55992104396976,0.632229682872155,Not reported,Not reported,CAN;USA,CAN;USA
93409,19,0.181908557724072,8.71551237603662,0.0401990866051455,0,4.01067489551101,0.512316060828924,Not reported,Not reported,ARG,Argentina
93533,60,0.196299323092745,9.83831470152892,0.00136474609152429,0,0.513930105427639,0.704164621463914,Ib,Government,MNG,Mongolia
93914,11,0.045842715653866,6.44165937656482,0.0429151307402502,0,1.52218347570632,0.249098736710567,IV,Not reported,BLR,Belarus
93945,6,0.0191182843439035,6.82377469226845,0.0342025883846968,0,1.63045378331316,0.336038527803678,IV,Not reported,BLR,Belarus
93947,9,0.0402899519787557,5.18353103817062,0.0864065089769373,0,4.14666123851947,0.24694436806633,IV,Not reported,BLR,Belarus
94063,9,0.0568979536343073,6.59882491336106,0.00213954184425292,0,1.84829812955048,0.664589546053073,Not reported,Not reported,BRA,Brazil
95340,5,0.0200327051257261,5.14217924442963,0.259083585810515,0,6.06768012158804,0.0947516132823874,Ia,Not reported,LVA,Latvia
95375,18,0.033829841873256,7.26132708429799,0.00874629121929974,0,1.38537880504457,0.146646069588432,Not reported,Not reported,RUS,Russia
95381,11,0.0336020048244786,9.98387406850899,0.00596570249315489,0,2.99904668871027,0.801427685629695,Not reported,Not reported,RUS,Russia
95382,11,0.0164608767422495,9.8945657802722,0.00186881242805529,0,0.426049254315718,0.860326873947729,Not reported,Not reported,RUS,Russia
95384,5,0.00739288576856731,9.7901259368573,0.00292859384226886,0,0.200243345680849,0.616325307810852,Not reported,Not reported,RUS,Russia
95386,5,0.0156797164015866,7.94997301331206,0.0687737540737634,0,3.46458679360024,0.270417611474318,Not reported,Not reported,RUS,Russia
95387,21,0.0824914435412588,7.47041139556875,0.0237303745430752,0,3.27157337026064,0.256240104984216,Not reported,Not reported,RUS,Russia
95388,23,0.0841995744253549,5.56429650014995,0.0934846575970541,0,5.57872651464523,0.189000221515596,Not reported,Not reported,RUS,Russia
95396,10,0.0255007611730336,7.3327757219799,0.0556627023282587,0,4.01736702579653,0.443417781631277,Not reported,Not reported,RUS,Russia
97512,12,0.102164479985819,9.60212332915644,0.0394484879770824,0,5.45988833581894,0.492161878774288,II,Government,ECU,Ecuador
98183,122,1.29758650877468,9.60541557166496,0.0129458318302707,0,2.38765603823156,0.247789784895296,Not reported,Government,BOL,Bolivia
98228,47,0.531448519055069,9.98644549963303,0.00151340071867394,0,0.411690711607468,0.0340371099170188,VI,Government,PER,Peru
99756,9,0.0229001971909163,9.42385976114078,0.0970536705164784,0,2.08540483806173,0.53844477803916,Ib,Government,CAN,Canada
99840,5,0.0141781347080066,9.9422735008054,0.0158916935768665,0,0.464706086374149,0.374408707368097,Ib,Government,CAN,Canada
99862,5,0.0162865536936299,8.24815903989833,0.0192594724131871,0,2.87678985494617,0.894038041356059,IV,Government,COG,Congo - Brazzaville
100204,16,0.038206927305374,9.98379148355537,0.0195920424895304,0,0,0.860922046667272,Ib,Government,CAN,Canada
100285,8,0.0278233739563859,9.19308621356446,0.0916726265527431,0,3.32988648985164,0.479826380402637,II,Government,CAN,Canada
100713,11,0.0316076851170843,7.91755106956557,0.51148898585844,0,6.85256620798347,0.189126780058295,Ib,Government,CAN,Canada
100722,5,0.0397186310530924,9.05074567559839,0.115726849588884,0,7.34212765422351,0.564176807864287,VI,Government,COL,Colombia
101097,7,0.0236234247507274,7.78097075751275,0.0230238791964184,0,0.697947563509311,0.56812946189906,V,Government,VEN,Venezuela
101107,8,0.0311362249916409,7.41217782924474,0.0348715736321129,0,2.22623153423975,0.375630675829992,V,Government,VEN,Venezuela
101111,10,0.037343663064622,7.47212092508924,0.0302421464307176,0,1.36773580576233,0.470939378812722,V,Government,VEN,Venezuela
101113,6,0.026763464596705,6.72954830150039,0.0245984841771568,0,0.531993233160427,0.339182106062865,V,Government,VEN,Venezuela
101116,6,0.0484799826962063,9.6472166979271,0.00332374359530224,0,0.980326826557625,0.582853879117259,V,Government,VEN,Venezuela
101131,7,0.0539698966615894,8.54596265609631,0.220073714420935,0,6.2825929657531,0.60807282683927,VI,Government,VEN,Venezuela
101133,39,0.36104457487356,7.44316019108622,0.0949583946090631,0,4.07010197135033,0.544950896669088,VI,Government,VEN,Venezuela
101135,12,0.0925736040783944,8.39643741202333,0.0132558860602816,0,1.24927539013268,0.791659670927711,II,Government,VEN,Venezuela
101139,6,0.0549624940996826,8.60178070971739,0.00610372894314159,0,3.20000286290335,0.62108943432677,III,Government,VEN,Venezuela
101143,14,0.135266027343797,9.54077642658345,0.00268273122321105,0,1.02232838328591,0.458293554682827,III,Government,VEN,Venezuela
101548,7,0.0363398146938036,9.72931404784313,0.0785552852680236,0,0.770762966810502,0.222954876035424,Ia,Government,CAN,Canada
101596,5,0.0218183394049241,8.16025951581008,0.0273627232460146,0,0.729303595760607,0.47211602500837,II,Government,CAN,Canada
101643,5,0.0233213435473894,8.70204724075557,0.0713397915253575,0,1.69383534442018,0.260829613027124,II,Government,CAN,Canada
101644,8,0.0310975186162092,9.32501534447297,0.119720115389213,0,2.87327363763194,0.2455644963614,II,Government,CAN,Canada
101650,10,0.035509518662015,8.13865776498261,0.0531719845739861,0,2.20945432186066,0.563052745411891,Ib,Government,CAN,Canada
101660,8,0.0270515230004352,9.83064064318937,0.0688685755214985,0,1.18975050429367,0.186318115213079,II,Government,CAN,Canada
101665,13,0.0450849237149069,9.00199514375842,0.125570167159179,0,3.10729553049955,0.223404431563149,II,Government,CAN,Canada
101721,18,0.0445220384520317,9.91898808738148,0.0210516253755031,0,0.626651401435699,0.561810314888891,Ib,Government,CAN,Canada
101761,55,0.668498452618011,9.97552922855718,0.00106874847793905,0,0.943692615478164,0.070908269808614,VI,Government,BRA,Brazil
101855,8,0.0233667931602209,4.60909017052619,0.191930657297448,0,5.01125332064001,0.272976373980371,II,Not reported,BLR,Belarus
102251,5,0.00995390736521507,3.49332804458945,0.327773966253755,0,6.30642953327739,0.597932675327909,Not reported,Government,UKR,Ukraine
103145,5,0.0222279192922271,4.04953466105486,0.776356085025067,0,10.9673475893745,0.610092139751336,V,Government,FRA,France
103147,6,0.00801668882328863,1.33002419680324,0.913607302037941,0,10.4180357910909,0.418987622170719,V,Government,FRA,France
103149,7,0.0269629684871284,1.89733105427773,0.927363320659344,0,9.63313259475002,0.614759090508539,V,Government,FRA,France
103151,10,0.0426593249806651,5.94740016886391,0.878407774584918,0,9.55438557824319,0.808997795116369,V,Government,FRA,France
103152,11,0.0586416681829885,4.97566024488505,0.811634368740509,0,9.75343535587042,0.650646574586344,V,Government,FRA,France
103166,31,0.19140465544031,8.23473430189198,0.398160038521156,0,6.61025991200585,0.507138347496433,Ia,Government,MEX,Mexico
103398,6,0.0212274891530197,4.25152871943388,0.39004197970377,0,7.65100990587458,0.864038685494034,V,Government,SWE,Sweden
103552,11,0.0343456042460263,9.2046275976663,0.0180872389543808,0,4.17934023109802,0.0455811600995931,Not reported,Not reported,RUS,Russia
106683,22,0.229650659644075,9.69152583626277,0.0724656969006412,0,3.11823421776845,0.076515294136877,Not reported,Community/Indigenous,PNG,Papua New Guinea
107034,8,0.0435625615538769,5.5885890499981,0.530376418084255,0,6.70101211263755,0.599368454469997,III,Government,GTM,Guatemala
107292,14,0.122789046968811,5.77456641085035,0.0297190749102379,0,4.24193902222635,0.588685076637649,VI,Government,PAN,Panama
107620,102,0.434233827017362,9.04360609631722,0.178317975860972,0,4.46649247601829,0.393018218282482,VI,Government,MEX,Mexico
107621,23,0.0633273950444013,9.77343817160773,0.162756522461674,0,3.79872365598408,0.0581831460565462,VI,Government,MEX,Mexico
107625,14,0.0622999243357363,5.98243215532134,0.592023615398453,0,7.01582985184276,0.254154926942145,VI,Government,MEX,Mexico
108069,5,0.0205449791097596,9.76718342747637,0.0786013605732671,0,3.48883707936792,0.280256343138685,Not reported,Government,MEX,Mexico
108088,18,0.115245692287475,7.51871035954644,0.142720433914354,0,6.11280239074711,0.676262659630594,VI,Government,MEX,Mexico
108111,8,0.0298766056434861,5.30971009990178,0.57941010210918,0,6.59254290625946,0.314447547566269,Not reported,Government,MEX,Mexico
109019,385,4.15338347880382,9.71292900058962,0.00211990748779022,0,0.224993142076318,0.335079070773685,Not reported,Not reported,COG,Congo - Brazzaville
109034,111,1.06991670472043,8.74844439541631,0.0258303094772536,0,3.17620906416893,0.286320342119783,Not reported,Not reported,GAB,Gabon
115516,6,0.0721033409676623,9.96779774171587,0.000667999852601102,0,0.118302972062225,0.0714491631865561,Not reported,Community/Indigenous,BRA,Brazil
115520,6,0.0651124870052323,9.85881127693233,0.00076799295728082,0,0.103140601964936,0.252193555406832,Not reported,Community/Indigenous,BRA,Brazil
115526,10,0.115220546124845,9.56959203338589,0.00149337494176561,0,0.295098625471156,0.346391204456266,Not reported,Community/Indigenous,BRA,Brazil
115535,20,0.241383204544521,9.95459494238705,0.000663820599847781,0,0.0508436682496146,0.0364738418425565,Not reported,Community/Indigenous,BRA,Brazil
115539,10,0.111168593355938,9.74643561134213,0.00118755733777785,0,0,0.161133843616444,Not reported,Community/Indigenous,BRA,Brazil
115697,37,0.375095135541678,9.58245555523267,0.00118785376298304,0,0.562143729277068,0.679314022129407,Not reported,Community/Indigenous,BRA,Brazil
115765,8,0.0358861301290466,8.39178131474041,0.00809385752930041,0,2.47743138976786,0.800171980893103,II,Government,BRA,Brazil
115768,7,0.0243233068679739,7.88776408994982,0.00831271950593202,0,2.87287142146182,0.847570215517137,V,Government,BRA,Brazil
115772,6,0.0614323612550459,9.44930371510603,0.00196974596631648,0,2.53901222959865,0.363252226114291,Ia,Government,BRA,Brazil
116298,30,0.332200460741896,9.88061449723429,0.0107176630786831,0,4.18649126499514,0.151984614243101,VI,Shared governance,GUY,Guyana
124386,469,1.97424535775255,8.95679920399172,0.0110599153351382,0,3.23370087920817,0.175465745400241,Not reported,Not reported,RUS,Russia
124387,273,1.04922311639631,9.89993477067357,0.00526206277905399,0,2.48964169936962,0.823009679062692,Not reported,Not reported,RUS,Russia
124389,110,1.3149057912504,9.59036909843023,0.00344159149042209,0,1.29044604816894,0.141925116961627,Not reported,Not reported,COD,Congo - Kinshasa
124434,11,0.104313287937182,7.53222543186862,0.0280709319985102,0,2.68671756543298,0.523073639364762,II,Government,IDN,Indonesia
126281,10,0.0178722694956607,9.48775279283511,0.0925574784416172,0,3.9890312605277,0.0728066196096446,II,Government,AUS,Australia
127825,94,1.08072947382406,9.69496313705186,0.00687643602024751,0,2.17256603811217,0.209271837329836,II,Government,PER,Peru
129914,8,0.0455453127416839,8.30259774158192,0.121034101477254,0,7.17661773803971,0.572364818807118,Ib,Government,ECU,Ecuador
129915,10,0.091708546287788,7.80627841708641,0.0301508801181941,0,4.94852438840473,0.722864899130017,Ib,Government,ECU,Ecuador
134938,12,0.0388663670113205,3.72847158380382,0.697397977062838,0,8.21547434571969,0.507122494274305,Not reported,Not reported,CZE,Czechia
145492,6,0.0437813185893783,5.17661758561456,0.0795654634913757,0,2.58107922318266,0.589008401620165,IV,Government,PHL,Philippines
145574,13,0.063522552135745,3.72973740030475,0.2650044060735,0,5.46028660602341,0.527529752687607,Not reported,Not reported,ITA,Italy
145584,118,1.10184893204565,3.16540283793001,0.0796102412326226,0,2.75293639935161,0.750106782701087,Not reported,Government,NIC,Nicaragua
145588,10,0.0323543719491072,9.8986176839179,0.00243525747717804,0,2.28775902390267,0.059701546044861,Not reported,Shared governance,RUS,Russia
145591,5,0.0190508421915512,8.58451660824906,0.140595785568456,0,5.98355019491637,0.26120483438669,Not reported,Shared governance,RUS,Russia
146306,12,0.0332234623344298,4.72282269348142,0.0913593871524324,0,3.87182876047357,0.309932290782876,Ia,Not reported,BLR,Belarus
146627,6,0.028213079761288,9.29233746381994,0.0229027861398931,0,1.51023771619363,0.675382170908122,II,Government,CMR,Cameroon
147304,6,0.0690979690999848,9.95876006533229,0.00401722685711888,0,3.93227346024865,0.0263284169153794,IV,Government,GUF,French Guiana
147522,12,0.0367055367923051,1.37847138314224,0.921494097127079,0,9.09603892174795,0.740878988510587,V,Government,FRA,France
161439,5,0.0125581219489104,5.45287364428408,0.0681203062740817,0,2.10011467846451,0.46982367924747,Not reported,Government,UKR,Ukraine
161467,8,0.0237337895328712,4.01118178958449,0.0537988773296275,0,2.12957272521672,0.69881645979812,Not reported,Government,UKR,Ukraine
166889,54,0.360949541654169,5.47614058030094,0.0289686034127441,0,4.10342186427853,0.607907062673094,II,Not reported,COD,Congo - Kinshasa
166970,8,0.0344343744969886,8.29010513271293,0.24107464807416,0,6.03283331097482,0.646537131865125,VI,Government,MEX,Mexico
167051,9,0.0563689033365012,4.93847165316651,0.381150572417513,0,7.4790523069763,0.883317411967856,VI,Government,MEX,Mexico
167104,9,0.0146870213905092,8.0519633088245,0.0115300932403977,0,1.41494453912,0.234462653180632,II,Government,KAZ,Kazakhstan
167298,8,0.0215260390987959,9.96868305627447,0.0114506936597324,0,0.363194079655426,0.660510156268523,II,Government,CAN,Canada
167316,9,0.0456642528370438,3.97345971790965,0.0374700409081298,0,0.513373851728766,0.636035934012381,II,Government,CAN,Canada
167337,9,0.0318034872890678,9.6482884850832,0.0291863041312388,0,1.84369009807384,0.0662422152127858,II,Government,CAN,Canada
167399,12,0.0421454375397532,9.56064501472038,0.02629145426699,0,0.948935084486424,0.366965987288729,II,Government,CAN,Canada
167454,41,0.126985538171505,9.88245093797098,0.0211302387934328,0,0.987935264275815,0.56773678172638,II,Government,CAN,Canada
167539,6,0.0255135908565384,9.87844372973454,0.0212271085690666,0,0.774075947010492,0.0503808807918698,III,Government,CAN,Canada
167576,100,0.459274573151329,9.86297604821977,0.0429701589280174,0,1.16698981598491,0.417313588973286,Ib,Government,CAN,Canada
168241,69,0.250516927317012,9.86631969616423,0.0108464005535737,0,3.73263647382742,0.162156822393321,Not reported,Not reported,RUS,Russia
168276,5,0.0447203235488548,8.5682741626505,0.0654575139196771,0,6.74120920067745,0.289040836997243,VI,Government,PER,Peru
169103,7,0.0364570272310739,5.78207023045277,0.48836004655378,0,8.71501149206545,0.582673726745852,V,Government,AUT,Austria
172498,53,0.182873798481121,2.55837598556579,0.178164988943262,0,5.4085697115688,0.160705670389537,V,Government,LVA,Latvia
178272,19,0.0951416366473992,4.18900599937594,0.753879061743085,0,10.2790850763172,0.662621606392945,V,Government,FRA,France
178297,11,0.0304886930708668,2.94700786917498,0.892998644582521,0,8.82716981707161,0.847765282738275,V,Government,FRA,France
193310,7,0.0303141956499948,5.45857719741108,0.236477494723984,0,5.40474452924582,0.826150484279659,V,Government,ROU,Romania
193408,37,0.385477855444234,9.16759387360017,0.0215476444972104,0,5.21746147602864,0.120782812728977,V,Government,GUF,French Guiana
193410,8,0.0369871709652195,6.30960484911993,0.745505223783816,0,10.0952994358845,0.422166449730867,V,Government,FRA,France
193411,19,0.0745449853107368,1.34712245117041,0.861866354017632,0,9.18174455110954,0.531640450321181,V,Government,FRA,France
196476,10,0.0392587238705119,6.56470292866543,0.196794877271616,0,4.90882101719169,0.767298916526274,V,Government,ROU,Romania
196477,9,0.0419478294199195,7.77634145742298,0.161374528155939,0,4.43005110400772,0.702771532961131,V,Government,ROU,Romania
198281,14,0.0989411989357916,8.56610652028879,0.00722156667579337,0,3.57873943127568,0.533779989824461,II,Government,BRA,Brazil
198292,15,0.0968033279331112,5.65010114118806,0.0570610471669858,0,5.8154259371675,0.642503796216919,Not reported,Not reported,BRA,Brazil
198293,53,0.504545006161398,8.47876736929479,0.0432765822022173,0,4.90592577751391,0.482983400957255,Not reported,Not reported,BRA,Brazil
198295,10,0.0739742947045818,8.2389883784772,0.108160384530929,0,4.19118355914752,0.613283534941079,Not reported,Not reported,CHN,China
198298,139,1.46399381216985,9.74212129905985,0.0699521307901439,0,1.71190427479196,0.168148183507684,Not reported,Not reported,IDN,Indonesia
198301,31,0.178759421895113,8.92411770736453,0.127752315749249,0,5.715955455231,0.205286695442144,Not reported,Not reported,RUS,Russia
198350,12,0.137405121224645,9.86549400579116,0.00165462048298081,0,0.851256685508356,0.163247994733076,VI,Government,BRA,Brazil
198351,8,0.0810935237661101,9.89677036386547,0.00199500376579693,0,2.30404481859019,0.44217477519696,II,Government,BRA,Brazil
198355,58,0.323480021996033,7.26419850730008,0.0232844512121175,0,2.93770983544925,0.723143734142079,V,Government,BRA,Brazil
198356,9,0.0282371396452976,7.30918375093182,0.0926731105767056,0,5.78930088264268,0.547405436529064,V,Government,BRA,Brazil
198359,13,0.148499117909567,9.5567760640245,0.000880278439291361,0,0.339795028524059,0.282299187847432,VI,Government,BRA,Brazil
198360,17,0.163458287383992,7.80385147855974,0.0198965095856784,0,5.57430665719208,0.641652790214554,VI,Government,BRA,Brazil
198363,12,0.12847834446335,8.94795067597305,0.00394993142308933,0,0.775992196129513,0.16853111785751,VI,Government,BRA,Brazil
198366,45,0.30004620734951,9.11262870069341,0.00340450632601292,0,1.60565028688728,0.471208383258244,II,Government,BRA,Brazil
198367,8,0.0197363542961164,5.63287742268815,0.0390002652742491,0,4.41113437394682,0.502312211810491,V,Government,BRA,Brazil
209778,5,0.0315546573577737,7.98517013688013,0.20675515758603,0,5.30144593999453,0.289332429535661,Not reported,Shared governance,RUS,Russia
220055,6,0.0157875400187994,2.90235509076288,0.261373504247578,0,7.54036579755927,0.545685691049341,V,Not reported,BEN,Benin
220068,71,0.350082971465708,9.1747422083048,0.00350215732838159,0,0.471806757693043,0.192350718913294,Not reported,Not reported,TZA,Tanzania
220253,6,0.0206639309260247,8.94740008742097,0.0137163549978148,0,1.14073267668958,0.0792356996182472,Not reported,Not reported,ARG,Argentina
220258,19,0.085354369795615,9.0926155722379,0.046455604519781,0,1.79535360465937,0.698917038662522,Not reported,Not reported,CHN,China
220266,11,0.0799502136687059,2.86220559210245,0.0778949369589802,0,4.84450085243067,0.84393574965249,Not reported,Not reported,PRY,Paraguay
220294,87,0.499134311511528,8.84089894980567,0.434977374262951,0,7.60396914796824,0.574468949111084,Not reported,Not reported,AUS,Australia
220296,6,0.0612198524253931,9.91938937440832,0.00428493870116883,0,1.40769416323471,0.311189214364415,Not reported,Not reported,BRA,Brazil
220297,8,0.0450065700891722,9.7066986197807,0.0118362010510884,0,1.74162341131874,0.161125154583154,Not reported,Not reported,BRA,Brazil
220298,131,1.54034764000063,9.98176121955578,0.00276201454491259,0,2.05718451931602,0.0849570038039623,Not reported,Not reported,SUR,Suriname
300792,6,0.0149331545643048,7.99263471486569,0.00875834441695651,0,0.159989547033177,0.0973790771250456,Not reported,Not reported,CIV,Côte d’Ivoire
300794,5,0.0152492158850636,6.37260777649619,0.0116992386808874,0,0.735813403112115,0.451793135387504,Not reported,Not reported,CIV,Côte d’Ivoire
300796,7,0.0181147664928503,6.55249431597927,0.0176341738637227,0,0.774529532000898,0.758221723302136,Not reported,Government,NGA,Nigeria
300853,6,0.0369810036853729,1.36360256992842,0.0413557247300627,0,1.96006620113955,0.566960320756798,Not reported,Not reported,CIV,Côte d’Ivoire
300883,6,0.0271036476338006,1.73559953670446,0.0280196817460249,0,1.34734503229284,0.601661448752593,Not reported,Government,NGA,Nigeria
300892,5,0.0166937018939862,3.74733266872534,0.0423113653495828,0,1.4882834741166,0.665636378834573,Not reported,Not reported,CIV,Côte d’Ivoire
300899,6,0.0226445354953087,2.64375912048506,0.0374480393982032,0,1.78610491940162,0.520390178609327,Not reported,Not reported,CIV,Côte d’Ivoire
300901,8,0.0638440083279185,1.39554008123504,0.01736127362754,0,0.613217518261249,0.798550087008826,Not reported,Not reported,CIV,Côte d’Ivoire
300952,9,0.0392659781334982,2.56422887848479,0.0409770235576061,0,2.49395364228402,0.910912327513415,Not reported,Not reported,CIV,Côte d’Ivoire
301498,5,0.0166774239018906,8.30411030909689,0.00447129137620676,0,0.467763920636571,0.361214928741022,Not reported,Government,TZA,Tanzania
301589,7,0.0278717398863199,9.66979707853962,0.00458729683348303,0,1.09044264883894,0.206249717404795,Not reported,Government,TZA,Tanzania
301595,6,0.0290581116358474,7.70530826517253,0.00761359080015528,0,1.26901184661814,0.578357952685386,Not reported,Government,TZA,Tanzania
301758,5,0.0125667941953663,8.1239156295248,0.0178244743445595,0,1.73927737067756,0.944285774150372,Not reported,Not reported,ZMB,Zambia
301773,6,0.0223854891290917,9.01178724096899,0.0242695652225582,0,1.415663065042,0.555298721291512,Not reported,Not reported,ZMB,Zambia
301830,83,0.41295837281215,9.90028463381183,0.0018846279965123,0,0.419433027181709,0.182873023843008,Not reported,Not reported,CAF,Central African Republic
301831,8,0.0446396902294496,9.96338429392453,0.00109992205183522,0,0,0.316369427762767,Not reported,Not reported,CAF,Central African Republic
301834,46,0.518982988737341,9.74956981996971,0.00127501794734739,0,0.0404134799956591,0.374518189276898,Not reported,Not reported,COD,Congo - Kinshasa
301929,9,0.0490607213428695,8.24847190541612,0.331464965583514,0,7.46225797447981,0.479475670480551,Ia,Government,MEX,Mexico
303039,6,0.0472820860570859,8.27647594782608,0.0637795616904728,0,3.2634100589017,0.634155389493424,IV,Government,VNM,Vietnam
303065,5,0.0375944718717901,7.13233254120072,0.0587774550028826,0,2.15585499008506,0.599920403769,IV,Government,VNM,Vietnam
303066,6,0.0494363900367659,8.00614194508089,0.0381335852403639,0,1.95844985721653,0.477238047313646,Not reported,Government,VNM,Vietnam
303243,6,0.0247153032885997,9.06555700434963,0.280419875828842,0,4.6282265034134,0.105268307933739,II,Government,CAN,Canada
303258,8,0.0297632839258125,9.79496844000732,0.0325679366814937,0,1.18311931259863,0.121858781801911,Ib,Government,CAN,Canada
303316,224,2.667112390766,9.97898385577678,0.000771702636103978,0,0.173278598215329,0.0229934083682447,II,Government,PER,Peru
303317,34,0.353997002285235,9.78187584709795,0.00497977837782257,0,2.45492438100492,0.217040252553726,VI,Government,PER,Peru
303320,107,1.21180378684808,9.69238506445391,0.00368792038270388,0,1.35624425896106,0.232617110116665,II,Government,PER,Peru
303321,50,0.519687813563427,9.65633778609787,0.00321629054111337,0,1.12587834040905,0.271448648673494,VI,Government,PER,Peru
303322,14,0.122617199002338,9.6848122029491,0.00229006055184541,0,1.23670511703162,0.246470876134493,VI,Government,PER,Peru
303323,40,0.419162128124666,9.82582502323156,0.00580404620231912,0,1.04997919023337,0.290494210056024,II,Government,PER,Peru
303547,81,0.935911954166789,9.98861896371877,0.00157445336283709,0,0.889846325731192,0.0875244364445902,II,Government,COL,Colombia
303680,14,0.0333737826380668,8.21815414005099,0.00423255559449819,0,0.265407361278571,0.41139653294537,VI,Government,MOZ,Mozambique
303681,12,0.0295951502742466,8.20786434696906,0.00845776821128739,0,0.617733415671934,0.436629363393222,VI,Government,MOZ,Mozambique
303683,15,0.0431458319491627,7.56280625060811,0.00677790248934313,0,0.60499171137591,0.334191368126112,VI,Government,MOZ,Mozambique
303859,6,0.0173504391716428,9.50493019163935,0.0148983949879855,0,2.38216487634055,0.433246128365863,VI,Shared governance,ZMB,Zambia
303872,5,0.0514996413277249,9.83686287297389,0.00495579622895938,0,1.93615090026099,0.228580210820119,II,Government,GAB,Gabon
303873,31,0.325899490345082,9.72421075593067,0.01002783546353,0,3.49218720871114,0.199199814970089,II,Government,GAB,Gabon
303875,45,0.475435124873193,9.44351897237193,0.0185917670598029,0,4.17078099433117,0.129639301295202,II,Government,GAB,Gabon
303877,50,0.496357038687488,9.47570635913414,0.0244522435732461,0,4.30313962274294,0.119915223313937,II,Government,GAB,Gabon
303878,10,0.0980991530092303,9.96128397430073,0.00281439859738132,0,1.37794487970086,0.0624920845432509,II,Government,GAB,Gabon
303880,7,0.0721391644581813,9.69036562275999,0.0263262114158807,0,5.60125852833911,0.0922331985260792,II,Government,GAB,Gabon
303883,38,0.39368481242772,9.90884961224588,0.00235029069414029,0,0.330560074455393,0.305755036222305,Not reported,Government,BOL,Bolivia
303884,261,1.64529215818139,9.77213023374876,0.00373697294453483,0,0.589992730190302,0.573654175179359,Not reported,Government,BOL,Bolivia
303885,5,0.0411118450444899,8.04439433694956,0.00533195596427149,0,1.22978411441791,0.296897112338409,Not reported,Government,BOL,Bolivia
303891,207,1.80321559651414,9.5286435312724,0.0044779926213375,0,0.716381718310834,0.291749465289275,Not reported,Government,BOL,Bolivia
303893,15,0.126828763793385,8.90188935984597,0.0446705805436765,0,3.99676131675836,0.397901834760979,Not reported,Government,BOL,Bolivia
303894,37,0.390796653256089,9.13030560386698,0.0322595081190845,0,5.29612910038318,0.319404260272817,Not reported,Government,BOL,Bolivia
303896,8,0.0494515605138484,8.57070231910158,0.0694214019356331,0,4.11833285129972,0.485309845171415,Not reported,Government,BOL,Bolivia
303899,7,0.060096596665329,8.50189651650685,0.0261396928495141,0,4.80405088635724,0.301214475927859,Not reported,Government,BOL,Bolivia
303925,6,0.0331411999262441,2.07544977131524,0.0611713170464299,0,2.50472764104797,0.936415369783699,Not reported,Not reported,SLE,Sierra Leone
303961,7,0.0400711113757656,6.07673154614649,0.0291305533939112,0,2.36981269894998,0.584461511526578,IV,Government,GHA,Ghana
306237,10,0.0896485725524104,9.7624105552417,0.0127208517313917,0,5.160922092046,0.160639036648222,II,Government,GAB,Gabon
306383,8,0.0518331807189655,7.59035905268111,0.225103758776812,0,6.03812892727412,0.739982132360968,Ib,Government,PHL,Philippines
306408,7,0.0424851179784661,7.69144723740555,0.0434445681182938,0,1.48816343617008,0.779791508335109,Not reported,Government,PHL,Philippines
306533,5,0.0265660836429637,5.0266405160362,0.0719743629497215,0,2.13180488232717,0.892157213463126,Not reported,Government,PHL,Philippines
306781,7,0.0290232221792193,9.30662828327926,0.213015832060714,0,3.45171388430984,0.316096110170699,VI,Government,MEX,Mexico
306825,15,0.0612568572916898,9.23319225315998,0.252527481719607,0,4.42054404068231,0.488544405579319,VI,Government,MEX,Mexico
306852,26,0.106442950937656,9.49885295428471,0.184550033127648,0,3.59194713421454,0.485672454046245,VI,Government,MEX,Mexico
306887,12,0.0677052337038401,8.33579461264608,0.201478327579684,0,4.49704590093915,0.214624089547754,VI,Government,CAN,Canada
308501,8,0.0364273205941704,9.88673023929808,0.0249469568422896,0,1.05897360149161,0.529264422303128,II,Government,CAN,Canada
308504,6,0.0312047188390905,8.95018732984564,0.0366552335767451,0,1.16211978970929,0.521295832885109,II,Government,CAN,Canada
308515,17,0.0610311081775154,9.97221971380971,0.0263336107590312,0,1.12847792301828,0.506262732666087,II,Government,CAN,Canada
308517,48,0.240299618384037,9.67678481519857,0.0333346441578244,0,0.957069750303111,0.598130559312527,II,Government,CAN,Canada
308519,25,0.125646550608998,9.99245534587459,0.024104194004813,0,0.318429328508804,0.677279389627035,II,Government,CAN,Canada
308624,15,0.167127612397155,9.94567087089152,0.00165214640196066,0,1.22569987305534,0.0208571469373232,II,Government,CMR,Cameroon
308637,5,0.0170222496192287,9.21633692208793,0.00759103978674324,0,1.22160285136304,0.364111547331423,II,Government,CMR,Cameroon
309914,10,0.0476136799010653,7.18220428353326,0.546267445684049,0,7.34358250753424,0.669523696509889,II,Government,AUS,Australia
310108,19,0.0956225858954909,8.45979362604845,0.424356183379382,0,6.9625900946023,0.444798168690817,II,Shared governance,AUS,Australia
310152,7,0.0347694535298445,7.57244294689899,0.482144721198495,0,9.17235062068589,0.798334583049539,II,Government,AUS,Australia
311880,10,0.0436594900428868,8.93214258736383,0.0982536948829236,0,4.75660798734533,0.552733070705716,II,Government,AUS,Australia
312259,7,0.0453642354219809,4.21400177608086,0.759807205208098,0,7.03123086933196,0.42189188813058,VI,Government,USA,United States
312900,14,0.111788058711903,9.54980333330575,0.015731454535945,0,0.558736712256858,0.621077508126842,IV,Government,MMR,Myanmar (Burma)
312904,112,1.01861398265861,9.40863339355569,0.0148239491640047,0,0.356220462954763,0.536058168429296,IV,Shared governance,MMR,Myanmar (Burma)
312906,10,0.0772445319111968,9.68467205550239,0.0399610027259969,0,2.56994563689981,0.565640424931135,IV,Government,MMR,Myanmar (Burma)
312910,20,0.196051685279559,9.4353183653252,0.0093113079308567,0,0.48335509397645,0.502623987961524,IV,Government,MMR,Myanmar (Burma)
312912,19,0.169697996275456,9.66313527297144,0.0246841185260379,0,1.53206114175884,0.309233632786708,IV,Government,MMR,Myanmar (Burma)
312933,6,0.044529297684435,8.08609638636126,0.0847749826270955,0,3.78885705315027,0.419053595515214,II,Government,THA,Thailand
312934,10,0.0587436794811668,8.8285074357033,0.0479267382180565,0,2.52352581810961,0.616426971369239,II,Government,THA,Thailand
312937,20,0.135284872439129,7.11195119018279,0.073070295925538,0,3.26122167082958,0.57811732810541,II,Government,THA,Thailand
312939,6,0.0357933978595512,7.50958972016408,0.0454355803408341,0,1.97977858500612,0.640859799330778,II,Government,THA,Thailand
312940,12,0.0778501926679639,8.21894369670928,0.122888630339951,0,4.1470824366745,0.545001155615523,Ia,Government,THA,Thailand
312986,16,0.114459949599186,5.7028264029432,0.053453894044387,0,1.68079473551345,0.367479698818656,VI,Government,LAO,Laos
312992,9,0.0646556439867902,7.78426687933882,0.124232887591298,0,4.67953149948881,0.574921239937085,II,Government,THA,Thailand
312996,5,0.0253284334135092,8.24756494381851,0.0725146958490581,0,3.90267826845185,0.502109111783829,II,Government,THA,Thailand
312998,11,0.0724851387437109,7.90840463872809,0.0749686572542261,0,3.58233788424045,0.683553667969512,II,Government,THA,Thailand
313004,11,0.0712370307062398,9.20716595486572,0.0342473920733049,0,1.76051624264594,0.516018942535758,II,Government,THA,Thailand
313007,5,0.0239114697463902,8.63679604941336,0.0344129892332244,0,1.52345029386468,0.628206567820502,II,Government,THA,Thailand
313049,6,0.0400144717121399,9.48364208844256,0.0604191922147356,0,2.99885334609791,0.295451479313413,Ia,Government,GEO,Georgia
313494,17,0.186349032111365,9.82375981044033,0.00211040197048586,0,0.637181244554148,0.319056309682698,VI,Government,COG,Congo - Brazzaville
314100,9,0.0630656058786786,8.67866638558131,0.518962060171875,0,7.76444865089862,0.24455789337335,II,Government,AUS,Australia
317045,12,0.10308391045472,4.83864813371372,0.220314722691309,0,6.23721420147428,0.59976397496353,VI,Government,CUB,Cuba
317056,5,0.0518084149700582,8.9441291106588,0.00439175859799294,0,0.878433865233656,0.216966550118182,Not reported,Not reported,COD,Congo - Kinshasa
317205,5,0.0410829905758104,6.87123397907079,0.0288909401450566,0,1.69978820591837,0.59635410308304,II,Government,IDN,Indonesia
317222,5,0.0211801728203896,8.63587357414914,0.0271753437713927,0,1.03802724162626,0.594609590598162,Ia,Government,THA,Thailand
317239,8,0.0406509999654438,6.96238948094532,0.19004350110484,0,5.72839112707973,0.550951361749802,II,Government,THA,Thailand
317258,14,0.133115021343211,9.9146288528442,0.00389222250778553,0,0.710136574306124,0.237145801922527,Ia,Government,IDN,Indonesia
317259,6,0.0428405218878468,6.50580300566925,0.0424322356600043,0,2.98693705989182,0.72778415772194,II,Government,IDN,Indonesia
317262,5,0.0501836374911934,7.25618754025824,0.00678338660699871,0,0,0.453049954275167,II,Government,IDN,Indonesia
317277,16,0.127335200224438,8.80299726682136,0.0286357789397952,0,2.82206847490706,0.276175777429977,II,Government,IDN,Indonesia
317281,10,0.10332700335854,9.66408520817154,0.00566689287048006,0,1.66369095128854,0.324937953771609,Not reported,Not reported,CAF,Central African Republic
317297,61,0.494828886020794,5.78826832567258,0.0569735948718155,0,3.52922336444458,0.469936289888051,Not reported,Government,PHL,Philippines
329002,9,0.048139271623818,8.44150424854139,0.273253805541285,0,6.15303342305221,0.586379393981733,VI,Government,GRC,Greece
342356,8,0.0731184599757319,2.07214086836284,0.0750887097279828,0,1.91294826210083,0.763955909212941,II,Government,GTM,Guatemala
342464,5,0.0344989952249184,8.19601338721291,0.00330033205328566,0,1.00552742861977,0.377311773863862,Not reported,Government,BOL,Bolivia
342465,17,0.15401229298263,8.61542398383564,0.0150103256983794,0,2.24611934435944,0.427886206850298,Not reported,Government,BOL,Bolivia
342466,19,0.150185247541015,9.31376429382973,0.00221450445874742,0,0.142688711092744,0.321683812148621,Not reported,Government,BOL,Bolivia
342468,18,0.157063533761493,8.52836175398077,0.0406244801299775,0,4.38763629260267,0.258784344714644,Not reported,Government,BOL,Bolivia
342483,117,1.34911493605633,9.06198466589494,0.0036496564981865,0,0.926476805197638,0.213990990447928,Not reported,Government,BOL,Bolivia
342500,11,0.0491013536623659,9.45135368486472,0.0053335899117948,0,0.592161994337376,0.340439085067622,IV,Government,BOL,Bolivia
342502,30,0.31599985493767,9.34776269047976,0.0056611167412207,0,1.11554964282778,0.388876291467483,Not reported,Not reported,BOL,Bolivia
342517,10,0.0468716324588578,9.34753057760306,0.00621825588720102,0,1.70972735372473,0.777517802945524,II,Government,ETH,Ethiopia
342670,7,0.0162384199692621,8.85729949184968,0.0282449182688899,0,1.44372526847953,0.856614072624601,Not reported,Not reported,GNB,Guinea-Bissau
342678,11,0.0302588377887404,6.22585344477675,0.00788731953782007,0,0.113965035346609,0.663502407214409,VI,Government,MOZ,Mozambique
342679,5,0.0120307334065419,8.04631805859883,0.0172767754186816,0,1.42926741851204,0.342278612045506,VI,Government,MOZ,Mozambique
344533,6,0.0224370412262029,2.27019182658679,0.782312656580735,0,8.23849012281828,0.755808837618152,V,Government,CZE,Czechia
348924,10,0.0406270681383893,5.90528481710879,0.777863437403032,0,7.17431425109479,0.886345737147931,VI,Government,ESP,Spain
350001,8,0.0725722752977765,8.31688188767826,0.00624398650475062,0,1.10497130602632,0.180914246662938,Not reported,Not reported,COD,Congo - Kinshasa
351711,83,1.00669833657647,9.33397321892311,0.000983343429712803,0,0.0700229894403052,0.377333466511998,Ia,Government,BRA,Brazil
351712,9,0.106626190374067,9.00212610017509,0.00352563916982653,0,1.80744061762388,0.487712281811162,II,Government,BRA,Brazil
351713,16,0.172708059255918,9.7438527894222,0.00143181637446487,0,0.695969004842474,0.0854909845448604,VI,Government,BRA,Brazil
351727,12,0.0711192752107215,6.44376338727555,0.15099749855323,0,7.12765375937037,0.597832381257847,V,Government,BRA,Brazil
351730,6,0.0310216537708518,7.58686497229228,0.038899027964961,0,5.89043263869961,0.455312690416862,II,Government,BRA,Brazil
351746,10,0.0527542403226479,7.84742807566421,0.00244431879068365,0,1.21133334552069,0.644154903116193,V,Government,BRA,Brazil
351748,8,0.0927789533785945,9.42912296285577,0.00106314744781568,0,0.49690181798732,0.19470391920791,II,Government,BRA,Brazil
351755,10,0.112473940763617,9.81701606486393,0.00107509719098364,0,0.375960822985476,0.0416285801759858,VI,Government,BRA,Brazil
351756,27,0.312371439445834,9.73201818865744,0.00147496829450536,0,1.02756286232363,0.241969355985683,VI,Government,BRA,Brazil
351759,5,0.0526513714536209,8.4445900410402,0.00400713619046807,0,2.25764905337306,0.200294010297113,VI,Government,BRA,Brazil
351762,7,0.0678261394282894,9.21435946579581,0.00859589766844386,0,3.27402280105299,0.471536092276952,Ia,Government,BRA,Brazil
351763,8,0.0838665434048032,9.74884594804123,0.00072633926142576,0,0,0.197065804436115,VI,Government,BRA,Brazil
351767,17,0.20113169395984,9.84449329494112,0.00209522851455178,0,0.872088487185537,0.116761244419985,VI,Government,BRA,Brazil
351773,7,0.0806225920221483,9.96123594709367,0.00238842305648323,0,0.818571141241615,0.179059686396879,VI,Government,BRA,Brazil
351776,36,0.3943425436917,8.58210242903766,0.00332818147029016,0,1.04587942873869,0.172304576446956,VI,Government,BRA,Brazil
351779,5,0.051622624285539,9.86542429597575,0.0008449582887778,0,0.214316687247017,0.18784411168186,VI,Government,BRA,Brazil
351784,232,2.83286982077225,9.97943779907455,0.00175735902604597,0,1.24610861957496,0.082154158986762,II,Government,BRA,Brazil
351785,20,0.246146090494609,9.91446328363919,0.000860829093635049,0,0.110254435115329,0.154384935825306,VI,Government,BRA,Brazil
351786,53,0.533156109156394,9.41422759076501,0.00219547087665289,0,0.778809786913917,0.200984008087925,VI,Government,BRA,Brazil
351792,9,0.108383177946703,9.44134276477256,0.00209570193328694,0,1.66510638420764,0.0952038502027068,VI,Government,BRA,Brazil
351795,21,0.181750691394868,7.532442187308,0.00236278701867576,0,1.63622986478546,0.798926659080395,Ia,Government,BRA,Brazil
351813,59,0.699437273451167,8.80376768522448,0.0010830351630297,0,0.362132772776945,0.255438723534703,V,Government,BRA,Brazil
351814,46,0.528832352266505,7.80422779935454,0.00121049128824179,0,0.216823722989795,0.503803164393138,VI,Government,BRA,Brazil
351815,21,0.258268251264629,9.93644226658763,0.000841802860120032,0,0.366219241928708,0.0444517874587132,VI,Government,BRA,Brazil
351817,33,0.396858101631067,9.76212460871834,0.000678481537626104,0,0.0950192821469237,0.0656889468972241,VI,Government,BRA,Brazil
351818,20,0.229040077403682,9.46832576987101,0.00118958007584382,0,0.374422501433455,0.191155876028098,II,Government,BRA,Brazil
351819,7,0.0848180064959114,9.74539883267054,0.000805572411449504,0,0.100272799060859,0.313178735166094,II,Government,BRA,Brazil
351820,37,0.428757465102896,9.88729521466873,0.000892544839912426,0,0.16179467127686,0.130346399142696,VI,Government,BRA,Brazil
351828,5,0.0400589731591893,7.70414224223704,0.0886616821031911,0,7.35920693759965,0.45635043416816,II,Government,BRA,Brazil
351830,6,0.0717557352195592,9.78134678622267,0.00157558068537171,0,0,0.333454795447451,VI,Government,BRA,Brazil
351833,33,0.30371908377679,9.63805606080342,0.00201949917721554,0,1.01244655874594,0.416963299915214,II,Government,BRA,Brazil
351834,5,0.0544567162482225,9.71966018876702,0.00225879271026137,0,1.79168984314734,0.0940191371463104,VI,Government,BRA,Brazil
351835,48,0.557652729338852,9.97167608709053,0.000838918272785128,0,0.54576546356024,0.0730380174024896,VI,Government,BRA,Brazil
351839,60,0.707041457439184,9.72595111691147,0.00169895674653346,0,0.786134324327232,0.325093780479388,II,Government,BRA,Brazil
351841,8,0.0260440376786976,6.28673446990681,0.0174675688364604,0,3.42581451828326,0.630919330979904,V,Government,BRA,Brazil
351842,21,0.250439890616765,9.94312949798583,0.00123695019016463,0,0.450416608089752,0.0483945585164183,II,Government,BRA,Brazil
351869,13,0.112159376960417,7.25030505883911,0.0421536893990332,0,5.62529792949491,0.632901521134537,V,Government,BRA,Brazil
351871,17,0.139908908167778,6.03001084400322,0.0379665610559153,0,5.19389439875618,0.768990224981378,V,Government,BRA,Brazil
351878,13,0.0547534645014284,7.17894534902259,0.0434115798477658,0,4.84317683275281,0.883456776534976,V,Government,BRA,Brazil
351900,69,0.344435942632772,6.31424233745892,0.00539835626720341,0,1.76759008431099,0.836455990836413,V,Government,BRA,Brazil
351907,15,0.0514569781679175,7.53607867665932,0.0203209938591182,0,4.50342691247482,0.749390464212772,V,Government,BRA,Brazil
351911,6,0.0218832582403945,7.38953148999999,0.0449327289082874,0,4.9932215751765,0.780368797574175,V,Government,BRA,Brazil
352130,64,0.497980379732947,4.93884083232489,0.0149552271878997,0,1.36279382692832,0.821831080725685,V,Government,BRA,Brazil
352135,11,0.112739394673477,9.56904022052645,0.00124317216893482,0,0.399403647820351,0.104104670655685,VI,Government,BRA,Brazil
352136,41,0.429892055337379,9.89815828409371,0.0034787336865069,0,1.24208488404566,0.252220158900695,VI,Government,BRA,Brazil
352137,8,0.0924486186319288,9.92126536831094,0.00141248448282546,0,0.947587056861297,0.0878983755739074,VI,Government,BRA,Brazil
352139,137,1.64761730754966,9.9737048796712,0.000679945004786747,0,0.155987123613911,0.075131323251914,VI,Government,BRA,Brazil
352140,14,0.142632116083572,9.44534032793541,0.00501683262893115,0,1.62572875787445,0.247218156950416,VI,Government,BRA,Brazil
352141,11,0.121664350938448,9.61093101072325,0.0025645757989849,0,0.559576845325242,0.16836276680454,VI,Government,BRA,Brazil
352156,10,0.121331826544536,9.97250065272376,0.000748252925361642,0,0.140087303478661,0.277457663925009,II,Government,BRA,Brazil
352157,6,0.0734623159895507,9.97155329350159,0.000776867291509391,0,0.11574405825505,0.216165779872679,VI,Government,BRA,Brazil
352159,7,0.0716438350724776,5.04153822177751,0.00371634995073696,0,1.57307288054756,0.545977395336443,VI,Government,BRA,Brazil
352198,142,1.70448810563554,9.97709591301073,0.00132692663923178,0,0.318151605244359,0.149136988654797,Ia,Government,BRA,Brazil
352199,26,0.304344854935346,9.88785464493498,0.00191948969229944,0,1.15610313193704,0.0515762770301552,VI,Government,BRA,Brazil
352200,105,1.26685459039526,9.91449118927833,0.00115883243030499,0,0.779609300919665,0.190034239412384,VI,Government,BRA,Brazil
352201,64,0.767083375607439,9.83188970808487,0.0018075173748568,0,0.791110497168036,0.112332325982646,VI,Government,BRA,Brazil
352202,8,0.0990523441456022,9.99621554495671,0.0010789233784909,0,0.589521035110539,0.30085450201475,Ia,Government,BRA,Brazil
352203,72,0.831693492904656,5.23691831535899,0.00240461675126285,0,0.442384843838514,0.788149904228563,V,Government,BRA,Brazil
352204,5,0.0612392082581821,9.70079923751467,0.0013230661239898,0,0.49565053166833,0.280778319747206,VI,Government,BRA,Brazil
352228,5,0.0156514081254311,7.34433229542489,0.00431719925340435,0,1.34497141858416,0.350274492096523,Not reported,Community/Indigenous,TZA,Tanzania
352249,14,0.112799105098869,7.24233698582805,0.0411776113207102,0,4.4067241467839,0.480469468579322,II,Government,MDG,Madagascar
352251,6,0.0250061341280465,4.1995137691066,0.0530220197398847,0,4.97713106200064,0.398575189826154,V,Government,MDG,Madagascar
352256,20,0.175447523648421,6.59148835325943,0.0343653879771042,0,3.07443050352481,0.5088701531672,VI,Government,MDG,Madagascar
352258,260,3.08348674107988,9.84478788107704,0.00226416729875825,0,0.769665571459569,0.33824026181747,Not reported,Community/Indigenous,BRA,Brazil
352259,30,0.312102255303289,9.71702816277621,0.00653973865273898,0,2.35135039034732,0.271175587005607,Not reported,Community/Indigenous,BRA,Brazil
352260,161,1.97057781153257,9.9565195804575,0.000911970468763911,0,0.207406967622071,0.0548084220354561,Not reported,Community/Indigenous,BRA,Brazil
352261,10,0.123054477796373,9.97614479840176,0.000886327379706009,0,0.592737394473076,0.140894677797265,Not reported,Community/Indigenous,BRA,Brazil
352271,46,0.332941278826343,9.48446981251873,0.00610837092316091,0,1.72582116315767,0.608981015231533,Not reported,Community/Indigenous,BRA,Brazil
352275,7,0.0709471686068326,9.66535309789291,0.000908394834604728,0,0,0.0738362964736311,Not reported,Community/Indigenous,BRA,Brazil
352276,13,0.156217244435395,9.98343380327311,0.000709779995266405,0,0,0.0457565878997947,Not reported,Community/Indigenous,BRA,Brazil
352277,6,0.0543732757923114,9.22178088218399,0.00486785748407365,0,0.964496961313172,0.425233554465026,Not reported,Community/Indigenous,BRA,Brazil
352278,27,0.303889209118798,9.95130716696842,0.000788199619983746,0,0.0611519780934206,0.00474817140592648,Not reported,Community/Indigenous,BRA,Brazil
352303,41,0.475603214971101,9.95493805446322,0.000780607273679915,0,0.0515307741951327,0.0143813892859969,Not reported,Community/Indigenous,BRA,Brazil
352319,5,0.0486596521305977,9.85259924728271,0.0018757594774706,0,0.371380854624997,0.191471764304007,Not reported,Community/Indigenous,BRA,Brazil
352346,75,0.89867694798312,9.98264335316075,0.000828202608579469,0,0.365134187993538,0.0409708859916284,Not reported,Community/Indigenous,BRA,Brazil
352354,8,0.0965419092104196,9.87049249067335,0.0014714338144041,0,0.571533829365551,0.231603472652522,Not reported,Community/Indigenous,BRA,Brazil
352364,18,0.20347872177639,9.62834245012278,0.00102216648383202,0,0.331382465997689,0.395728560021304,Not reported,Community/Indigenous,BRA,Brazil
352371,20,0.217091866621348,8.98309589890308,0.000909224530105687,0,0.31855024805853,0.49457277027965,Not reported,Community/Indigenous,BRA,Brazil
352396,10,0.0871027164769009,7.45527781562969,0.000966416226083414,0,0.0602950365524734,0.86449889451598,Not reported,Community/Indigenous,BRA,Brazil
352410,7,0.0778298129117094,8.74662612660236,0.00134903207599601,0,0,0.477521307598717,Not reported,Community/Indigenous,BRA,Brazil
352412,176,1.94366151340808,8.37006205300681,0.00142408089710568,0,0.440430665042716,0.489404616415973,Not reported,Community/Indigenous,BRA,Brazil
352413,9,0.0753955130440766,7.64928830921794,0.00130105216736716,0,0.147649213185492,0.715409474471259,Not reported,Community/Indigenous,BRA,Brazil
352420,52,0.202830388830584,8.20422284439366,0.00193538893902601,0,0.731042036089695,0.623246347290947,Not reported,Community/Indigenous,BRA,Brazil
352421,7,0.0485774530671194,2.67979887824789,0.00807107915584186,0,2.06139577487379,0.951803992786296,Not reported,Community/Indigenous,BRA,Brazil
352422,12,0.0881440836353146,7.00155218772426,0.00396245959190655,0,1.36175159081636,0.795005689661157,Not reported,Community/Indigenous,BRA,Brazil
354001,86,0.996058899735751,9.10971425120776,0.00109412160015761,0,0.427605461506213,0.362421339824904,Not reported,Not reported,COD,Congo - Kinshasa
356566,9,0.0185627362094274,9.62248419695709,0.127876778306384,0,4.8680513722692,0.590042316147004,VI,Community/Indigenous,AUS,Australia
357372,5,0.0154301239058874,7.41386278660732,0.26656360986247,0,6.02420921114745,0.945326883770969,Ia,Government,AUS,Australia
365090,16,0.0536008365073469,9.03279009891594,0.204579639815398,0,4.75731481068954,0.641645245432749,Ib,Government,USA,United States
365162,5,0.0218329882495381,9.33896337342767,0.2183026096501,0,5.1291533285622,0.645335143832889,Ib,Government,USA,United States
365217,22,0.101612934038606,8.02844758288823,0.383765979394591,0,6.44227181054579,0.774782663181574,Ib,Government,USA,United States
366202,40,0.215297279526191,8.15558134466842,0.110091511182058,0,3.22829717352695,0.539443488868374,Ib,Government,USA,United States
366301,34,0.17105848313638,8.56377137475867,0.243396468197603,0,5.44462594414779,0.33497440807502,Ib,Government,USA,United States
366393,5,0.00964429685394353,9.42807912739832,0.184391748711462,0,4.73603673127221,0.618759975795673,Ib,Government,USA,United States
366858,5,0.0249691623012214,7.11886965212363,0.646828399362669,0,5.65046965856843,0.739444648324034,V,Government,USA,United States
368535,5,0.0169843633653824,9.2593924139671,0.362716283480627,0,6.14112610462894,0.840353375173381,Ib,Government,USA,United States
368924,15,0.0621863384892729,9.21897851361028,0.204546197497134,0,5.40052033916049,0.582240335070875,Ib,Government,USA,United States
368950,20,0.0882368035076949,8.54235998414642,0.210247142010596,0,4.96417637534805,0.685190162203598,Ib,Government,USA,United States
369187,8,0.0429103260095345,9.29933406837087,0.181371482730548,0,4.16448798869605,0.449562363627984,Ib,Government,USA,United States
369189,5,0.0263658464397388,5.80631926627441,0.810988703955431,0,8.53978766692045,0.196705202808645,IV,Government,USA,United States
369223,21,0.170810293471341,8.5532213793487,0.677891862874315,0,8.81019851738921,0.130818190183687,II,Government,USA,United States
369302,7,0.0207904319625199,8.30121551369519,0.272818328439587,0,5.10884604505928,0.809345113046725,Ib,Government,USA,United States
369624,5,0.0134381011934707,7.58469609083797,0.271208681706507,0,6.12633964673879,0.768038700476849,Ib,Government,USA,United States
369724,7,0.019288561931399,9.35097370679465,0.284133456764878,0,5.74031074697298,0.90391260303705,Ib,Government,USA,United States
370277,6,0.0253283187840368,9.22350691134022,0.4068763764535,0,6.90748408199492,0.820090639148636,Ib,Government,USA,United States
370437,8,0.0242267617901904,9.93936338669829,0.0585130234100581,0,3.77144184023933,0.844200828211914,IV,Government,USA,United States
370883,8,0.0253868345438928,9.27738269232707,0.37937038528143,0,5.48674597611413,0.729831268183177,Ib,Government,USA,United States
371476,9,0.0579138570301812,3.80779935563773,0.358297007887155,0,6.91946041364311,0.918664428300154,Ib,Government,USA,United States
372077,6,0.0328667471822566,7.26030766151262,0.721362972643463,0,8.01864055612675,0.806882640620477,Ib,Government,USA,United States
372142,5,0.0156459734297286,9.22119567806604,0.462851924476591,0,7.15711590136676,0.652910162248313,Ib,Government,USA,United States
372151,10,0.0688991747521784,8.48289163817028,0.54475751545198,0,7.19916009118251,0.798046791160799,II,Government,USA,United States
372688,22,0.177557707334621,4.01468087941385,0.237637015389203,0,5.43882303687467,0.476733085578811,V,Government,USA,United States
372957,19,0.105198722679964,7.60673565081266,0.275152252286285,0,5.66371850345477,0.612004319423555,Ib,Government,USA,United States
373034,5,0.0293474464836952,7.73865868824543,0.312025011207445,0,5.69138741641038,0.909479284162372,Ib,Government,USA,United States
374344,7,0.0137721055341758,9.06057953564651,0.367132426023132,0,6.31005470396756,0.604496207367987,Ib,Government,USA,United States
374763,6,0.0366649729456056,6.66496034391133,0.369511482734627,0,5.52056108826137,0.823993336455879,Ib,Government,USA,United States
374911,7,0.0205651480775556,8.67574373658127,0.29070414036548,0,6.22441102965087,0.815203181121712,Ib,Government,USA,United States
375580,6,0.0373230237031724,5.89715484835548,0.441160653115678,0,4.35461800760875,0.495385602904638,V,Government,USA,United States
375788,12,0.0433083070493244,8.98387435755825,0.173072748543794,0,3.42296870973463,0.859884044085922,Ib,Government,USA,United States
375919,13,0.0840033143129499,7.80164870886006,0.367800254311301,0,6.85088365877702,0.745207896281299,Ib,Government,USA,United States
375994,14,0.0265717231363437,9.9972881485749,0.00738586328660272,0,0.0824016699978404,0.472090333340002,IV,Government,USA,United States
376099,21,0.119419259189406,6.30888697904524,0.360320175391262,0,6.20937868133923,0.832052147271712,Ib,Government,USA,United States
376604,8,0.0192609568725842,9.70386542696362,0.206592202064247,0,4.6640135060183,0.798502756775172,Ib,Government,USA,United States
376699,10,0.0295190776705674,9.44500569157509,0.283532338083305,0,5.82015167497836,0.874090399571156,Ib,Government,USA,United States
376727,6,0.0206722289555781,9.2927776068446,0.231752687303053,0,5.64268843940849,0.670267388033094,Ib,Government,USA,United States
376948,6,0.0293746865453046,7.87192582547964,0.408344900164023,0,6.00189139976734,0.6714466023827,Ib,Government,USA,United States
377712,19,0.19193312161536,9.90531396300327,0.0520398051191482,0,4.06906895816338,0.199159115610238,Not reported,Community/Indigenous,PNG,Papua New Guinea
388667,122,1.43464951168124,9.93910197810907,0.00491034349565654,0,2.98066758875583,0.0498756879828297,II,Government,GUF,French Guiana
388668,30,0.348927418576649,9.85393487203967,0.00458547642598079,0,2.90990498120714,0.0784003097117058,V,Government,GUF,French Guiana
389016,6,0.0262171767642837,5.56092243256119,0.847910386074431,0,7.43207591495455,0.847917331678305,VI,Government,ESP,Spain
390444,7,0.0264760341028525,3.46813675132843,0.2695352744044,0,5.65142159993227,0.517354775152584,II,Government,ITA,Italy
391972,20,0.104452222526476,5.49780058297581,0.868527275231461,0,9.38408618809948,0.691716949448243,V,Government,FRA,France
478028,451,4.32142369004091,8.00458061786429,0.00363921015143895,0,0.436315833676643,0.492352983038271,Not reported,Not reported,COD,Congo - Kinshasa
478033,111,1.33848167734901,9.49702810518547,0.00402256390911618,0,1.87637104197392,0.205927172251238,Not reported,Not reported,COG,Congo - Brazzaville
478280,35,0.230881314699679,5.84622733365181,0.0616842445345589,0,2.4602746540622,0.589747522713011,Not reported,Government,VNM,Vietnam
478289,95,0.79340725023995,6.28842647242324,0.0552074861837336,0,1.68893894235486,0.629596697380647,Not reported,Not reported,VNM,Vietnam
478389,17,0.0977260861157954,8.08303870734982,0.3853376983049,0,7.3328206491089,0.620452899647856,IV,Government,KOR,South Korea
478418,76,0.917874795993706,9.88138611587012,0.000972825372133942,0,0.148505583051216,0.0534681969926769,VI,Government,BRA,Brazil
478419,32,0.370242904785421,9.92557755903005,0.00118150833622862,0,0.217750300142647,0.145529451592795,II,Government,BRA,Brazil
478420,28,0.301776410782473,9.69321540111098,0.00126886565329393,0,0.512623470674479,0.171185713074602,VI,Government,BRA,Brazil
478421,20,0.240705234627994,9.82817637609055,0.00133015442070962,0,0.724778093128152,0.112977354473919,VI,Government,BRA,Brazil
478426,7,0.0788547358794052,9.54711550489006,0.00272591255876228,0,1.57736749917333,0.105055384362638,VI,Government,BRA,Brazil
478429,24,0.113967737958934,4.62175447881088,0.111076582726485,0,4.9312965390228,0.790097138542797,V,Government,BRA,Brazil
478431,61,0.643243500475796,9.47815571715137,0.00319864161531015,0,0.631244177341144,0.375012394744483,II,Government,BRA,Brazil
478525,9,0.0564309804443155,3.42430395078144,0.0290527043102519,0,2.85228192406943,0.779270003325489,V,Government,BRA,Brazil
478536,107,0.990573112446395,9.01382664728396,0.00764902999928006,0,1.28884583801645,0.38802455562109,V,Government,BRA,Brazil
478539,18,0.18795511690644,9.51209236923892,0.00195108598229964,0,0.448713848760082,0.229097471979703,VI,Government,BRA,Brazil
478641,20,0.0755383779167808,6.08865582806854,0.558795261652632,0,7.25618315795175,0.649330988025505,Not reported,Not reported,ITA,Italy
555558,6,0.0420127785211828,9.47770586581909,0.447342268489172,0,5.09987429977175,0.042478780500751,V,Government,USA,United States
555559,14,0.0827408971362615,9.25985565812304,0.33376625987967,0,5.775517142464,0.0769950072408595,Ib,Government,USA,United States
900555,22,0.103180650478652,6.92659371064939,0.0941592187807968,0,5.25329920574272,0.134315301496532,Not reported,Shared governance,RUS,Russia
900563,12,0.0282166950019117,5.78870584779879,0.0761464247659559,0,3.41013018284157,0.410649829778017,IV,Not reported,BLR,Belarus
900564,13,0.0374199909031387,5.20437260596342,0.0384912489855487,0,1.43404015747555,0.471700215239128,IV,Not reported,BLR,Belarus
900690,50,0.16567048969758,6.82516906839334,0.0249831066460349,0,1.33694983817684,0.598217707191732,IV,Not reported,GIN,Guinea
900693,47,0.15493439199407,7.38939207214276,0.011149081373254,0,0.207557149067116,0.379977886889022,IV,Not reported,GIN,Guinea
900694,32,0.0879626125164114,5.97906160584946,0.0294561797493971,0,1.23678325928158,0.558143992436448,IV,Not reported,GIN,Guinea
900720,7,0.0115472356841405,9.64824144094255,0.0170604218515963,0,1.77633382563383,0.643273850326821,Not reported,Shared governance,RUS,Russia
900722,20,0.0918418954054132,8.42696395872936,0.0699063186809134,0,4.15764081387857,0.065855410360474,Not reported,Shared governance,RUS,Russia
900723,12,0.0335481030968715,7.70089363567042,0.104624810877235,0,5.41773601501153,0.17508554576188,Not reported,Shared governance,RUS,Russia
900725,83,0.699053910854462,8.93095819791477,0.041910299398437,0,3.26986023293159,0.509276201935299,Not reported,Not reported,ARG,Argentina
900852,16,0.083983853030079,6.66491602928,0.0201616180584106,0,2.23860197191522,0.510591612942731,Not reported,Not reported,TZA,Tanzania
900881,116,0.472606275164624,8.79409625275333,0.106390851224224,0,3.43716620934505,0.69765909666517,Not reported,Not reported,CHN,China
900883,17,0.154736881182877,9.12158970507296,0.0546456365765542,0,3.15434825832651,0.480977144309088,Not reported,Not reported,VNM,Vietnam
900886,6,0.0464931995717444,8.60480440253063,0.0111141619405225,0,3.32685901739592,0.6956885014731,II,Not reported,BRA,Brazil
901253,81,0.616436287811693,1.8869827262182,0.0731896206715641,0,3.7703733628352,0.853665991967896,Not reported,Government,NIC,Nicaragua
901296,10,0.0552242232108779,5.56186467896218,0.0552075990444873,0,3.44040779444059,0.783102432453939,IV,Not reported,MDG,Madagascar
902258,11,0.0321155787515818,7.97718792951096,0.0734997607335985,0,2.88345483660784,0.542208283403273,Not reported,Not reported,ARG,Argentina
902335,241,2.61413858274891,8.28447117514722,0.0238578850081237,0,1.97085058765414,0.47123977902487,Not reported,Not reported,IDN,Indonesia
902347,17,0.0372694053777638,6.09232073794042,0.135794469049507,0,6.81052189293112,0.667597387774053,Not reported,Government,ZAF,South Africa
902480,8,0.0409027543993125,6.3926366440089,0.182122679002296,0,5.61403427249833,0.40994401049068,Not reported,Not reported,THA,Thailand
902513,311,2.17562525345334,8.86076625325377,0.0049841263765459,0,0.627934817306555,0.523940632660385,Not reported,Not reported,PRY,Paraguay
902606,25,0.0999911126627267,8.3122782279777,0.071691788851657,0,3.6611660831134,0.0587293193337691,Not reported,Shared governance,RUS,Russia
902679,149,0.862341290734144,6.14452844361116,0.0134469847935742,0,1.38650601277703,0.418998883610633,IV,Not reported,MOZ,Mozambique
902693,8,0.0528452175215691,3.82084531562859,0.345158536986046,0,6.36519107027999,0.818316642178439,Not reported,Not reported,HND,Honduras
902831,5,0.0109218343069392,6.29356643678911,0.0275863936353052,0,0.672005099378789,0.778827403998636,Not reported,Not reported,GIN,Guinea
902858,11,0.0800903601117006,1.58877021772646,0.0679431004750442,0,1.60489145795195,0.879604737714033,Not reported,Not reported,GTM,Guatemala
902873,12,0.0682463673499641,9.38618072737478,0.0529707146419966,0,0.727084429183015,0.23300102216609,Not reported,Government,IDN,Indonesia
902886,11,0.0226961041972787,9.30795474130403,0.00573605336205986,0,0.286727954002957,0.179825588246582,Not reported,Not reported,SSD,South Sudan
902902,61,0.348171360037297,9.19804487244324,0.0697630103164052,0,2.91091502872382,0.559881526630417,Not reported,Not reported,CHN,China
902997,11,0.0375720239913822,5.94947173842365,0.684973148176923,0,5.73416270318463,0.880460574932158,Not reported,Government,ESP;MAR,ESP;MAR
902998,11,0.0432791163369163,7.63151330332919,0.170929813430402,0,7.45529244466714,0.176679132336467,Not reported,Shared governance,RUS,Russia
903011,10,0.0495500621891191,6.31130472281263,0.231480833699569,0,6.38289425895309,0.691427970261221,Not reported,Government,MEX,Mexico
903017,11,0.0925920373214552,5.68535739714512,0.200857616563774,0,5.94586346433562,0.762197440645616,Not reported,Government,MEX,Mexico
903018,5,0.0134252615933122,8.30552991395818,0.282465750723544,0,7.56386987205841,0.471889079049583,Not reported,Government,MEX,Mexico
903062,40,0.32348953060235,6.70852948038809,0.065486886152076,0,5.00891219091858,0.519933626173923,Not reported,Not reported,MDG,Madagascar
903141,14,0.0575511440288189,6.80217030881648,0.257399149962717,0,7.0901434429914,0.445077726039971,Not reported,Not reported,ALB;AUT;BEL;BGR;DEU;ESP;HRV;ITA;ROU;SVK;SVN;UKR,ALB;AUT;BEL;BGR;DEU;ESP;HRV;ITA;ROU;SVK;SVN;UKR
1111179,8,0.0270222380749791,8.33252242822234,0.128428008681594,0,4.04099731421896,0.663138677892222,Ib,Government,USA,United States
1111192,19,0.105758596397956,7.95457833705985,0.576915407434528,0,6.98903407218535,0.824207851301279,Ib,Government,USA,United States
5555124,7,0.0434189756141447,9.10006864236218,0.475199458140359,0,5.84084041187938,0.0628428613415824,Ib,Government,USA,United States
5555126,6,0.0437637945204932,9.43769207248861,0.425373041328909,0,5.33258059981469,0.0459471851265291,Ib,Government,USA,United States
5555153,6,0.0335114164707827,8.7988372441932,0.54395913793277,0,5.65273349665905,0.0372328991462619,V,Government,USA,United States
5555160,8,0.052570421013923,9.25229645763646,0.384879245007267,0,4.66295766724572,0.0397462588223059,Ib,Government,USA,United States
5555485,5,0.0277354828842439,8.06554948378961,0.143139551280078,0,3.36526765332132,0.0503245152209984,V,Private/non-profit,USA,United States
11111113,5,0.0182588071254081,6.69468043050734,0.657025965875751,0,7.41382193925402,0.418324766551651,V,Government,USA,United States
11111184,76,0.337639004176607,8.58485847423299,0.0984477240075423,0,3.57360687285893,0.791349893170205,Ib,Government,USA,United States
11111458,7,0.0362713787703087,8.08114675640887,0.134459973702058,0,3.88941811118359,0.340906249313264,Ib,Government,USA,United States
11111465,41,0.225352572247697,8.18092263156192,0.122605574543034,0,3.60300682077504,0.500021235436188,Ib,Government,USA,United States
11111518,55,0.353215342721917,8.72587120992218,0.31984986245259,0,6.38822251968923,0.80744589599338,V,Government,USA,United States
11111765,7,0.0401839006499726,7.82244315442337,0.593752819314949,0,7.58812410229616,0.809344753369431,V,Government,USA,United States
11115170,8,0.0423943740477063,6.74484411804963,0.365964230142979,0,5.70088169241598,0.873227227532758,Ib,Government,USA,United States
11115319,7,0.0416166490853532,3.72722313719747,0.404367830941134,0,7.15501708008299,0.815147255400001,Ib,Government,USA,United States
11115337,6,0.0355381040441357,7.12136747165884,0.459264783596969,0,6.081054929804,0.717840328374424,II,Government,USA,United States
44442437,11,0.049695080126215,6.4701073236391,0.458676822804859,0,5.39828966844334,0.204955347737592,V,Government,USA,United States
44445314,8,0.0530357568879321,6.91142097155415,0.586046811332247,0,6.36619605537003,0.565653364223488,V,Government,USA,United States
55556165,7,0.0371942676792586,6.75328285346105,0.847638438873517,0,8.2055636596974,0.268658904604759,V,Government,USA,United States
555511936,81,0.912179229891188,9.89124368401309,0.00461389982807443,0,1.77268283670066,0.135939397354753,II,Government,COL,Colombia
555511941,11,0.118677770635058,9.34734284625027,0.0403224323536386,0,4.35824180422025,0.419586560337884,II,Government,COL,Colombia
555512064,25,0.157363897170747,9.89729574232629,0.00182539199200474,0,0.19207409444703,0.246526273722832,II,Not reported,COD,Congo - Kinshasa
555512065,20,0.117279018671857,6.50312665956079,0.00705125280572508,0,1.12321085106218,0.182431944264637,Not reported,Not reported,COD,Congo - Kinshasa
555512066,31,0.247365722676068,8.47217600875617,0.00336890778287153,0,0.247939827487792,0.29658950139734,VI,Not reported,COD,Congo - Kinshasa
555512073,32,0.258042440909592,9.54045977071528,0.00153065497537944,0,0.0878701790816638,0.227773556490287,Ib,Not reported,COD,Congo - Kinshasa
555512075,27,0.156667207729756,7.35702877988167,0.0064335477366218,0,0.979520919056035,0.12551903413983,Not reported,Not reported,COD,Congo - Kinshasa
555512077,28,0.322556407672287,9.89404029282685,0.00117893670239178,0,0.0763592266830693,0.185271277241254,Not reported,Not reported,COD,Congo - Kinshasa
555512165,12,0.108380217793397,8.39190604364872,0.0141463350091843,0,0.757622030155554,0.440160522499755,Not reported,Government,LBR,Liberia
555512166,6,0.0466260688191843,7.34009518434718,0.014622624592216,0,0.471879783590794,0.364843471554546,Not reported,Government,LBR,Liberia
555512168,8,0.0571062772849075,9.53407236700838,0.0126314480295039,0,1.75357862841443,0.322598570618314,Not reported,Government,LBR,Liberia
555512169,11,0.080415501858353,8.15503423362904,0.0143840686913122,0,0.993524915626145,0.277930447365322,Not reported,Government,LBR,Liberia
555512227,5,0.0244299888521429,6.10118529115157,0.105745521180812,0,3.52575222505608,0.725126123547387,II,Government,THA,Thailand
555512228,9,0.044452240966345,6.40929460115195,0.0896685677950175,0,3.42112444824498,0.687778918478362,II,Government,THA,Thailand
555512235,11,0.0755088368583021,8.59304683454728,0.0263074065522262,0,2.03302055742788,0.499567832138811,Ia,Government,THA,Thailand
555515508,6,0.0174721096263943,9.92117502624133,0.0384089543903022,0,0.60123783796425,0.829253009639015,II,Government,CAN,Canada
555515724,9,0.0244357104423026,9.48760349146484,0.0833013089029196,0,1.77474593720032,0.551492572675383,II,Government,CAN,Canada
555515845,6,0.0300863938212911,8.99126106367931,0.0306708718409844,0,1.31263045560634,0.348291277381446,II,Government,CAN,Canada
555515889,20,0.0758318782002625,9.89801944230524,0.0208904804411926,0,0.39927726145446,0.596980787927884,II,Government,CAN,Canada
555515972,6,0.02931606284832,9.43279717304946,0.0506195615684964,0,0.894016893745237,0.0748555665854877,II,Government,CAN,Canada
555516027,9,0.0322467978743134,9.8084833530659,0.0446985461132366,0,0.400862447788843,0.527706030570784,II,Government,CAN,Canada
555516089,6,0.0124275624081034,9.42820536207533,0.0286495086991083,0,0.40158764717571,0.654576506327755,Ib,Government,CAN,Canada
555516091,11,0.0482543526585964,9.93105738059147,0.0132597102150188,0,0.309851574571562,0.0521908153555548,Ib,Government,CAN,Canada
555516098,15,0.0453135655832116,9.74876874324714,0.0158118051141804,0,1.07201293972991,0.842965836880565,Ib,Government,CAN,Canada
555516103,15,0.0518591012483716,9.88467249174569,0.0170281470224909,0,1.17857728844121,0.54792404836797,Ib,Government,CAN,Canada
555516111,50,0.11334055014344,9.93133173084088,0.012611219464732,0,0.657905298218534,0.802690294748327,Ib,Government,CAN,Canada
555516129,5,0.0174781268985831,9.60048345919685,0.118986890891242,0,3.47210650387342,0.181865005830852,II,Government,CAN,Canada
555516134,32,0.106977552881874,9.91375520036325,0.010864013612719,0,0.123615937442702,0.432886935429535,II,Government,CAN,Canada
555516137,5,0.0199636535088967,8.26752778062618,0.0159853579747425,0,0.565355886607793,0.277576044731498,Ib,Government,CAN,Canada
555516138,12,0.0406957183547715,9.94016420203345,0.0169622591265203,0,0.538729604583877,0.335579933621727,II,Government,CAN,Canada
555516174,5,0.0135671799537236,8.91124965130533,0.0619410656670326,0,1.83555835162949,0.572229581644255,II,Government,CAN,Canada
555516204,9,0.0365712409518598,9.92662698881614,0.0308486821998043,0,0.78505259086349,0.696941463566758,II,Government,CAN,Canada
555516216,6,0.0110488899552499,9.53894381107881,0.044606489981492,0,1.05145879999756,0.559372490098604,Ib,Government,CAN,Canada
555516237,6,0.0206020651046179,9.84613748796854,0.0233795719202218,0,0,0.635625586939595,Ib,Government,CAN,Canada
555516254,5,0.0125184616622996,9.86864298125244,0.0168948852496289,0,0,0.521529310506468,II,Government,CAN,Canada
555516343,5,0.0192419139331514,9.44085253407154,0.0782542502068608,0,2.24190733228418,0.249625098737773,II,Government,CAN,Canada
555516345,15,0.0616353653568745,8.77182187364793,0.0341232297260497,0,1.22828256078382,0.0921753106566921,II,Government,CAN,Canada
555516430,41,0.0988650522950507,9.8187986440598,0.0178673247255079,0,0.0305639468232935,0.528862251310209,Ib,Government,CAN,Canada
555516943,8,0.0347615328971339,3.37874018421094,0.664821559255462,0,7.12428627272147,0.615563355896657,Not reported,Government,CZE,Czechia
555523044,9,0.0423180585984831,4.86470037346328,0.763758111344861,0,7.01556079115388,0.826883210338199,Not reported,Government,ESP,Spain
555523142,8,0.0357028885527065,5.50631969385537,0.791786504592662,0,7.56702221257908,0.930086646191691,Not reported,Government,ESP,Spain
555523161,5,0.0187078151210871,4.84374363295854,0.900868997597781,0,8.68314431332004,0.896217241032706,Not reported,Government,ESP,Spain
555523205,7,0.0365786885477186,6.17591995756677,0.896717059968446,0,8.93632775882357,0.88877954602535,Not reported,Government,ESP,Spain
555531072,6,0.0191321223418259,2.2056497143232,0.820267128859505,0,7.85102018507547,0.904183053131707,Not reported,Government,PRT,Portugal
555531180,11,0.0659294919811584,6.69251365041573,0.099033031494849,0,3.70163779672706,0.417631340346567,Not reported,Government,ROU,Romania
555537214,6,0.0233882397290601,2.23727576307204,0.777354740890518,0,8.71829940032173,0.57201749119461,Not reported,Government,CZE,Czechia
555540506,8,0.0370917918732863,4.70380688342982,0.320446911904869,0,5.37272341883721,0.636662366673673,Not reported,Government,ITA,Italy
555540745,5,0.0152231932258069,2.40172336861029,0.366444557336512,0,6.21544888288866,0.567969333448277,Not reported,Government,POL,Poland
555540751,5,0.016842593614101,3.59928191693512,0.445068206919028,0,7.21445919409629,0.480617007598405,Not reported,Government,POL,Poland
555540811,9,0.0258242780599869,2.28507285902075,0.426254746781384,0,6.15186124963887,0.666999740153189,Not reported,Government,POL,Poland
555540824,5,0.0207259916665723,4.33666283979248,0.296793819188638,0,5.86526836554202,0.39893855404469,Not reported,Government,POL,Poland
555540954,10,0.049033067038204,6.8742148274747,0.174781947268198,0,4.47121007666059,0.432270093131999,Not reported,Government,ROU,Romania
555541006,10,0.0462237942547677,5.61941640202174,0.183143412792831,0,5.13260295699583,0.69087380616682,Not reported,Government,ROU,Romania
555541012,6,0.0185083397035851,7.50970640314388,0.300379252093733,0,6.0266314400089,0.762679144113813,Not reported,Government,ROU,Romania
555541024,12,0.0386622253676092,5.26532662667637,0.24725021026454,0,5.3460567996082,0.666607327727114,Not reported,Government,ROU,Romania
555542506,6,0.0520487330328018,5.53742412506396,0.055440682514939,0,4.55500652582878,0.6302498146949,Not reported,Community/Indigenous,BRA,Brazil
555542511,9,0.0934885465114343,9.83674247263575,0.000852773690645441,0,0.234947589495229,0.0201945694949937,Not reported,Community/Indigenous,BRA,Brazil
555542512,29,0.329743058890585,9.29013573465386,0.00147079785430534,0,0.355476798802139,0.470428185831515,Not reported,Community/Indigenous,BRA,Brazil
555542514,16,0.161528078234312,8.41369526587026,0.00157875229792526,0,0.0489627949636216,0.610502145474441,Not reported,Community/Indigenous,BRA,Brazil
555542517,8,0.0590523156462841,7.63272093006913,0.0039419219545805,0,0.458833814698143,0.934358263319374,Not reported,Community/Indigenous,BRA,Brazil
555542519,7,0.0664185541377802,7.34511021348973,0.00277410645169042,0,0.696892099712776,0.907673960193991,Not reported,Community/Indigenous,BRA,Brazil
555542521,244,2.95824580267366,9.73183660761842,0.00173144055080092,0,0.879378157195725,0.234564164808128,Not reported,Community/Indigenous,BRA,Brazil
555542657,8,0.0897396901462317,9.25449083181101,0.00103368452619668,0,0,0.299833599812994,Not reported,Community/Indigenous,BRA,Brazil
555542659,15,0.169351025240774,9.72435821781502,0.000956938363624384,0,0.301384179765775,0.231904946989601,Not reported,Community/Indigenous,BRA,Brazil
555542684,15,0.0604656567441139,7.85170383564227,0.0699893816608999,0,3.40877471100549,0.258201509496209,Ia,Not reported,BLR,Belarus
555542728,32,0.229458363082286,2.73332566829001,0.0292955308705511,0,1.89220063271916,0.760676377947296,V,Not reported,MDG,Madagascar
555542729,72,0.303788848059222,8.01701888186802,0.0109489947512531,0,0.809363509900376,0.660173474726962,VI,Government,MOZ,Mozambique
555542774,7,0.0185101752789674,5.52801167668946,0.811286147500222,0,6.78909484660588,0.443167951177916,IV,Not reported,USA,United States
555542901,26,0.193950375353762,6.03766994890981,0.0387068378709194,0,3.42684226954419,0.844445210917937,Not reported,Government,ETH,Ethiopia
555543052,12,0.0340305218107993,9.94109839494051,0.000977603534380182,0,0,0.320714729359304,Not reported,Not reported,CHN,China
555543265,8,0.0208963287347495,3.61910477944554,0.732151916120286,0,6.98549165220305,0.828214659227698,Not reported,Government,PRT,Portugal
555543426,15,0.0758194215766062,9.77915219980216,0.175183340927814,0,6.14157224589412,0.742665700905219,V,Community/Indigenous,AUS,Australia
555543713,29,0.156600116475627,9.89544183873366,0.00707480081238266,0,0.646565936788292,0.785277643457161,Not reported,Not reported,CHL,Chile
555543796,165,1.07363044598919,9.16037505146013,0.0528347202455043,0,3.74891974657564,0.899183691670977,Not reported,Not reported,CHL,Chile
555544085,31,0.34740641875685,9.9329167440005,0.00163749216416761,0,0.497660906451738,0.176923079706758,VI,Government,PER,Peru
555545971,5,0.014165300225577,6.50209717070976,0.791941845753196,0,7.94839431152122,0.372209850279585,VI,Government,ESP,Spain
555547182,6,0.0278527484156308,4.11288999893638,0.878024844802965,0,9.9584675278379,0.400233623350766,V,Government,FRA,France
555547536,28,0.206729506813619,2.6976109180453,0.186483114991718,0,5.9194424876366,0.907318445669946,Not reported,Not reported,CRI,Costa Rica
555547580,26,0.145932813962078,7.79596398517777,0.131182295275922,0,4.94954889726732,0.985728449325216,Not reported,Not reported,CHL,Chile
555547903,13,0.119312511326314,8.33478569048205,0.0133375262518917,0,1.32886894898459,0.739220538552766,Ia,Government,MMR,Myanmar (Burma)
555547988,28,0.321672581870113,9.7822973225429,0.0038368058519942,0,2.17944074059305,0.160177850589913,Not reported,Not reported,CAF;CMR;COG,CAF;CMR;COG
555547990,48,0.308050077929585,8.5395692116699,0.060164181509897,0,5.25907705675733,0.761703447483088,Not reported,Not reported,IND,India
555547993,8,0.0428819921589499,8.80109434383087,0.00601620071558285,0,1.22131143796003,0.244082029513733,II,Government,CMR,Cameroon
555547995,5,0.03824079579349,8.52155175587589,0.0261965507874562,0,3.40970516417215,0.364904817995148,II,Government,CMR,Cameroon
555547997,5,0.0405445684878316,9.51399767176048,0.00624278595084967,0,2.13572930134228,0.289455681476824,II,Government,CMR,Cameroon
555548870,13,0.103960734544277,9.6364685081873,0.0147757043950427,0,3.69945551944869,0.354357938927028,II,Government,CMR,Cameroon
555548871,5,0.0241621824841766,9.11637855702051,0.00963264791315701,0,0.791626978112243,0.462488831932789,II,Government,CMR,Cameroon
555549007,5,0.0249059441541159,5.49267122498601,0.824653898338319,0,7.43495591923273,0.883682769779086,Not reported,Government,ESP,Spain
555549019,5,0.016683893320799,6.0182293420685,0.864475456933913,0,7.99113483068767,0.963621976450032,Not reported,Government,ESP,Spain
555549137,9,0.0326682291104792,0.850920818853154,0.794962334614048,0,8.25744970494726,0.743408105640917,Not reported,Government,PRT,Portugal
555549303,7,0.0259957138311096,6.74758103516947,0.0196244168573584,0,2.70423649402575,0.647161667476553,Not reported,Community/Indigenous,TZA,Tanzania
555549305,9,0.0353458938113083,9.23282015829327,0.00360354786970189,0,0.278308387562276,0.646827563242709,Not reported,Community/Indigenous,TZA,Tanzania
555555584,23,0.254836792516432,9.96341801290597,0.00140883692385496,0,0.0649117285685825,0.20297642459004,Not reported,Not reported,COG,Congo - Brazzaville
555555616,13,0.15596658507113,9.9097295834168,0.0072372639641493,0,1.82234731295656,0.0201005798632505,II,Government,PER,Peru
555555618,25,0.29064912706654,9.89503206872457,0.0018551921246139,0,0.193712169889205,0.0259874086177071,VI,Government,PER,Peru
555555619,11,0.0932759585091296,8.04096907004441,0.0163454713630423,0,2.80311714238636,0.370899713066828,VI,Government,PER,Peru
555555621,34,0.384824738231828,9.9713598778058,0.00509568086524093,0,1.77201879475869,0.0620132272228284,VI,Government,PER,Peru
555555623,9,0.0862506319800163,8.54863234328261,0.00505935262456088,0,1.52865476221029,0.568233447206659,VI,Government,PER,Peru
555555624,44,0.507936552560841,9.96396616555001,0.00266792543176187,0,1.20522746094837,0.0255315698264808,VI,Government,PER,Peru
555555657,83,0.964343906467304,9.97244329869048,0.00270672332540158,0,0.906417795066474,0.0696542613085221,VI,Government,PER,Peru
555555854,38,0.326287151656803,7.602346164565,0.0676962209301133,0,5.61766199120074,0.80255504330331,VI,Government,COL,Colombia
555555855,7,0.0594362126882263,6.2334144277528,0.0223683565629933,0,3.87372815646651,0.629380483598241,VI,Government,COL,Colombia
555557526,5,0.0170668300230676,9.34026022204159,0.0984676884890616,0,3.91768816931317,0.608150608492371,II,Government,CAN,Canada
555557746,28,0.0981753433090501,8.83452077938494,0.0149280928475275,0,0.268284402345954,0.632616294295774,Ib,Government,CAN,Canada
555557754,6,0.0221641221474416,8.89622110334056,0.0594318475864683,0,2.51685036735319,0.846726631859881,II,Government,CAN,Canada
555557763,17,0.0591611372680098,8.8413425078191,0.0893489737310556,0,1.26978556672106,0.53395808907134,II,Government,CAN,Canada
555557764,15,0.038585344601302,7.39557308583477,0.111175230919936,0,2.31694606119616,0.720992897179444,II,Government,CAN,Canada
555557769,16,0.0643285508979843,9.96310841634537,0.0208437447191301,0,0.129825098099897,0.619126994021408,Ia,Government,CAN,Canada
555557773,18,0.082578393275741,9.91183299542791,0.0170572547527758,0,0.365363340651587,0.922853707064366,Ib,Government,CAN,Canada
555557790,8,0.036763385318027,9.76346987774238,0.019009219381164,0,0.663464133843751,0.561973801214385,Ib,Government,CAN,Canada
555558128,21,0.0824166217246882,9.82199492275065,0.0460451851154861,0,0.590588824613358,0.512899041567738,Not reported,Not reported,CAN,Canada
555558225,5,0.0107040172030991,8.40616226324855,0.281829468602505,0,3.7444160009908,0.733322354950195,IV,Shared governance,CAN,Canada
555566943,29,0.103348623838682,9.99044044441521,0.0180791846422371,0,0.175659801363059,0.728112921424252,Ib,Government,CAN,Canada
555566968,25,0.0844250607237844,9.49869985586498,0.0159337135953167,0,1.14030006984441,0.53428909438949,Ib,Government,CAN,Canada
555567090,64,0.193228870563695,9.90708360173113,0.0595032049956157,0,1.70739836807132,0.787618219630709,II,Government,CAN,Canada
555567106,5,0.0290215863195132,9.26390963079759,0.0401872330575169,0,0.992184238744553,0.0580795914190616,II,Government,CAN,Canada
555567121,5,0.0171745922559775,9.79840177596807,0.0275162009805319,0,1.31540519857671,0.559653954873214,II,Government,CAN,Canada
555567126,5,0.0237353049411476,7.53352939804521,0.0256839725773317,0,0,0.161828080967484,II,Government,CAN,Canada
555567135,5,0.0230031532463296,9.94315863368471,0.0337433709285664,0,0.164932626859621,0.630304206916599,II,Government,CAN,Canada
555567145,6,0.0149415578324229,9.91470657820843,0.0257644536495251,0,0,0.878120420515238,II,Government,CAN,Canada
555567147,13,0.034305681025709,9.99584843833066,0.0202094056715472,0,0.261673682100847,0.387186786284701,II,Government,CAN,Canada
555567148,46,0.179763399709674,9.21168232549476,0.0507001192967954,0,1.88724370474018,0.849687410086769,II,Government,CAN,Canada
555567267,16,0.0932403953224958,9.15343017050845,0.0732218535942307,0,1.35761116304338,0.0812076549155915,II,Government,CAN,Canada
555569775,20,0.0923712752488566,9.846722405672,0.0834201958933296,0,3.10074169266839,0.503793304551273,II,Government,CAN,Canada
555569935,7,0.029301467022119,8.26094276270794,0.0936716770107307,0,2.17870446786924,0.95387739023883,VI,Private/non-profit,NPL,Nepal
555569944,8,0.0409440529441403,8.83864741942861,0.0559679673213474,0,2.13080762346629,0.519046038270297,II,Government,NPL,Nepal
555571264,16,0.134731457657189,9.31289081065038,0.0153940888925078,0,0.699363407841834,0.381835386308167,II,Government,IDN,Indonesia
555575329,8,0.0591148772437773,8.71259534167055,0.18416253260796,0,5.81652198061211,0.567925664541859,V,Government,JPN,Japan
555575356,9,0.0697059064919975,6.657203305698,0.246658147482334,0,5.79166032040089,0.55952257982797,V,Government,JPN,Japan
555576122,12,0.0588696944233671,9.0444712543807,0.0413028768829035,0,2.01482083456291,0.718646617622608,II,Government,BTN,Bhutan
555576163,39,0.466352114073059,9.92949495314161,0.0007024385731487,0,0.072686636450707,0.114899719525772,VI,Government,BRA,Brazil
555576172,5,0.0181208741933776,1.1346577662974,0.0439493279363172,0,4.50076731958145,0.887453381568608,V,Government,BRA,Brazil
555576191,5,0.0378721217849725,8.67495691560631,0.00724632320120795,0,2.06560472323806,0.585403768883792,II,Government,BRA,Brazil
555576204,164,1.91803922649717,9.82837028011987,0.00236798423145523,0,1.3725977653559,0.066778360493954,VI,Government,BRA,Brazil
555576208,22,0.20650541172739,8.33461437806855,0.0390804583979924,0,4.51682600155934,0.496301165180391,V,Government,BRA,Brazil
555576219,14,0.0679953336549554,6.47584920472303,0.179688263501404,0,6.84010128586993,0.744152226179228,V,Government,BRA,Brazil
555576231,5,0.0335262933256802,6.65603917476111,0.163533375358472,0,6.46441353071574,0.616396785965724,V,Government,BRA,Brazil
555576236,8,0.0896706613791966,9.69360665580917,0.00346317358459822,0,1.72460969143693,0.137592936360049,VI,Government,BRA,Brazil
555576283,7,0.0816351561636113,9.94427058184247,0.000719802789046397,0,0.205974891031909,0.072057189790588,VI,Government,BRA,Brazil
555576306,15,0.0614896858922228,2.37061425077488,0.175542196441762,0,5.65270660641554,0.802167595239679,V,Government,BRA,Brazil
555576317,12,0.067134162680282,6.66503173316497,0.189702936406521,0,5.69837455612848,0.69020661262017,V,Government,BRA,Brazil
555576350,7,0.0150976070920299,2.47907140671436,0.0826966529608603,0,4.50376196167346,0.639608040112288,V,Government,BRA,Brazil
555576389,21,0.119395105896204,5.37048087588506,0.0335101044882484,0,2.97796052582528,0.655730139472263,V,Government,BRA,Brazil
555576393,8,0.0816014862098906,9.24851634005972,0.00169963752652046,0,0.456248825702224,0.272860695745644,VI,Government,BRA,Brazil
555576433,18,0.214465418218754,9.9102446267387,0.00113973194996617,0,0.938680654662033,0.146080738077706,II,Government,BRA,Brazil
555576453,16,0.140456145476501,4.00914037312532,0.016536253518975,0,1.8604285901628,0.880258874022719,V,Government,BRA,Brazil
555576479,5,0.0260097092959455,3.93902500474846,0.246327835255444,0,5.69832345716284,0.918840860119232,V,Government,BRA,Brazil
555576542,16,0.0245466298337316,9.22130938046616,0.00156339891508534,0,0.268933829804749,0.53673952102268,Ib,Government,MNG,Mongolia
555576543,10,0.0252833304597698,9.96385156112827,0.00116094087201811,0,0.381360319196112,0.16823275756853,II,Government,MNG,Mongolia
555577244,10,0.0212024786452987,9.82307720478688,0.0842212597272563,0,4.46931861737267,0.645227413681806,II,Shared governance,AUS,Australia
555577303,13,0.0655396822707417,9.87504562190252,0.252066001946759,0,7.05073720850578,0.567238249656072,II,Government,AUS,Australia
555577536,11,0.0520044511982238,8.65683749488736,0.0322334372227114,0,3.21566275529906,0.563000555274028,II,Government,ARG,Argentina
555577619,7,0.0274324200638224,4.32927312357069,0.656893796701611,0,9.00059423851133,0.548430453790577,Not reported,Government,AUT,Austria
555577629,5,0.018075930121247,1.99899264814284,0.609820369099103,0,7.59446290267718,0.557325060389757,Not reported,Government,AUT,Austria
555577733,6,0.032908112502481,6.54855924301717,0.351246165141585,0,4.91200093092473,0.385701479000444,Not reported,Government,HRV,Croatia
555580440,5,0.0151896929356266,4.15768157871144,0.754928730151424,0,7.35715671410166,0.842939898191802,Not reported,Government,ITA,Italy
555580685,10,0.0308433277132089,3.08043172927715,0.0827373351460817,0,3.70017646195042,0.376115600941694,Not reported,Government,LVA,Latvia
555580747,8,0.0235853858767878,5.2464097993397,0.102128247682125,0,4.54175503297007,0.192310430810719,Not reported,Government,LVA,Latvia
555580756,7,0.0239146541040085,1.65841912724795,0.107065004264231,0,4.2726429465717,0.310443528526683,Not reported,Government,LVA,Latvia
555580767,6,0.0295461459123663,6.45145449888213,0.744015702899337,0,9.554120943502,0.434945664391775,Not reported,Government,ESP,Spain
555582981,7,0.0568221939659508,4.19730386263025,0.0356562635559029,0,2.40612224441988,0.612845432133573,II,Government,HND,Honduras
555583085,8,0.0583184714355718,7.92710028440849,0.0355826322916879,0,1.49374014380724,0.552999609689735,Not reported,Government,PHL,Philippines
555583089,5,0.0254491378618943,6.91975905509582,0.0504202646331106,0,2.91222265850701,0.940123025038577,II,Government,PHL,Philippines
555583092,17,0.121640979269439,7.3254055005984,0.027211733862246,0,2.04860380865909,0.762994590806141,V,Government,PHL,Philippines
555583093,29,0.24849432794413,8.19057341754692,0.0273773324277101,0,2.69281854088201,0.516465291666725,II,Government,PHL,Philippines
555583103,11,0.0816498097511511,7.29883543810419,0.0655428285039541,0,3.18090810788385,0.693586016845768,Not reported,Government,PHL,Philippines
555583108,8,0.0212120473866651,9.66181265923863,0.00469103031423152,0,0,0.0637051054620849,II,Government,SSD,South Sudan
555583111,26,0.0862331495619613,9.99489985558115,0.0020456907029263,0,0.120210557614409,0.0772566748231753,VI,Government,SSD,South Sudan
555586266,33,0.159311533063228,9.20844807123304,0.307039089385183,0,6.01604504999073,0.710532258781829,Ib,Government,USA,United States
555586272,6,0.010310527433922,9.75514968487833,0.0496867672377818,0,1.65711114765154,0.275432518023089,Ib,Government,USA,United States
555586277,8,0.0248566554951486,9.92366844728092,0.0462771906944757,0,1.99948787528136,0.540367843690551,Ib,Government,USA,United States
555586278,8,0.0460115919976799,9.25635098509421,0.360406408832111,0,6.46941347480701,0.757524230505844,Ib,Government,USA,United States
555587126,19,0.0665374873366112,6.73495573655935,0.0113008387882805,0,0.583551261567903,0.386031879608102,Not reported,Not reported,ARG,Argentina
555587169,54,0.304356837448918,9.36469763071469,0.0519791745801268,0,2.91835245313553,0.92358555678616,Not reported,Not reported,ARG,Argentina
555588762,8,0.0213870062611302,6.35546634174913,0.899100204854217,0,8.33832710709227,0.875917206467773,V,Government,ESP,Spain
555592554,18,0.171064747898747,5.33929096382868,0.0229109498082446,0,1.73753814938317,0.534889239133121,II,Government,IDN,Indonesia
555592563,10,0.0416143576968672,6.93979196493158,0.112170575372509,0,5.04012869842787,0.386330873855998,II,Not reported,BLR,Belarus
555592569,7,0.0448912862202863,8.08382524123558,0.349209237075319,0,7.21091606867488,0.802841610168185,II,Not reported,NCL,New Caledonia
555592597,5,0.0268238083241019,9.5903165829789,0.035559292512488,0,2.21849259576535,0.609613844349812,Not reported,Government,BOL,Bolivia
555592602,5,0.0330363574644571,9.64085823478227,0.00172168702451889,0,0.192809485689182,0.018616392378201,Not reported,Government,BOL,Bolivia
555592608,6,0.0219165116982322,8.42946142765989,0.00402796159215544,0,0.436744547698201,0.576077203709899,Not reported,Government,BOL,Bolivia
555592655,20,0.218048521986279,8.56485045570499,0.00715383827623457,0,1.71983654675995,0.270814308720573,Not reported,Government,BOL,Bolivia
555592663,27,0.294862003477982,8.38281849418945,0.00463567899690162,0,1.32597301769499,0.0754773641816452,Not reported,Government,BOL,Bolivia
555592668,21,0.183133994932345,9.16177781750958,0.0148546186217682,0,2.53056072835154,0.188938936708405,Not reported,Government,BOL,Bolivia
555592670,67,0.556011563513917,8.33357955881779,0.0477491463703007,0,4.44857038692313,0.274832945069898,Not reported,Government,BOL,Bolivia
555592678,30,0.224454187538763,8.37149159902864,0.0048810005405581,0,0.396119710200783,0.469886738561222,Not reported,Government,BOL,Bolivia
555592685,97,0.914320724542829,9.6563505829567,0.00242706128275237,0,0.50549672644356,0.33639139171613,Not reported,Government,BOL,Bolivia
555592962,5,0.0428117960713893,9.65732219874182,0.0198628819331544,0,4.39213338680274,0.3137886219188,Ib,Government,ECU,Ecuador
555593250,23,0.0900960116389231,9.94958772427506,0.0216272501026443,0,1.32374169772595,0.267660239589343,II,Government,CAN,Canada
555593253,8,0.0223407938106041,9.95214737126482,0.0211215938685571,0,1.01712272863663,0.259404658258776,II,Government,CAN,Canada
555593266,6,0.0146985917681671,9.98176362955385,0.0134479179558537,0,0.146641555698779,0.501460299004915,II,Government,CAN,Canada
555593996,6,0.0404139596933452,7.83482025178155,0.195125088769643,0,9.80531381727431,0.674475577255964,IV,Government,TWN,Taiwan
555597294,9,0.029346872623523,2.44754982407913,0.908434907301711,0,9.28372318898136,0.373590387967891,V,Government,FRA,France
555597355,6,0.0157552845564418,5.2429205319117,0.805467585104985,0,9.64580923267278,0.293187284281968,V,Government,FRA,France
555599266,5,0.0142087947537806,8.61252980175335,0.342527274963712,0,6.0320602335337,0.673536518298758,III,Shared governance,AUS,Australia
555599309,6,0.019673918757071,9.83830593447118,0.0832929270392419,0,4.09036766033417,0.837466434088947,VI,Private/non-profit,AUS,Australia
555599884,5,0.0126483439233207,9.62755885244572,0.227337766915293,0,3.91825874812034,0.0798364236703595,VI,Government,MEX,Mexico
555599885,19,0.0994034531139449,9.21719796702241,0.39956591030603,0,6.42986192785205,0.0908205446445705,VI,Government,MEX,Mexico
555599925,14,0.0614323388115231,2.35748138781672,0.0818480173433121,0,4.33766972078263,0.707285649632881,V,Government,BRA,Brazil
555599933,13,0.119520003169184,7.82064938495444,0.0676762821647427,0,5.68749672768424,0.535994394106091,V,Government,BRA,Brazil
555599940,19,0.14097393580271,4.53436073673239,0.0386882594911436,0,2.76981427511009,0.68820858646546,V,Government,BRA,Brazil
555600076,36,0.443444872891029,9.95381090615576,0.000675832220264689,0,0.152785124790282,0.0722364774047596,Ia,Government,BRA,Brazil
555600306,42,0.25389660119587,6.13738805337062,0.119060531405765,0,5.58110880789988,0.692757583615047,V,Government,BRA,Brazil
555600312,20,0.0915372015417166,6.28879043264813,0.0163379767461723,0,3.04344015292277,0.60363881216524,V,Government,BRA,Brazil
555601340,8,0.0371356064592877,6.34671044768159,0.485592707587799,0,5.33655731768982,0.336417045922926,V,Government,USA,United States
555601685,8,0.0370005530095594,6.18023146331013,0.610050735226307,0,6.130511446135,0.478681552279071,V,Government,USA,United States
555606431,5,0.0197227150658637,8.89171839624495,0.342084745597252,0,5.99504272412544,0.695628792205856,Ib,Government,USA,United States
555606906,7,0.0185206911341305,9.9653650197136,0.0255351548749517,0,1.84224050973878,0.849884333152701,V,Government,USA,United States
555612043,8,0.0401785984493637,8.58554728063492,0.0933030647186427,0,3.04816128375494,0.325512430261103,Ib,Government,USA,United States
555621334,21,0.209155346109951,5.99401210727039,0.109176865912559,0,5.05267739607029,0.533659672993059,VI,Government,MEX,Mexico
555621354,10,0.0701648600701391,7.63276030385379,0.362544876978229,0,7.2182876308881,0.26287088086026,V,Government,JPN,Japan
555621355,20,0.138011294190784,8.48789766891819,0.118159815191632,0,4.7050504053213,0.432129832753531,V,Government,JPN,Japan
555621363,5,0.0259269501116384,7.44665717549435,0.347558112262352,0,7.42209533427441,0.423834824871281,V,Government,JPN,Japan
555621370,5,0.0261923883742149,7.3909383086156,0.223079329705907,0,6.69612448321037,0.274742510183787,V,Government,JPN,Japan
555621520,7,0.0329492185205705,7.41782988304623,0.448543589633645,0,6.48415362159788,0.536962572063407,Ib,Government,CAN,Canada
555621524,23,0.0943835050256835,8.8579101502101,0.019229044083307,0,0.562292991428731,0.73954923294048,Ib,Government,CAN,Canada
555621529,22,0.0971129910053946,3.71651221013055,0.0232519704298454,0,1.07428213556728,0.526684662323341,Not reported,Government,CAN,Canada
555621533,48,0.148308698203203,9.94382825090723,0.01489474222446,0,0.498545230792692,0.309585214674257,Ib,Government,CAN,Canada
555621539,13,0.0419779762079736,9.93334043606382,0.0298275260477078,0,1.31613460053478,0.699258738850669,Ib,Government,CAN,Canada
555621562,99,0.384459084068204,9.99709362724971,0.0293949119690908,0,0.260178123580225,0.400896501165066,II,Government,CAN,Canada
555621662,54,0.228554556172505,9.85622492075851,0.0212159598072358,0,0.188239272529263,0.656288256012022,Not reported,Not reported,CAN,Canada
555621884,16,0.115975113934149,4.54688508330322,0.364967884056164,0,5.8434737627197,0.104652828452403,Not reported,Government,MEX,Mexico
555621896,11,0.0890049547870689,7.71985578261468,0.207358533700014,0,6.8549536832632,0.0590027880974137,Not reported,Government,MEX,Mexico
555622119,12,0.115201771004348,9.80669699185368,0.0019227089358231,0,0.30613314630444,0.0322180652398594,IV,Government,CMR,Cameroon
555623628,105,1.2151007211759,9.88894869796736,0.00136454241620235,0,0.572183846248296,0.0513017951019527,II,Government,PER,Peru
555623630,27,0.300869429961975,9.92477545372367,0.00238045166062371,0,0.551722006834961,0.0614835323570637,VI,Government,PER,Peru
555623783,14,0.0458362495996238,9.06834553942344,0.00299839324595933,0,0.265068004404435,0.323227300708846,Not reported,Government,TZA,Tanzania
555623790,13,0.0412856122256636,9.41490783295059,0.00285755648324344,0,0.35935523699122,0.239967276474106,Not reported,Government,TZA,Tanzania
555623802,17,0.0671608004877527,9.27911274210499,0.0107813980070069,0,1.65597569577595,0.26743831336554,Not reported,Government,TZA,Tanzania
555623806,5,0.0284426141702649,9.47435531404071,0.00369795210349246,0,0.440336992273951,0.084826434045418,Not reported,Government,TZA,Tanzania
555623815,10,0.0429709890630865,8.74508314804537,0.00547637127513982,0,0.851514865540909,0.458476376271677,Not reported,Government,TZA,Tanzania
555623820,10,0.0449829221596205,7.64514647941484,0.00264479652754379,0,0.123577681175744,0.171066487481005,Not reported,Government,TZA,Tanzania
555623827,18,0.0847806585834234,8.32627452867649,0.00746063044886674,0,1.43977680454595,0.408578182840124,Not reported,Government,TZA,Tanzania
555623848,17,0.0804103193533115,7.82616121647299,0.00531694151431641,0,0.544339498323247,0.463370325316728,Not reported,Government,TZA,Tanzania
555624151,8,0.020680934819575,4.06196958159571,0.0466712551166813,0,3.72719773337066,0.775688072411858,Not reported,Not reported,URY,Uruguay
555624187,5,0.0296696351586578,7.87699532750334,0.057774004110529,0,1.27057590384058,0.737974346976429,IV,Government,MMR,Myanmar (Burma)
555624219,6,0.0449059566712692,2.52068546679225,0.1091507535879,0,4.73394902227201,0.821846196557167,II,Government,DOM,Dominican Republic
555624305,27,0.213721238762108,8.71631011843316,0.114789733889292,0,3.3425676079091,0.583299070956325,VI,Government,MEX,Mexico
555625665,68,0.738528914666727,9.90978422394427,0.000818503426022448,0,0.278673713485202,0.22227925140724,Not reported,Not reported,COD,Congo - Kinshasa
555625801,281,1.42623669950361,9.07714642097242,0.0135389028051392,0,1.63498486410223,0.149050543999646,II,Not reported,COD,Congo - Kinshasa
555626074,57,0.539209688338575,9.45248051622455,0.0134738677475213,0,0.43991259249654,0.461544127253364,IV,Government,MMR,Myanmar (Burma)
555626076,8,0.0600521152622055,9.49366801722904,0.018787849078235,0,0.985524592157707,0.680515316533476,IV,Government,MMR,Myanmar (Burma)
555626089,10,0.0326994072210783,7.02420264382474,0.0075666401311118,0,0.856755626614735,0.783793197326924,Not reported,Shared governance,ZMB,Zambia
555626090,16,0.043117347779355,8.58818271679288,0.00624712699260529,0,0.3018407363651,0.394841836429889,Not reported,Shared governance,ZMB,Zambia
555626098,24,0.119095990016167,7.63896600227148,0.00403552781099152,0,0.462035536604232,0.50910512525009,Not reported,Not reported,COG,Congo - Brazzaville
555626099,21,0.138827311731202,8.75166297075427,0.00511630960730514,0,0.710588499492077,0.56254633414486,VI,Not reported,COG,Congo - Brazzaville
555629210,6,0.0358894034899693,7.99427072550516,0.0160072827643106,0,1.54777271753515,0.201074238740361,IV,Not reported,COG,Congo - Brazzaville
555629239,85,1.01321036764344,9.97848770812033,0.00149355737688215,0,0.476597565362993,0.0398914679639602,II,Government,PER,Peru
555629437,23,0.129747362878806,7.09385692915263,0.0177866566051209,0,2.02914219899969,0.845064884719912,Not reported,Not reported,PRY,Paraguay
555632610,5,0.0137210700985574,5.18050299252822,0.279271100035951,0,8.0248552543397,0.235668055486747,Not reported,Government,EST,Estonia
555635844,9,0.0923175092382404,8.78909717126811,0.0194842586878398,0,1.56062786984417,0.431516996936241,Ia,Government,IDN,Indonesia
555635873,7,0.0584765631613577,8.41551247457569,0.111747681865795,0,5.07382277795517,0.570693781286317,Not reported,Government,IDN,Indonesia
555635877,5,0.0461616587224103,9.50789372923651,0.0428353636465292,0,1.82433080329583,0.142004558099671,Not reported,Government,IDN,Indonesia
555635894,10,0.0858771771454922,9.81454331653253,0.0146194480408304,0,2.08303415210455,0.245424878339748,Ia,Government,IDN,Indonesia
555635933,33,0.163078432796411,9.29379763961564,0.0206255059684332,0,0.0519811242157077,0.597993063595398,VI,Government,IDN,Indonesia
555636630,11,0.13083814736077,9.84525889603147,0.000664667991403094,0,0,0.0567730247035345,VI,Government,BRA,Brazil
555636632,13,0.157397337322094,9.86690283785873,0.00130258939912888,0,0.315956658796033,0.199896975599624,VI,Government,BRA,Brazil
555636633,23,0.274855289905031,9.80040590361121,0.00522811790948893,0,1.42982218934319,0.321628672476933,V,Government,BRA,Brazil
555636636,15,0.170586202363652,9.96338504295861,0.000697504420026317,0,0.105906384856594,0.190064484363253,II,Government,BRA,Brazil
555637330,291,3.20538740078245,9.61173321637137,0.00448392477618135,0,1.54550548556362,0.288075468598461,Ib,Not reported,BRA,Brazil
555637343,60,0.698978505244396,9.57599247482189,0.0131336413265148,0,3.90122596731369,0.19630475094476,II,Not reported,ECU,Ecuador
555637345,6,0.030481963862564,9.09121445377572,0.119459985589412,0,5.26684858672698,0.469049079990272,II,Government,ARG,Argentina
555637434,6,0.0239890374773242,9.72261777429371,0.00286599022223391,0,0,0.0406018584425012,Ib,Not reported,CHN,China
555637437,8,0.0220366957637235,9.63895654555153,0.000798275293896882,0,0.288446147197843,0.272286364462333,Ia,Not reported,CHN,China
555637720,18,0.099604972702473,9.32387069192535,0.331361863264127,0,5.62631989694676,0.0946131196309708,II,Government,CAN,Canada
555637911,7,0.0208063096951501,9.78999692859355,0.064321921032847,0,0.598475815975067,0.57203143467616,II,Government,CAN,Canada
555637959,7,0.0284115749226741,9.93567478607138,0.0124753398198756,0,1.16811446575336,0.704153444325447,Not reported,Not reported,CHL,Chile
555640694,11,0.0312935392858912,2.75010433371666,0.831435660128837,0,9.64297485365136,0.916099774897242,V,Government,FRA,France
555643509,6,0.0187153969222302,8.9093604898871,0.0134755401570642,0,2.44711508849781,0.669066200602149,Not reported,Not reported,CHL,Chile
555643522,12,0.0968564856196913,9.3108760509605,0.00666697512402991,0,1.07505223391238,0.438092065212261,VI,Government,PER,Peru
555643543,29,0.0506058915789681,9.98785675894077,0.0069063517754133,0,0.798138085349203,0.281708256154637,Not reported,Not reported,CHL,Chile
555645438,5,0.0410959418707498,8.16857966431958,0.119165689779801,0,6.06573918248794,0.371020762407303,VI,Private/non-profit,MEX,Mexico
555645497,16,0.169637910228395,9.24099332910099,0.0258826273583845,0,5.78695988917351,0.321176433713111,Not reported,Community/Indigenous,ECU,Ecuador
555651677,6,0.0585271516417871,9.96864912583769,0.0515043881841841,0,1.71689975088441,0.0704109327323871,Not reported,Community/Indigenous,PNG,Papua New Guinea
555651928,17,0.106945598897905,9.1049291463543,0.469466442521221,0,6.83899854267335,0.0363206164860062,Ib,Government,USA,United States
555651953,5,0.032895039446698,8.80940683524519,0.707564488521873,0,7.04848025686557,0.0920315845946989,Ib,Government,USA,United States
555654701,5,0.0222127561254603,6.99577425567789,0.553937031655523,0,4.86280633140287,0.434949041232851,V,Government,USA,United States
555654708,24,0.114854993758559,8.0595308151749,0.485232067521103,0,5.20335649377815,0.254205304657919,V,Government,USA,United States
555655857,5,0.0340000091842238,7.59870348836435,0.469636795182498,0,6.86503772808491,0.764075900093444,II,Government,USA,United States
555655906,7,0.0481177970080021,6.33127405902621,0.671936760501854,0,6.35201116822098,0.210511748561302,IV,Government,USA,United States
555656074,5,0.0411970382882666,7.05076608122031,0.208797814583728,0,3.35398842191787,0.320551077125479,IV,Government,USA,United States
555662100,10,0.0453965597589223,6.25682664518096,0.500215519990665,0,4.93252997591894,0.456121924026868,V,Government,USA,United States
555662117,15,0.0779779319267617,5.9500174799882,0.367130163767517,0,4.74469479551,0.208325537285112,V,Government,USA,United States
555662138,23,0.0965223134158206,5.85890617872314,0.639706678063284,0,6.42277793630103,0.477995019136431,V,Government,USA,United States
555662194,22,0.0901265475741943,7.48063954473452,0.428409649408064,0,4.26706843557221,0.207180364325791,V,Government,USA,United States
555662234,7,0.0331558681614072,6.63922041465648,0.502395096570513,0,4.76102476876,0.16904703103693,V,Government,USA,United States
555662257,11,0.0467249700208194,5.41040427003611,0.699829800736283,0,6.70043087602996,0.560324381813436,V,Government,USA,United States
555663042,17,0.0638074309960262,8.09476146093811,0.18387025951053,0,4.53979593501931,0.366000534295563,V,Government,USA,United States
555665360,10,0.050218421133975,8.89595431349694,0.218780367315405,0,4.99037590770968,0.370021721005381,Ib,Government,USA,United States
555665387,7,0.0201797387395448,9.97146392439119,0.0986656498919875,0,4.3082856928984,0.690570461837335,Ib,Government,USA,United States
555665390,5,0.010675506530332,9.97745683981776,0.0781677832224983,0,2.1265744181183,0.40296073830331,Ib,Government,USA,United States
555665395,5,0.0260090339650532,6.87428125184992,0.292935535070037,0,5.91517308037659,0.346539386002479,Ib,Government,USA,United States
555665396,17,0.118838335502703,9.47753147406832,0.28945801824757,0,4.82910740559734,0.0451052476296831,Ib,Government,USA,United States
555666167,8,0.0629185920546771,8.33561334725846,0.516633122770492,0,5.23448528895299,0.0849968129640674,V,Government,USA,United States
555666370,9,0.0564961060905255,8.53640036038919,0.712623167163885,0,6.50188746335776,0.218280511291382,V,Government,USA,United States
555666416,7,0.0441419963005812,8.90287623036988,0.624964232698432,0,6.1921652743667,0.278073290022737,V,Government,USA,United States
555666431,12,0.062836133621589,8.01077345491033,0.816800515572106,0,6.83661393565634,0.568900982125647,V,Government,USA,United States
555666444,5,0.0316214234433947,8.4856827307838,0.754028628937752,0,7.48982100843075,0.300458820896681,V,Government,USA,United States
555666484,7,0.0405340911151548,8.51610954073017,0.738991555273298,0,7.71224391817315,0.580161559288715,V,Government,USA,United States
555666562,15,0.116048054068819,7.41623224032458,0.590798671916344,0,6.58608152167632,0.232028780215175,V,Shared governance,USA,United States
555672168,42,0.196227149406647,9.90581430511238,0.0375405026551088,0,1.70129518730704,0.490864582913453,V,Government,USA,United States
555672169,10,0.0391789891826662,7.23034819822967,0.427672136979632,0,6.19456236128556,0.484469830771905,V,Government,USA,United States
555672176,10,0.0497940782313787,6.94199385936023,0.582314475308353,0,6.79564125845265,0.690748885235203,V,Government,USA,United States
555672178,69,0.26142514756709,9.90801580557204,0.0423045311485869,0,1.30648233585198,0.368242555504881,V,Government,USA,United States
555674267,13,0.0899728090148196,5.68496819462383,0.0917534330898297,0,2.16096282354154,0.148009071369782,Not reported,Private/non-profit,USA,United States
555675959,11,0.0620776266482734,7.50990198700318,0.368384890369651,0,5.13853221557405,0.0929617169099923,Not reported,Government,USA,United States
555682105,7,0.0830090220384556,9.76048855853456,0.00265816786130028,0,2.69131523004474,0.251379374199242,VI,Government,BRA,Brazil
555682347,6,0.0283370670331232,4.95597580719495,0.0692805189850963,0,4.18175667429358,0.765083004504638,V,Government,BRA,Brazil
555682412,13,0.13547303385875,9.87077057067852,0.000787493430174249,0,0.263360144892184,0.0407237309011325,VI,Government,BRA,Brazil
555682446,6,0.0503217131265462,8.3983700964837,0.00211912755191166,0,1.66925728684925,0.531091902531343,VI,Government,BRA,Brazil
555682873,5,0.0351769398335467,7.06056395292094,0.0515871458090461,0,6.06770138418762,0.677745293003134,V,Government,BRA,Brazil
555682883,6,0.0159185154372187,9.20362157698047,0.00193898544977129,0,0.285559445325622,0.851621616511405,II,Government,BRA,Brazil
555695916,8,0.0257475524421225,9.84156680254758,0.0233081051491638,0,0.153312145640976,0.669864118385717,Ib,Government,CAN,Canada
555695921,41,0.169783052301116,9.90207402494433,0.0106569639723458,0,0.142950837120909,0.555540091062243,Ib,Government,CAN,Canada
555695922,32,0.104087180649479,9.96727519435199,0.0123275934015099,0,0.528517468837554,0.555762020681614,Ib,Government,CAN,Canada
555697534,10,0.0274895176789909,9.81560735938504,0.0383956372434644,0,0.735451795379858,0.689857819388417,II,Government,CAN,Canada
555697536,5,0.0304130480061966,5.03988324646887,0.240061212847718,0,4.85799527153304,0.756189188140271,VI,Government,HND,Honduras
555697576,14,0.059028285714219,9.84017927113596,0.00248714573421482,0,0.0552614070093139,0.612392294267856,VI,Government,MOZ,Mozambique
555697577,7,0.0239989557184493,9.34757921399301,0.00684942489648285,0,0.579953861744851,0.237105802500206,VI,Government,MOZ,Mozambique
555697578,8,0.0262037103302772,9.66945475509098,0.00167432638569627,0,0,0.386458539430808,VI,Government,MOZ,Mozambique
555697581,16,0.0502867944002109,9.12752705295005,0.006559855279639,0,0.246169853001358,0.42925595285179,VI,Government,MOZ,Mozambique
555697584,20,0.0632892011572228,9.33195455575489,0.00692230418693366,0,0.818402411729649,0.423725610868326,VI,Government,MOZ,Mozambique
555697586,42,0.182477735428375,9.35525430234585,0.0044114902790697,0,0.382633587774408,0.755846095708048,VI,Community/Indigenous,MOZ,Mozambique
555697587,99,0.299490614982657,8.88000882214664,0.00694475940007621,0,0.431496104810866,0.585826737530573,VI,Government,MOZ,Mozambique
555697588,11,0.117940560579029,9.60198997307682,0.00738229318064632,0,3.57734668690034,0.0863558325236259,Not reported,Community/Indigenous,ECU,Ecuador
555697776,9,0.0811427629434122,9.37994860723083,0.0532716571187445,0,3.77979778151397,0.536935885371899,II,Government,COL,Colombia
555697866,325,1.35927394751561,9.81832920157893,0.0292043648397784,0,0.570549818734141,0.623406670764077,Not reported,Not reported,CAN,Canada
555697870,18,0.0740951734922594,6.09979414940704,0.0239372787926673,0,1.17035205697236,0.943466621031881,IV,Not reported,GIN,Guinea
555697871,21,0.142420389130143,6.95926573768787,0.0501993751448546,0,4.85738837884848,0.652723248854263,Not reported,Government,MDG,Madagascar
555697881,20,0.111349827876384,5.53291352031638,0.0640314611656236,0,4.03080405621575,0.706680974665567,V,Government,MDG,Madagascar
555697895,5,0.0300362162939129,2.92159933744677,0.0627234154256531,0,6.03688250007987,0.76690230367218,V,Government,MDG,Madagascar
555697908,6,0.0187164440243918,6.98440898191422,0.0605159760036142,0,6.20923159472803,0.776744850178397,V,Government,MDG,Madagascar
555698070,7,0.0179821767243983,7.92361864847018,0.00556421367241222,0,1.46742089983033,0.686019128496843,VI,Community/Indigenous,BRA,Brazil
555698082,16,0.168378699705986,9.85461711620456,0.0177445745254181,0,5.34303510501569,0.467289533733329,II,Government,ECU,Ecuador
555703203,6,0.0236519285997276,5.52696512764689,0.130657219857156,0,7.3544122510725,0.627657276935893,Not reported,Not reported,ZAF,South Africa
555703331,6,0.0211830899497761,4.89389400433731,0.350957951532533,0,6.58410189366065,0.515073949832125,Not reported,Shared governance,SLV,El Salvador
555703462,8,0.044765106622539,8.448999093383,0.0295622134441771,0,0.590693842900729,0.804986675650117,II,Government,MMR,Myanmar (Burma)
555703466,13,0.0522352273626934,6.38378560889047,0.0416283647014195,0,2.17973102263494,0.294783254884125,VI,Government,KHM,Cambodia
555703474,5,0.019284135602814,8.70428054372308,0.0150766352661822,0,0.595658943866973,0.73644315011276,IV,Government,KHM,Cambodia
555703504,9,0.0375438944109198,7.94750382550006,0.0315191185467793,0,1.21342578958808,0.433809485925559,VI,Government,KHM,Cambodia
555703743,42,0.357240355469344,7.91941465253031,0.027264337503145,0,0.839678193175446,0.480769669096563,II,Government,LAO,Laos
555703744,5,0.0342308716781479,8.15912682177388,0.0353512816485991,0,2.55031178910917,0.42857706144262,II,Government,LAO,Laos
555703745,41,0.390403327939349,8.65922699446,0.0351362488532947,0,2.54962529220015,0.424185712613581,II,Government,LAO,Laos
555703746,7,0.055723198560794,4.68711161389107,0.0763019446704893,0,2.30123479336972,0.70409746862562,VI,Government,LAO,Laos
555703747,10,0.0809449512444241,3.99895017439747,0.0370158944545327,0,0.954515274103779,0.583797913485183,VI,Government,LAO,Laos
555703748,11,0.0877104645168848,7.10806624017927,0.0187700904320957,0,0.452416481912544,0.496708102599983,VI,Government,LAO,Laos
555704125,25,0.0882799024771505,5.34008890582386,0.0776296103048544,0,3.18703853800788,0.239137354462219,Ia,Government,UKR,Ukraine
555704303,6,0.0346918940264364,8.46093056203141,0.234238659860639,0,4.3394313453087,0.0811291287104496,II,Government,CAN,Canada
555704519,10,0.0484658145582848,7.94136030240253,0.272180150376488,0,4.38920294227536,0.309985836168441,IV,Private/non-profit,CAN,Canada
555704857,9,0.036353333057632,9.80072900779392,0.0489884177205719,0,3.10809224386896,0.338549489998865,II,Government,CAN,Canada
555704860,101,0.4893209780367,7.76953533528767,0.0587372135267541,0,1.35239577375019,0.52474774643302,II,Government,CAN,Canada
555704861,26,0.124933541223185,9.39272787532319,0.180788971669743,0,5.23977402339486,0.662765296213678,II,Government,CAN,Canada
555705044,50,0.205268631178198,9.32074354567144,0.0524161195462473,0,1.56652640559977,0.650900882557125,II,Government,CAN,Canada
555705067,10,0.0224030102903771,9.99469529308987,0.0665929656236802,0,2.12171772729759,0.514015434245517,II,Government,CAN,Canada
555705068,16,0.0459761865099009,9.80859222887359,0.0457674012250723,0,0.970539576183435,0.468511809350572,II,Government,CAN,Canada
555705069,6,0.0239274921421681,9.11874416680012,0.0624034149615816,0,1.07648014324876,0.62932858332514,II,Government,CAN,Canada
555705075,5,0.0140416114346027,9.94836024860099,0.0904587495827928,0,0.371905502005133,0.279037486052607,II,Government,CAN,Canada
555705202,35,0.203591350102346,9.13452207480249,0.00654893670842418,0,0.58913609770728,0.458531529863129,II,Government,MOZ,Mozambique
555705204,11,0.029486333617255,2.98454764497752,0.016386193184435,0,1.13176587667372,0.40056427446053,II,Government,ETH,Ethiopia
555705215,12,0.133058259046249,8.23530623905403,0.00641318780868559,0,1.23716296121082,0.433408176393571,VI,Government,VEN,Venezuela
555705237,19,0.113214107444269,7.15861695214239,0.077113483995914,0,4.15406611376254,0.65212992926346,VI,Shared governance,VEN,Venezuela
555705282,5,0.0270922077089989,9.46570940367047,0.0087815984776326,0,0.406664346650297,0.813679802997971,IV,Government,VEN,Venezuela
555705298,5,0.059138449278256,8.44599766447173,0.00979232235679463,0,2.68901116267533,0.425134330203729,V,Government,PAN,Panama
555705313,17,0.130835110419097,8.56073569372082,0.00693306740440429,0,1.17316972359924,0.425661463472818,II,Government,COG,Congo - Brazzaville
555705344,189,0.780138587826443,9.46166759154199,0.00321453356546412,0,0.255490999922745,0.527737795444611,VI,Shared governance,MOZ,Mozambique
555705345,20,0.102293084055726,5.06687408302538,0.0412608844469056,0,4.31519874906642,0.755696267575098,VI,Government,MOZ,Mozambique
555705633,5,0.0470964707831218,8.07752839546571,0.0326625047433046,0,3.98084995370289,0.416725768857038,Ia,Government,MYS,Malaysia
555705634,8,0.0733401938577733,6.15310972762751,0.0237421879141461,0,4.42450399138093,0.369270557486293,Ia,Government,MYS,Malaysia
555705678,18,0.186653663831266,7.90471876518213,0.050587068220299,0,4.89133601404944,0.424063108383465,Ia,Government,MYS,Malaysia
555705696,9,0.0877806791254069,5.9761987364537,0.0297979847580673,0,4.768001320852,0.410159371061873,Ib,Government,MYS,Malaysia
555705733,5,0.0535295043243295,9.47828948193707,0.00296157092095947,0,2.38755986208026,0.366547736805495,Ib,Government,MYS,Malaysia
555705759,33,0.353281680869415,9.28882363800844,0.0112902353745407,0,3.26121045154104,0.352467405913809,II,Government,MYS,Malaysia
555705760,5,0.0497481695743411,8.55121098346919,0.00566814820589277,0,1.85608934855443,0.460993124257608,II,Government,MYS,Malaysia
555705761,6,0.0520511976555493,9.63542865887037,0.0120008389090689,0,4.67070156925191,0.396290825554856,II,Government,MYS,Malaysia
555705763,11,0.102376312654087,7.93245648626762,0.115674202884626,0,5.95500808871755,0.596423117322282,II,Government,MYS,Malaysia
555705776,10,0.0986750267651989,9.60963605543854,0.0100399626045748,0,2.89395617702699,0.45231555292547,II,Government,MYS,Malaysia
555705806,10,0.10439551457675,8.06182190980025,0.0173921337800374,0,3.43905229412464,0.420621993090342,VI,Government,MYS,Malaysia
555705860,6,0.0153029262439703,8.06350263652203,0.0466889746733208,0,4.3288032556326,0.172416983867537,II,Government,KAZ,Kazakhstan
555705861,19,0.0389277684125468,8.8150293902682,0.0153357413982209,0,2.67854909606728,0.435738202215343,II,Government,KAZ,Kazakhstan
555705864,13,0.0315624978135734,9.47119595149605,0.0165405554594437,0,2.19178098975302,0.418929322956455,II,Government,KAZ,Kazakhstan
555707301,15,0.0581585873840854,9.96910360235663,0.0014849358201111,0,1.0734493063741,0.416836853832556,IV,Government,RUS,Russia
555707303,6,0.0161742861720447,6.69643915900096,0.00276373565000189,0,1.86754128936322,0.324268452417819,IV,Government,RUS,Russia
555707304,8,0.0198701880453738,8.98031913977878,0.0111186506529046,0,2.86069870596642,0.150144944614883,IV,Government,RUS,Russia
555707364,12,0.0381783236789591,7.82747723836976,0.119712640266944,0,6.6070320827417,0.313185804086969,IV,Government,RUS,Russia
555707395,5,0.0136384357362772,9.93060159465027,0.00138479459025923,0,0,0.22502748096547,IV,Government,RUS,Russia
555707555,5,0.00979871926350961,9.4211697688665,0.0198291718399426,0,5.17588495412151,0.395834517326609,II,Government,RUS,Russia
555707653,7,0.01152051449855,8.60938854223234,0.00176736312719853,0,1.28250736212332,0.751993364656512,II,Government,RUS,Russia
555707814,8,0.0295234001435761,9.00682822298752,0.0025075874081259,0,0.951141021575192,0.253950474557734,IV,Government,RUS,Russia
555707830,13,0.0569301629578651,9.90142750689844,0.00100919675574343,0,0.332234457794172,0.00700571247102827,IV,Government,RUS,Russia
555707831,8,0.0289556513744071,8.77512782870134,0.00179444336284241,0,0.827089220079613,0.195998242858253,IV,Government,RUS,Russia
555707879,32,0.117944770669804,6.048647520511,0.000542917228389411,0,0.0759075155267805,0.11821926411614,IV,Government,RUS,Russia
555707905,62,0.365760379995342,9.62612532192698,0.00630182965508921,0,2.81850376128858,0.071384799356104,II,Government,RUS,Russia
555707934,116,0.484139716113984,9.96499999567517,0.00105161358713295,0,0.725962424647324,0.913376784862511,Ia,Government,RUS,Russia
555708057,14,0.042134206006042,9.86934165843882,0.00580016892600517,0,2.29423188949919,0.551134833326017,IV,Government,RUS,Russia
555708059,30,0.136021539784482,8.42514973791519,0.00283280110313565,0,1.27420425493861,0.4813997690772,IV,Government,RUS,Russia
555708060,55,0.295141392515195,9.79095136118593,0.00581433411906277,0,1.78750599498087,0.0667300845395376,Ib,Government,RUS,Russia
555708061,12,0.0602712299139082,9.91434442686537,0.0099801563086359,0,4.69863310811532,0.159823869586133,Ia,Government,RUS,Russia
555708063,8,0.0343422776824591,8.41803143270279,0.0573509168874353,0,4.45513113789616,0.0928830575827775,IV,Government,RUS,Russia
555708280,5,0.014453917303602,6.68683663977744,0.0186506817805598,0,3.16566575612781,0.310294815684514,IV,Government,RUS,Russia
555708295,11,0.0350911925946401,9.8903849707563,0.00104332125184565,0,0.873594723005107,0.385787665807252,IV,Government,RUS,Russia
555708385,15,0.0626638342852581,9.6356583882245,0.00187140790908851,0,1.05782517791199,0.304499200932635,IV,Government,RUS,Russia
555708390,8,0.0342535871916053,7.02186708653922,0.00197999467174631,0,1.41762774421674,0.369355297209582,IV,Government,RUS,Russia
555708474,5,0.0255411871131393,9.19962190850417,0.0246733668589528,0,5.53862374531788,0.0613831873406772,IV,Government,RUS,Russia
555708477,9,0.0515523657441326,8.82995701418102,0.0247860641754526,0,4.59832622783548,0.0370340983387963,II,Government,RUS,Russia
555708526,28,0.122691022462174,8.13614938818276,0.00164808877597116,0,0.453508490998832,0.556472013786062,IV,Government,RUS,Russia
555708530,5,0.0216567064653458,9.9517075913266,0.000950980847869526,0,0.320875433961403,0.344574305765326,IV,Government,RUS,Russia
555708543,36,0.175364079174322,9.43755888080515,0.00273597869081178,0,0.834604962597693,0.343994070983587,IV,Government,RUS,Russia
555708602,11,0.0482450745041665,8.08670726629537,0.0121221333372896,0,2.26339957476309,0.0430372636363223,IV,Government,RUS,Russia
555708603,7,0.0214320147821149,9.30869843007784,0.00869593395750981,0,1.62967670853616,0.0247363934455585,IV,Government,RUS,Russia
555708668,5,0.023155734714452,6.55733247269222,0.00346318869764152,0,1.18715955521862,0.0129104116016693,IV,Government,RUS,Russia
555708682,5,0.0122449998600619,9.39050048736116,0.0058877146148299,0,1.17366222093895,0.169768981727348,IV,Government,RUS,Russia
555708838,5,0.0178356232159642,8.8175722251129,0.0120050248095629,0,2.40321517186027,0.110712053825345,IV,Government,RUS,Russia
555708856,5,0.0260754067354992,9.63086132932777,0.00855751199748581,0,3.31998294077077,0.411338274720192,IV,Government,RUS,Russia
555708870,9,0.0426952454719213,9.99186021730134,0.00232412275414646,0,2.37970087992512,0.965535528922946,IV,Government,RUS,Russia
555708874,6,0.0201240393730751,9.1263797157204,0.00601797646116128,0,2.00450481509212,0.156524728662141,IV,Government,RUS,Russia
555708880,24,0.150741946969803,9.3492196082942,0.00229267840196279,0,1.48505062421507,0.100436982318336,IV,Government,RUS,Russia
555708881,13,0.0741046876591447,9.69448923116325,0.00760238438876419,0,1.3164683916425,0.00894289402496101,IV,Government,RUS,Russia
555708885,5,0.018161085078783,9.8452921230959,0.00100306762321592,0,0.285511616348622,0.00433380334650932,IV,Government,RUS,Russia
555708930,6,0.0260512495431311,9.61817448173353,0.00976935277560533,0,3.21809915588066,0.0468260256313518,II,Government,RUS,Russia
555708937,5,0.0151861127931923,7.15312632454089,0.0162930331484285,0,1.00356655675694,0.108014567919397,IV,Government,RUS,Russia
555708963,27,0.079444376817312,9.95483336775704,0.000833501979262713,0,0.115649234476441,0.928013332427498,VI,Government,RUS,Russia
555708979,6,0.0312231207133836,9.21407729834613,0.00203592428149795,0,0.550011676477323,0.842615573049466,IV,Government,RUS,Russia
555708988,6,0.0215738059486033,9.22266957754939,0.00186334185894146,0,1.50383902023712,0.675959071372803,IV,Government,RUS,Russia
555708991,19,0.0819926806248333,9.9195695928799,0.00268975902364684,0,1.97581651314846,0.768856931899,IV,Government,RUS,Russia
555709014,5,0.0183396510865849,9.86601413124872,0.00586519378658323,0,2.88631082623262,0.101436053638056,IV,Government,RUS,Russia
555709020,10,0.0300235950598466,9.04851899160581,0.000764299774722861,0,0.124515293207939,0.333502089275362,IV,Government,RUS,Russia
555709053,10,0.0431124029654353,9.99886467135347,0.00121552485955424,0,1.56838967131744,0.907042893419796,IV,Government,RUS,Russia
555709158,80,0.29111237437454,9.85873672793817,0.00242828560859161,0,1.44330641209524,0.454713435358095,Ib,Government,RUS,Russia
555709167,132,0.835859633035102,9.14391636814231,0.00290357339554442,0,1.51726215467056,0.13827743639726,Ib,Government,RUS,Russia
555709187,39,0.134656765132231,9.93443773839789,0.00216673180729199,0,1.91402262469782,0.186925249293429,IV,Government,RUS,Russia
555709191,6,0.0367333481582165,9.54618739143408,0.012896772453165,0,3.109862811953,0.00628467704831265,IV,Government,RUS,Russia
555709197,12,0.0459105871278829,8.55531329257513,0.000873474973837459,0,0.143096835390222,0.136639366046392,IV,Government,RUS,Russia
555709265,8,0.0296280727716337,9.05372776270675,0.00682403747856789,0,2.05269756605979,0.0982278990548559,IV,Government,RUS,Russia
555709303,5,0.0161663983729131,9.78604415798476,0.00177456572738922,0,1.00921442618736,0.149510176442759,IV,Government,RUS,Russia
555709310,8,0.0338850267990577,8.94119863560008,0.00676139358419847,0,1.96752838069474,0.572788025938754,IV,Government,RUS,Russia
555709321,33,0.120704469730087,9.91004172629945,0.00175648104330969,0,0.632271158852967,0.594036577088242,IV,Government,RUS,Russia
555709376,30,0.14421549182986,9.47425593514276,0.0733013004561185,0,4.45199669965513,0.222724224147173,II,Government,RUS,Russia
555709441,6,0.0268270436491655,9.70339622747021,0.00166521477482905,0,0.649255372512198,0.156147806156414,IV,Government,RUS,Russia
555709450,6,0.0236281630442322,9.534255812033,0.00712840857891588,0,2.19516193701904,0.149019943704788,IV,Government,RUS,Russia
555709496,6,0.0222274018172357,8.49495594453034,0.00676362816670497,0,0.593147944594732,0.15292028096704,IV,Government,RUS,Russia
555709506,6,0.0206633313559243,8.53814477719217,0.0226064382941556,0,2.12972682739788,0.138201655874597,II,Government,RUS,Russia
555709528,5,0.0216336928476988,8.73311193159521,0.00403406428565962,0,0.150623020153479,0.203187172662333,IV,Government,RUS,Russia
555709536,9,0.0346897124701983,7.91840775239598,0.00389882386892807,0,0.270778919214199,0.0673433147006259,IV,Government,RUS,Russia
555709744,7,0.0282931762172264,7.16550308412351,0.140942910875345,0,5.29906674918587,0.137977652649229,IV,Government,RUS,Russia
555709800,6,0.0211128764193755,8.99089851796643,0.00907397415944823,0,1.17267795943584,0.19890667310567,IV,Government,RUS,Russia
555709865,6,0.0309485136348806,9.80698322527071,0.00813397221289954,0,2.12732254057903,0.140757410388829,IV,Government,RUS,Russia
555709866,8,0.0212613442813899,9.25646018207095,0.0711245354262892,0,3.92808514904498,0.396128655250493,IV,Government,RUS,Russia
555709892,6,0.0258648269843164,9.2048818694632,0.0466444068734507,0,2.94297356550723,0.0792440084458113,IV,Government,RUS,Russia
555710003,8,0.0214270880552604,9.88190547291428,0.00109895821373139,0,0.15921330408451,0.100751615941104,IV,Government,RUS,Russia
555710117,5,0.0108069583551766,6.78849776284748,0.0388114418870107,0,2.61973923955268,0.433280712789544,IV,Government,RUS,Russia
555710119,7,0.02703971140469,8.65475168408659,0.00343058638915008,0,0,0.123877509041646,IV,Government,RUS,Russia
555710202,34,0.140805743064228,9.19235899288313,0.00239372399424687,0,0.0140899033014088,0.165819369676081,IV,Government,RUS,Russia
555710211,8,0.0244885140956891,9.47302941030237,0.00551167090812283,0,1.46064796034214,0.00816167412907734,IV,Government,RUS,Russia
555710251,9,0.015733202205885,9.51319200721172,0.005439269594302,0,0.84229460510659,0.0965297955426758,IV,Government,RUS,Russia
555710256,16,0.044451465609297,9.9393437331061,0.00234278229562774,0,1.63657122304472,0.078725393666664,IV,Government,RUS,Russia
555710317,37,0.163290300620748,8.80833910224957,0.0203797113816935,0,4.11110443740555,0.0963798361582941,IV,Government,RUS,Russia
555710376,7,0.0239369456265577,7.20740940711801,0.00191539297414851,0,0.545058662072481,0.456231760694152,IV,Government,RUS,Russia
555710393,14,0.0501588666890996,8.32606685909345,0.000533591951986291,0,0.146364718738248,0.128774935043095,IV,Government,RUS,Russia
555710481,11,0.0418320637150745,9.08241269235088,0.00491675076763418,0,1.27721342174897,0.0971831500248231,IV,Government,RUS,Russia
555710490,6,0.0157708792411823,6.79216045120471,0.0228803393787783,0,3.07172158551999,0.434689432712443,IV,Government,RUS,Russia
555710543,34,0.141147524588478,9.19017078469671,0.00663724528157043,0,3.6082683633799,0.0513192763742295,II,Government,RUS,Russia
555710799,16,0.0713618864125985,9.83945829038001,0.00572210312981388,0,2.44542868168252,0.136924976999156,IV,Government,RUS,Russia
555710800,9,0.0422589858001483,8.03861207357527,0.00270301923130552,0,1.43499872834904,0.168030307123742,IV,Government,RUS,Russia
555710831,15,0.0689948978087883,8.59429889947284,0.0049326730928034,0,1.76981367046181,0.291364864498791,II,Government,RUS,Russia
555710832,11,0.0470663529686296,9.95395253386614,0.0013476665928862,0,1.06298853074846,0.539545970742856,IV,Government,RUS,Russia
555710898,6,0.0217080611091326,7.27640883641753,0.0804985202994395,0,5.44827766962222,0.153063646378182,IV,Government,RUS,Russia
555710919,27,0.0758935071208409,9.90590610383761,0.00332803240826996,0,1.90611915105363,0.145915015625449,Ia,Government,RUS,Russia
555710940,7,0.0329064510695185,9.6619537680758,0.00355842452388663,0,2.39958560057295,0.0314046631229541,IV,Government,RUS,Russia
555710942,18,0.065293712359939,9.98005667676146,0.00112601116677631,0,1.07833139490926,0.40441127583628,IV,Government,RUS,Russia
555710944,16,0.0557326818853081,9.97964416026234,0.00134454397549146,0,0.889862488820515,0.085245461376629,IV,Government,RUS,Russia
555710945,11,0.0278486858759632,9.84648474557602,0.00506907097324075,0,2.06371026053547,0.0902445186809632,IV,Government,RUS,Russia
555710947,12,0.0382432456159614,9.58560497478409,0.00168516666226253,0,1.16224930183117,0.0912048826126484,IV,Government,RUS,Russia
555710950,7,0.0268822303139675,9.04558994107347,0.00567586096717328,0,2.39772126017056,0.519333806245709,IV,Government,RUS,Russia
555710954,12,0.0364707544149558,7.48734277866927,0.0023389633962533,0,1.31935426804627,0.260132410622798,IV,Government,RUS,Russia
555710956,14,0.0429192899428269,9.97628837373548,0.000669847606840077,0,0.0288410145864223,0.968321523153452,IV,Government,RUS,Russia
555711022,11,0.0294987513453529,9.66254157347688,0.00564423839427875,0,2.47527994372079,0.0714450111673475,IV,Government,RUS,Russia
555711047,11,0.0423603259245627,8.4276374432763,0.0175204468924394,0,3.16561830316291,0.123896628313986,II,Government,RUS,Russia
555711050,5,0.0166106298618294,7.27861478931145,0.0227303869104902,0,3.06006079008496,0.173617016340418,IV,Government,RUS,Russia
555711059,5,0.0114378962368351,8.93585665212137,0.100434617505354,0,4.68333977272459,0.504822058851019,IV,Government,RUS,Russia
555711061,5,0.0144182478656072,7.78307887724779,0.0526551490434109,0,5.72745171119909,0.213057709014357,II,Government,RUS,Russia
555711079,8,0.0286009972580077,9.72499757086234,0.000922720136483432,0,0.240205412190143,0.229475876965637,IV,Government,RUS,Russia
555711084,15,0.0550230116035113,9.98172252961691,0.00107766078717315,0,1.24474032310044,0.246670662197677,IV,Government,RUS,Russia
555711120,8,0.0303744577956641,8.15685791052873,0.00136759787355821,0,0.775602157611365,0.663910552866599,IV,Government,RUS,Russia
555711154,14,0.0618210044211689,8.99252990385638,0.00720114075814735,0,1.68813123394664,0.159946892329214,IV,Government,RUS,Russia
555711155,6,0.0272104081589037,9.89716333497503,0.000997791586408509,0,1.27644893203565,0.222991824561784,IV,Government,RUS,Russia
555711184,14,0.0565193826500699,9.99528487665261,0.00256262285839951,0,2.86659081065019,0.109220546699404,Ia,Government,RUS,Russia
555711223,7,0.0185107812658289,8.46384832853781,0.0186059650822856,0,0.910170876639025,0.217954640838314,II,Government,RUS,Russia
555711241,24,0.0750497221403657,9.8675057159394,0.0007439560214721,0,0.30097977210086,0.247066470377607,IV,Government,RUS,Russia
555711243,10,0.040905863645166,9.5567410974585,0.0286165582518817,0,6.25691597497209,0.0622169782314539,Ia,Government,RUS,Russia
555711315,12,0.046306343000486,9.75456307412848,0.00409874120326793,0,2.33558508770219,0.184942628254752,IV,Government,RUS,Russia
555711317,12,0.0449274163397805,8.3449206017147,0.00610265391913499,0,3.03869812683464,0.10923060802097,IV,Government,RUS,Russia
555711325,13,0.0628249044985879,9.11948460167852,0.0209017178015271,0,5.38379145582337,0.125980602629549,II,Government,RUS,Russia
555711326,31,0.152252471633861,9.45320045125588,0.00722833445821843,0,2.06261350963983,0.153231880325598,Ia,Government,RUS,Russia
555711431,9,0.0420185199203438,8.37109445254801,0.0273001075849549,0,3.47211591585947,0.139176795251137,II,Government,RUS,Russia
555711511,15,0.0876853081913967,8.39015771464323,0.143569825934645,0,4.89059963720966,0.313942598982191,II,Government,RUS,Russia
555711512,5,0.0329768045464812,8.85308796972729,0.103313343054922,0,5.48828402996441,0.204590092420658,IV,Government,RUS,Russia
555711578,7,0.0262722287240948,9.20265049954709,0.0122935965907717,0,2.8697393298286,0.240862585742467,Ia,Government,RUS,Russia
555711594,35,0.090103660881668,9.87288333760671,0.00118041876907408,0,0.628458837524923,0.462857887602062,IV,Government,RUS,Russia
555711615,6,0.00992440915235249,9.00622654154898,0.00126340710886049,0,1.9617116516747,0.867358094556964,IV,Government,RUS,Russia
555711622,7,0.0300873447834954,7.92820174526747,0.00154499999806824,0,1.13056961027511,0.202682572636123,IV,Government,RUS,Russia
555711623,14,0.0448984546641265,9.12110149989054,0.00135347567395585,0,1.17564457968101,0.318812337928237,IV,Government,RUS,Russia
555711629,10,0.0235656418576677,9.10863303241843,0.00118760050230047,0,1.78447968122406,0.787839477143049,IV,Government,RUS,Russia
555711662,6,0.0211977100615846,7.82227249427298,0.0139989362773917,0,2.05987615434382,0.134693718073172,IV,Government,RUS,Russia
555711714,6,0.0210713686752929,9.55805187703063,0.00860977165286432,0,1.14324024513834,0.016066207241669,IV,Government,RUS,Russia
555711732,13,0.0505706937602973,8.84848091613719,0.00704261967509699,0,2.82729350153354,0.0656462969303244,II,Government,RUS,Russia
555711801,6,0.0216351014936014,9.87080671999608,0.00216385020817069,0,2.22839146344848,0.875202989349975,IV,Government,RUS,Russia
555711817,5,0.0202394208895879,9.83157947219516,0.00380819729438203,0,2.83752068844025,0.932297058036454,IV,Government,RUS,Russia
555711818,11,0.0506850270364436,9.52359984050457,0.0141533942037734,0,0.717149820631343,0.221087666029334,IV,Government,RUS,Russia
555711844,6,0.0241629544760871,9.72981877767747,0.0245194107352035,0,2.81348659953861,0.307866144290099,IV,Government,RUS,Russia
555711873,34,0.0899312192888331,9.98149114969718,0.0010003151762025,0,1.05658369005986,0.670866975082988,Ia,Government,RUS,Russia
555711908,60,0.200760649515605,9.94795728907415,0.00181058735545073,0,1.84490669504966,0.107843342582703,Ia,Government,RUS,Russia
555711910,54,0.255320410813628,9.87220214874186,0.0040233411611909,0,2.97463787343214,0.159301434513164,Ia,Government,RUS,Russia
555711911,26,0.114307801412397,9.82660831060812,0.00353649234023855,0,2.66900602066564,0.0601423001782941,Ia,Government,RUS,Russia
555711916,19,0.0674285141008386,9.91405525769595,0.00146940504591923,0,1.839131386125,0.085534726228797,IV,Government,RUS,Russia
555711921,23,0.0686705839572094,9.8235058054561,0.00225178528563966,0,2.4322285853364,0.219178999555439,Ia,Government,RUS,Russia
555711924,10,0.0354275938363799,6.43367841304585,0.034532338547119,0,2.78189497123899,0.0861516444839926,II,Government,RUS,Russia
555711926,14,0.0491762135218061,8.52375382465555,0.0363754259921869,0,2.55754688537116,0.27960508210457,II,Government,RUS,Russia
555711928,7,0.0209973809841765,8.36251181256559,0.0973581743059081,0,5.97935449554592,0.152703982733997,II,Government,RUS,Russia
555711936,5,0.0175669914949232,5.90660930562025,0.0046738993697424,0,2.32063460719794,0.13780092100329,IV,Government,RUS,Russia
555711937,8,0.0316834828620094,9.44806856954956,0.103969493595433,0,4.69942668524554,0.634870919828296,IV,Government,RUS,Russia
555711940,7,0.0219580140019791,8.78403138942994,0.00775609429119669,0,0.973070697407244,0.133032593131233,IV,Government,RUS,Russia
555711990,123,0.345230895501925,9.95053013121195,0.000793768636978258,0,0.209665235395224,0.984805464194813,VI,Government,RUS,Russia
555711991,28,0.0796447725447506,9.95091334357598,0.0021302038950184,0,0.739456881506053,0.639647915219955,VI,Government,RUS,Russia
555712016,36,0.110209781589632,9.87087265190819,0.0013596994828878,0,0.424087674420043,0.651958169578914,VI,Government,RUS,Russia
555712019,45,0.102440390670483,9.9453643966308,0.000760005968061305,0,0.0187034560040426,0.407554278466005,VI,Government,RUS,Russia
555712020,43,0.159120868800714,9.92698215431002,0.00104818210023328,0,0.276937141029987,0.408665990217138,VI,Government,RUS,Russia
555712021,24,0.0637809193924328,9.85663866340622,0.0012765002533132,0,0.354993790339982,0.937128407780279,VI,Government,RUS,Russia
555712022,13,0.0416977543048331,9.87571473972575,0.000958441649575257,0,0.0553757643553352,0.968869699157328,VI,Government,RUS,Russia
555712023,23,0.0373148261006396,9.64247373329636,0.00216612045991039,0,1.08624151000837,0.653828767292627,VI,Government,RUS,Russia
555712024,40,0.115676730414351,9.94794002519672,0.000816534928467293,0,0.244411063692996,0.958770012820002,VI,Government,RUS,Russia
555712025,29,0.0889024817383868,9.7043807405554,0.00158591660522961,0,0.242044540888671,0.966458251967763,VI,Government,RUS,Russia
555712029,10,0.0204827317102422,9.99658886168909,0.00125616642541666,0,0.127844205852889,0.329305365508225,VI,Government,RUS,Russia
555712037,79,0.255089766572412,9.84396509213089,0.0010209616929133,0,0.155028803556016,0.399779736070592,VI,Government,RUS,Russia
555712038,26,0.0527654463624496,9.87055481685266,0.00188263766283203,0,0.898179176332702,0.608408264788109,VI,Government,RUS,Russia
555712261,7,0.0202170207438183,8.28950706957208,0.0200397321282542,0,3.16582848753518,0.324869835001586,IV,Government,RUS,Russia
555712387,17,0.069129543494443,9.89711487720108,0.00143754152669993,0,0.938448013915327,0.901661000361404,IV,Government,RUS,Russia
555712412,11,0.0487647866944078,9.65091511730335,0.0138221015650051,0,2.80997353748788,0.0750803728327451,Ia,Government,RUS,Russia
555712413,33,0.150073415413473,9.93210720201482,0.00358585195519807,0,3.37112790831895,0.485476191997981,Ia,Government,RUS,Russia
555712444,6,0.0262405484477201,8.41758495787702,0.0202192091539747,0,3.48825382114364,0.10677331111954,IV,Government,RUS,Russia
555712453,13,0.0465587673141161,8.05626369388792,0.0731955659823728,0,4.39617175020076,0.106093512107293,II,Government,RUS,Russia
555712592,20,0.105005317556757,9.13116009952189,0.00528948125551961,0,1.71216120339922,0.506416524456236,IV,Government,RUS,Russia
555712667,14,0.0595625337900152,9.88751601801771,0.0088879844227067,0,3.68098910406034,0.251995533819714,IV,Government,RUS,Russia
555712710,5,0.0196539041631364,7.86923092704349,0.0663876989067153,0,5.37208068850265,0.13918431735457,IV,Government,RUS,Russia
555712731,6,0.015260273999333,9.89529815054791,0.00265390896356608,0,2.29182195063771,0.545568194696183,IV,Government,RUS,Russia
555712732,16,0.0427513993132858,9.90246556568677,0.00192802494220513,0,2.2911062597563,0.562296705446449,IV,Government,RUS,Russia
555712746,32,0.193686163932151,8.87354813519514,0.00346998058475746,0,2.34486647706551,0.464519654927465,Ia,Government,RUS,Russia
555712749,6,0.0213646057267336,9.86030860355183,0.0118787592395684,0,2.59724649108155,0.108563112810204,IV,Government,RUS,Russia
555712843,8,0.0414499169958828,9.63853139946757,0.00992626276930902,0,3.10734447701356,0.0900628397984811,IV,Government,RUS,Russia
555712856,6,0.0260769657990637,8.68700189089987,0.00885229560719728,0,1.73878037975622,0.615441621573451,IV,Government,RUS,Russia
555712925,14,0.0754341205984604,9.78542171766892,0.065598608589141,0,5.64501328026618,0.154586542368697,Ia,Government,RUS,Russia
555712993,10,0.0398586060495326,9.52226850915974,0.00297495606565979,0,0.836542445215822,0.213431884156426,IV,Government,RUS,Russia
555713375,5,0.0185161490124657,8.17052073711542,0.0236888315464796,0,2.11358591579492,0.0586141037898906,IV,Government,RUS,Russia
555713395,6,0.0164290213642661,8.71843582673594,0.0298626659731982,0,1.61543484111309,0.103412809698274,IV,Government,RUS,Russia
555713452,7,0.0218215258310828,9.60942170158575,0.00128062606458141,0,1.33241911563654,0.157771947238029,IV,Government,RUS,Russia
555713501,10,0.0363440388442146,8.80240973029859,0.0198691909737994,0,2.99617891645253,0.120723250118398,IV,Government,RUS,Russia
555713635,7,0.0241877691488875,9.65611434863141,0.0250753331526386,0,6.20820830381881,0.965291041596442,IV,Government,RUS,Russia
555713695,7,0.0225341303042296,9.89132814904587,0.00291680869876412,0,2.56153263908153,0.872918985972309,IV,Government,RUS,Russia
555713707,10,0.0289926109577544,9.82447170885143,0.0041679459282965,0,1.43336275930702,0.116034781083114,IV,Government,RUS,Russia
555713731,15,0.0623567380484225,5.64161089129812,0.169261404689613,0,7.52045226014538,0.161564854910732,II,Government,RUS,Russia
555713738,13,0.0331624897419503,9.41635840881105,0.00503927150533551,0,1.09662450613178,0.131542961084029,IV,Government,RUS,Russia
555713757,6,0.0215819863744334,6.9263731269052,0.0126583547829086,0,2.22983874668066,0.17570313760433,IV,Government,RUS,Russia
555713774,10,0.0235364677321825,9.6928067799997,0.00170399537174307,0,0.507647033349555,0.266391660756463,IV,Government,RUS,Russia
555713775,6,0.024342258332345,9.05493016477161,0.0136695615192433,0,4.37585873287105,0.0924120577440337,Ia,Government,RUS,Russia
555713783,5,0.0196152801327084,9.80162236360591,0.00284652682425164,0,1.46657289848249,0.159592076794933,IV,Government,RUS,Russia
555713784,9,0.0447889049013942,9.46941435626382,0.0105166543030477,0,2.67905039069206,0.00337829829686144,IV,Government,RUS,Russia
555713818,8,0.0395074079588606,9.058382573258,0.0126047498596784,0,3.6419082264867,0.114404193271248,IV,Government,RUS,Russia
555713823,10,0.0398062202321445,9.80969924039518,0.00357638119749963,0,2.20715862127022,0.0981677477402695,IV,Government,RUS,Russia
555713860,6,0.0147161721175795,9.87112654571384,0.00345335075277271,0,1.76681036202588,0.160343726040451,IV,Government,RUS,Russia
555713888,9,0.033828481947291,7.07197197896713,0.106583520404222,0,4.95771206380409,0.252054430104882,II,Government,RUS,Russia
555713889,5,0.00887618425657218,8.6025753976693,0.0146618831550732,0,1.77899732982583,0.345782228607308,III,Government,RUS,Russia
555713907,17,0.0435500628534434,9.95567079802514,0.00085595487205369,0,0.83154899458996,0.399004977247178,IV,Government,RUS,Russia
555713958,5,0.0158394171488628,9.909712038968,0.00315466876644383,0,2.50910134671052,0.622134742234962,IV,Government,RUS,Russia
555714030,5,0.0115497573190248,9.77432941014031,0.0135820752343992,0,4.36385777965046,0.309029614477066,IV,Government,RUS,Russia
555714062,21,0.0878803320774083,9.90612144145901,0.00360508736076405,0,2.57014097762777,0.156719902779768,IV,Government,RUS,Russia
555714063,11,0.037722906972936,9.56924459729958,0.0227756490741703,0,4.34944529702775,0.220337749668131,IV,Government,RUS,Russia
555714179,17,0.0732236590848857,7.49233814078916,0.010812694543486,0,2.27204551325368,0.134189850158451,IV,Government,RUS,Russia
555714199,8,0.0259072052144938,9.46329306124366,0.00805964445384894,0,3.03752424606957,0.25832870257312,IV,Government,RUS,Russia
555714276,7,0.0320384543426747,9.1489988803461,0.013973883959269,0,3.03249371259632,0.11965258037794,IV,Government,RUS,Russia
555714293,5,0.0164391689901271,7.16287186548093,0.0182337371928098,0,2.13141420935653,0.0218189004608866,IV,Government,RUS,Russia
555714330,5,0.0144856387107681,8.38047456603429,0.00760827374498445,0,0,0.380506527481901,IV,Government,RUS,Russia
555714414,82,0.305838709317684,9.89939004574933,0.00064692226204596,0,0.159210192041813,0.364507768676309,IV,Government,RUS,Russia
555714425,7,0.0261605550380776,8.06290263929525,0.0105696079635302,0,2.30888512388248,0.0196130081580219,IV,Government,RUS,Russia
555714451,6,0.0224960470283879,7.43946962287259,0.0721214409315108,0,4.64013319010293,0.181335708822257,II,Government,RUS,Russia
555714464,6,0.0316591716499099,9.48641410425246,0.0115237958194212,0,4.58141054490056,0.209765387005979,IV,Government,RUS,Russia
555714539,11,0.0505540479725421,9.8754130864604,0.00378351612702219,0,3.1025906196805,0.079937673383399,II,Government,RUS,Russia
555714649,5,0.0199012442752875,9.09978853213964,0.00540182356328222,0,0.999250674070341,0.052998279496085,IV,Government,RUS,Russia
555714693,5,0.00733677539782951,9.99813218863942,0.000809098292728396,0,0.910662760634612,0.69538167405268,IV,Government,RUS,Russia
555714807,6,0.02432951139952,9.34939317168404,0.00929240140686163,0,2.8391584213103,0.173187750920797,IV,Government,RUS,Russia
555714961,54,0.143300045006306,9.82774582147513,0.00108040774236111,0,0.349430581826499,0.130450432809356,Ia,Government,RUS,Russia
555714972,24,0.124668989263481,9.61926189571073,0.00610721292529816,0,2.16941786336856,0.0820103936670163,II,Government,RUS,Russia
555715061,5,0.0381769827101782,6.50372751430942,0.197564034624647,0,5.32958560754776,0.81273831279833,II,Government,PHL,Philippines
555715672,6,0.0269135060469608,4.64787515503244,0.100359402827633,0,5.88981341102993,0.900541982579912,V,Government,BRA,Brazil
555715771,21,0.049537138607824,9.99308642450437,0.0137170950905542,0,0,0.553706146858486,Ib,Government,CAN,Canada
555715987,26,0.113237607103744,9.92323342309528,0.0226365225894931,0,0.13987768988125,0.527901684631176,Not reported,Government,CAN,Canada
555715998,5,0.0192882940579564,9.82412539590502,0.017115727188438,0,0.647301575622373,0.974157727869505,II,Government,CAN,Canada
555719282,6,0.0079073827597871,3.55449250457549,0.122429012332172,0,3.42647052669751,0.264557127766646,Not reported,Government,UKR,Ukraine
555719299,8,0.0386126400013814,7.92933586053812,0.256584345185316,0,7.27316372279303,0.308832379297823,Not reported,Government,UKR,Ukraine
555719300,11,0.05180582253868,6.96141697520868,0.205159277005833,0,6.29965144778375,0.468092790202066,Not reported,Government,UKR,Ukraine
555719345,6,0.0182758847081516,3.81778438445892,0.113420537809227,0,4.41336447969051,0.345638730124932,Not reported,Government,UKR,Ukraine
555720134,12,0.0236525020616727,3.29922237459551,0.134300406339019,0,3.86629829795697,0.245726312460906,Not reported,Government,UKR,Ukraine
555720617,6,0.0373281953745223,7.09395921244258,0.28495351613223,0,6.36537507423029,0.675635788484935,II,Government,JPN,Japan
555720618,7,0.0459886359922137,6.51804468287663,0.268701097278852,0,6.45307545999594,0.440342427152515,V,Government,JPN,Japan
555720809,13,0.098274994909356,8.46969556653657,0.331984800183812,0,7.57933755967355,0.462067613868259,Not reported,Not reported,JPN,Japan
555721609,8,0.0323820411905684,8.44057244169898,0.0110294650579738,0,0.364690563645365,0.50671233387779,II,Government,ETH,Ethiopia
555721610,5,0.0130156114098344,7.05652827777803,0.00647568874172328,0,0.212281275644743,0.707163079616118,II,Government,ETH,Ethiopia
555721640,9,0.0304825629891759,9.62572846661345,0.00185282596189924,0,0,0.348562817662341,II,Government,ETH,Ethiopia
555721641,20,0.0803206411264766,9.21715981730241,0.00334303598218685,0,0.183225827966555,0.752385763435923,II,Government,ETH,Ethiopia
555721645,21,0.0918185996653497,9.71829078424734,0.00422523104077396,0,0.0419662455373088,0.281974766129536,II,Government,ETH,Ethiopia
555721646,118,1.36001419659916,9.64766458122221,0.00778435866010051,0,1.43403013703627,0.171077151226009,VI,Community/Indigenous,PER,Peru
555721684,28,0.0729810493322542,8.25365907463585,0.0350048994803521,0,1.86794540894071,0.608855276005558,Not reported,Not reported,GIN,Guinea
555733876,6,0.0240029169898153,9.05466292937123,0.0622459164982611,0,3.42062128046875,0.684766144036725,V,Government,GEO,Georgia
555738134,7,0.0214076350638447,2.38966400580629,0.857054231416802,0,9.61179966675091,0.861501944974167,V,Government,FRA,France
555744493,16,0.0746705103929025,9.36570914021896,0.0954442505542402,0,3.2887608887731,0.218434188662559,III,Government,CAN,Canada
555744510,5,0.0114664260235688,9.99588094291331,0.026432030794642,0,0.187068058120186,0.441256190986041,II,Government,CAN,Canada
555744512,28,0.0643052075997458,9.95707556608455,0.0205175122808626,0,0.348164732869859,0.62680133865889,II,Government,CAN,Canada
555744513,11,0.0256981414169141,9.89907196761771,0.0270892875324254,0,0.278677813198076,0.653511649681511,II,Government,CAN,Canada
555744515,5,0.0186547305022117,9.95625298712796,0.0253462714495297,0,0.783543655753886,0.400638337038535,II,Government,CAN,Canada
555744517,19,0.0579299197749827,9.95703763271429,0.0409051142493064,0,1.16939023545377,0.609713603288456,II,Government,CAN,Canada
555744518,21,0.0878301516324332,9.95467661400812,0.0602614540834779,0,1.81688483214668,0.499579164238704,II,Government,CAN,Canada
555744522,9,0.0303523675729239,9.88282394245381,0.032786823928319,0,1.45202119740277,0.574012837282683,II,Government,CAN,Canada
555744526,6,0.0236611742362949,9.05158935566222,0.105313872609988,0,1.66035215166394,0.820485697738063,II,Government,CAN,Canada
555744528,11,0.0494503025144747,9.99444363963078,0.0176130819155041,0,1.13824977998538,0.595280892990267,II,Government,CAN,Canada
555744530,32,0.136581769770097,9.99720923807274,0.0262828641380933,0,1.2351074124071,0.582357621177118,II,Government,CAN,Canada
555744551,7,0.029633733310127,9.11293209271184,0.0200572085129317,0,0.186927875580854,0.449196471938658,II,Government,CAN,Canada
555744554,7,0.0169473383425212,9.94355796433366,0.0434082915339393,0,0.459700710827586,0.655860530091002,Not reported,Government,CAN,Canada
555744560,20,0.0997449561517387,9.99255844142942,0.0210490586460846,0,0.358751802379443,0.361980677487206,Not reported,Government,CAN,Canada
555744561,6,0.0252615736125861,9.96162904970845,0.0201216968986859,0,0.275958126914275,0.508993754852447,Not reported,Government,CAN,Canada
555744562,34,0.171032739039757,9.99062334386,0.0207022733092058,0,0.246129143692674,0.63647564424563,Not reported,Government,CAN,Canada
555744568,80,0.301698444687566,9.96344287859436,0.0187574693362629,0,0.295036468326914,0.513060180362325,Ib,Government,CAN,Canada
555745130,5,0.0317403723704352,9.57712649146547,0.0869267496509148,0,7.76067263267701,0.450049577114148,II,Government,ECU,Ecuador
555745214,5,0.0125034284856526,4.78184669969881,0.142471840262131,0,6.36342890762117,0.35620393049027,Not reported,Shared governance,SWZ,Eswatini
555745258,5,0.0229203684633206,7.29595322603416,0.143761293706528,0,6.01909263021281,0.62385904580445,VI,Private/non-profit,MEX,Mexico
555745295,5,0.0334777640510152,9.06892846530865,0.0134367289040186,0,2.10222061986889,0.37226857886209,VI,Government,PER,Peru
555745300,11,0.115847859533428,9.85521269090339,0.00166674790536013,0,1.1679162868293,0.0237852305717373,VI,Government,PER,Peru
555756391,108,0.784201551402817,7.67425746761102,0.0107823306022734,0,1.45563198835265,0.40331027573682,Not reported,Not reported,AGO,Angola
555756395,5,0.0333322186840884,7.48790830860029,0.0284366441196184,0,1.67050733005768,0.525404116292604,Not reported,Government,LAO,Laos
555756497,6,0.0322498922432278,9.18069587697074,0.0039794659512547,0,0.481084580679667,0.0778237682844455,Not reported,Government,TZA,Tanzania
555756498,8,0.0351274850890681,8.43679387205959,0.00365772890709605,0,0.181415580852768,0.443136242488768,Not reported,Government,TZA,Tanzania
555756502,8,0.0257969256759704,9.56668404433858,0.00645245423536217,0,1.35805122295756,0.222931068049391,Not reported,Government,TZA,Tanzania
555756859,10,0.0481053158163156,8.0479870511991,0.139122794278529,0,4.40669661166396,0.740104900429295,Not reported,Government,BGR,Bulgaria
555758147,5,0.0260689640866044,8.52805387100426,0.123177217163932,0,2.16844071256322,0.272492836635736,IV,Private/non-profit,CAN,Canada
555758148,10,0.0557810554959523,8.75976267763482,0.0633432160346555,0,1.43524987416045,0.571067582322918,IV,Private/non-profit,CAN,Canada
555758916,5,0.0131767742802536,3.36222594790301,0.0114287873104086,0,1.29151660992874,0.666560254454735,V,Government,BRA,Brazil
555758989,17,0.181005183503082,9.89353855990016,0.00156532797580822,0,1.21316555485976,0.458383724512527,II,Government,BRA,Brazil
555759051,21,0.223853820539736,9.88442755717246,0.00129227500741267,0,0.945641415886467,0.454994465866163,VI,Government,BRA,Brazil
555759055,67,0.652184067650897,9.79234602236037,0.00326103453176723,0,1.41369572376684,0.491905164541473,VI,Government,BRA,Brazil
555759400,8,0.0291105135542541,9.88052518060842,0.111560502982116,0,5.28930422108101,0.733021951538645,VI,Community/Indigenous,AUS,Australia
555759504,5,0.0162252303657731,9.00513509421981,0.00227687103161387,0,0.698992200820264,0.388628060699771,Not reported,Government,KEN,Kenya
555781112,6,0.068293092319427,8.40026081670754,0.00228103298135723,0,0.126947338438377,0.252422180471862,Not reported,Government,COD,Congo - Kinshasa
555781113,111,1.23166721815909,8.43845506771014,0.00258768538266574,0,0.21295334888305,0.366175023159841,Not reported,Government,COD,Congo - Kinshasa
555781114,32,0.180408288496276,9.87716545025622,0.00220507296950181,0,0.0823230453438289,0.41256311803458,Not reported,Government,COD,Congo - Kinshasa
555781115,22,0.125141444440193,7.30540799150324,0.0145217167197519,0,1.98855538014848,0.168397423991432,IV,Government,COD,Congo - Kinshasa
555781116,8,0.0373521667287818,6.63344467151393,0.00953985914156355,0,0.455135393529784,0.111951873107192,IV,Government,COD,Congo - Kinshasa
555781117,12,0.0738360571496764,9.20612839346369,0.0052422039004674,0,0.766816930261863,0.504809385884961,VI,Government,COD,Congo - Kinshasa
555781118,30,0.210756385437391,9.22627253907604,0.00437270231936382,0,0.566212323993171,0.150573293851985,VI,Government,COD,Congo - Kinshasa
555781120,164,1.04665041447662,9.95868851147026,0.000895620547070029,0,0.250241798235811,0.415944539345364,Not reported,Government,CAF,Central African Republic
555782796,9,0.0397531297119731,7.83967948610151,0.399096933087685,0,7.41675678429158,0.53890297390408,IV,Government,KOR,South Korea
555782800,43,0.162618600654412,6.84188534153327,0.509014664979994,0,7.46373222741202,0.696258011511864,IV,Government,KOR,South Korea
555783071,6,0.0282216096705052,8.09065170945971,0.161355366832185,0,6.90220799442531,0.951493100598817,VI,Government,COL,Colombia
555783076,6,0.0280763076602826,6.58150554615179,0.0888705983047341,0,4.25529144365724,0.78141846639559,VI,Government,COL,Colombia
555783786,25,0.160803447253248,8.62094315457245,0.0635487475685157,0,3.541115275975,0.601837763261011,VI,Government,MEX,Mexico
555783838,17,0.141476127698651,8.30060622140401,0.092836134980986,0,5.59193462637983,0.601587156058181,VI,Private/non-profit,MEX,Mexico
555784001,5,0.0312096260633664,8.68590204025769,0.126280099484829,0,5.14709134305147,0.657374540385127,Not reported,Not reported,GEO,Georgia
555784006,8,0.0306940760157928,7.85841886418756,0.0608982900073285,0,2.59450730918947,0.633084933990665,Not reported,Not reported,AZE;IRN,AZE;IRN
555784008,7,0.0483205357936174,8.13707241625173,0.0684789880068205,0,5.07158784072435,0.683839642404363,Not reported,Not reported,THA,Thailand
555784010,6,0.0437000407665375,7.4640101802065,0.0756411677089961,0,4.92033216763571,0.447985004965003,Not reported,Not reported,BRA,Brazil
555784094,19,0.121910527319958,6.79815134379457,0.0304282936526952,0,2.50025041181007,0.77390109658057,IV,Government,CIV,Côte d’Ivoire
555785282,5,0.0274462514336153,8.61784577799415,0.153715702175624,0,2.4524599201551,0.168343341706068,Not reported,Government,CAN,Canada
555786023,11,0.0471904330572303,7.40154838578842,0.00897375521889434,0,0.499365335787584,0.476745272424024,Not reported,Not reported,PRY,Paraguay
555786026,17,0.0760320844312383,3.89632605675344,0.0510669876661293,0,2.72652832477347,0.924733138750313,Not reported,Not reported,PRY,Paraguay
555786947,6,0.016451660037878,4.60006617377007,0.220542656042324,0,4.29118310562141,0.757435464446304,Not reported,Government,UKR,Ukraine
555787148,5,0.0143645969336725,8.68337465122062,0.304895285460339,0,5.51001577150798,0.903060110853626,Not reported,Government,MKD,North Macedonia
555787158,5,0.010973089886273,7.19139225669515,0.288289352612757,0,5.09535023900272,0.912871953208983,Not reported,Government,MKD,North Macedonia
555787243,8,0.0450253110703322,8.82128329135723,0.0736826442519724,0,3.04690824627491,0.519438099737128,Not reported,Government,AZE,Azerbaijan
555787244,10,0.0406048889808562,8.00203245046209,0.0654637756499745,0,2.67302493914401,0.666873779460014,Not reported,Government,AZE,Azerbaijan
555787245,15,0.0749027860594494,7.34677131238377,0.0944338663221144,0,3.91375914403859,0.687892463596247,Not reported,Government,AZE,Azerbaijan
555787287,5,0.00794225175322419,4.20787721618764,0.0876999441067856,0,2.64159661489777,0.504875981177166,Not reported,Government,UKR,Ukraine
555787417,8,0.0199445657652729,6.19204640878087,0.304313138466753,0,4.25630384786764,0.803730838746525,Not reported,Government,SRB,Serbia
555787424,9,0.0428461078503423,7.72561506465543,0.141190345601376,0,4.68651829534163,0.589787844813737,Not reported,Government,SRB,Serbia
555787456,10,0.048618094767713,5.8494671612747,0.266114849340547,0,5.1047390073629,0.751613306097147,Not reported,Government,SRB,Serbia
555787468,5,0.0201844318210551,8.17156099952355,0.184201647061791,0,5.2796444728603,0.789325641088719,Not reported,Government,SRB,Serbia
555787569,5,0.0212501782526378,8.12946407618443,0.0919440179104231,0,4.61103442816715,0.43519322965224,Not reported,Government,GEO,Georgia
555787606,8,0.0396445126006073,9.56981741254243,0.0434700033402217,0,2.59280855247345,0.437951441834211,Not reported,Government,GEO,Georgia
555787619,15,0.0731403018384019,8.6847394958674,0.0844783609069373,0,3.70566060511198,0.52612439618501,Not reported,Government,GEO,Georgia
555787706,26,0.105004815365803,4.17898011952208,0.891336555109619,0,9.74656547543469,0.564642725538708,Not reported,Government,FRA,France
555789423,10,0.0587994576389083,6.77696961737131,0.140639418890019,0,4.66939270071742,0.478517956861477,Not reported,Government,ROU,Romania
555789441,8,0.0448845372781714,6.85634608099404,0.138497502091644,0,4.82802038195939,0.58605812695244,Not reported,Government,ROU,Romania
555789444,5,0.027683460759054,8.05762769153121,0.147628182137982,0,4.88389744175847,0.563294646982884,Not reported,Government,ROU,Romania
555790231,8,0.0561697009637937,5.68710381465458,0.0182246042926849,0,1.84703426294344,0.724205424931302,Not reported,Government,MDG,Madagascar
555790232,5,0.0104454525123407,6.99799547082231,0.0172391824202785,0,2.69988648903815,0.397221471790823,Not reported,Government,MDG,Madagascar
555790608,7,0.0601253674796868,5.91206915133612,0.0209922106230815,0,2.92339649472586,0.613556808890761,VI,Government,COL,Colombia
555791008,31,0.216258787973293,9.10237783255361,0.0592813861049623,0,4.61487157633618,0.279245150203564,II,Government,JPN,Japan
555791358,6,0.0470245434106694,5.95655453935059,0.207540407840186,0,5.38187980064165,0.779668033075822,V,Government,JPN,Japan
555791366,12,0.128339511536053,9.95453424646533,0.00208723829024966,0,0.630934297219176,0.0462213073646006,Not reported,Government,PER,Peru
555795273,94,1.09018341640822,9.84857353089806,0.001442731388378,0,0.696552855701708,0.155388878463607,VI,Not reported,BRA,Brazil
555799974,5,0.0484321650009639,9.9701065923348,0.00107561007387489,0,0.0867459039454734,0.0717184305198216,VI,Government,PER,Peru
